firm,year,industry,quality,opportunity,risk,network,firm_age,esg,big4,q,growth,cash,leverage,roa,cfo_assets,investment,true_deviation,investment_lag,esg_lag,big4_lag,esg_lead
0,2015,2,-0.9955065554235807,-0.8704369299322933,0.12313802807080561,1,33,55.80318417152617,0,0.5287703093316505,0.06787578083413692,0.21593022384185928,0.40155737748883075,0.01201807344078102,0.04341857972140904,0.07627796299600967,-0.013033100621892283,,,,47.97463959071396
0,2016,2,-0.9955065554235807,-0.8704369299322933,0.12313802807080561,1,34,47.97463959071396,0,0.7899169122687199,-0.03349406528550827,0.3788079509281383,0.5752864303949302,0.017306463436242703,0.032556829284780174,0.12068267901473413,0.02114896805006501,0.07627796299600967,55.80318417152617,0.0,44.116430400146996
0,2017,2,-0.9955065554235807,-0.8704369299322933,0.12313802807080561,1,35,44.116430400146996,0,1.3400181706378138,0.06907132716809256,0.30741656152132446,0.4931100926183478,0.017183893037731872,0.045207520812757855,0.12808447110039617,-0.02209303194695982,0.12068267901473413,47.97463959071396,0.0,46.03704174055943
0,2018,2,-0.9955065554235807,-0.8704369299322933,0.12313802807080561,1,36,46.03704174055943,0,1.267716453979599,-0.11006505740746236,0.19805792341574951,0.4603805312088088,0.0011120292856154571,0.002367732249265033,0.10901651880604822,-0.010832126357137522,0.12808447110039617,44.116430400146996,0.0,47.664176273657496
0,2019,2,-0.9955065554235807,-0.8704369299322933,0.12313802807080561,1,37,47.664176273657496,0,0.9622391643709369,-0.15579777204309503,0.34186621679767487,0.3361229798798702,6.009756525917655e-05,0.04792528481700693,0.13119438797181973,0.018078321726346047,0.10901651880604822,46.03704174055943,0.0,50.57198338494222
0,2020,2,-0.9955065554235807,-0.8704369299322933,0.12313802807080561,1,38,50.57198338494222,0,0.7295422570747774,-0.010892653166519342,0.1754054367143985,0.35907048480552883,-0.012468408751475282,0.038236077651723155,0.05528497854767988,-0.04571871348401602,0.13119438797181973,47.664176273657496,0.0,54.8621660325508
0,2021,2,-0.9955065554235807,-0.8704369299322933,0.12313802807080561,1,39,54.8621660325508,0,0.38459584921978507,-0.06634854745488618,0.3205268291034704,0.7049143885330238,0.046917863718014596,0.06528775685514597,0.033235065275608794,-0.04288230148807509,0.05528497854767988,50.57198338494222,0.0,57.79637245690122
0,2022,2,-0.9955065554235807,-0.8704369299322933,0.12313802807080561,1,40,57.79637245690122,0,1.1519729225861775,0.03800064254486145,0.22457776066185964,0.7199128865622837,-0.009148673532487828,0.034371372454207925,0.15204940459083383,0.0249001591782427,0.033235065275608794,54.8621660325508,0.0,58.15282061414858
0,2023,2,-0.9955065554235807,-0.8704369299322933,0.12313802807080561,1,41,58.15282061414858,0,1.894024381255869,0.03813893954931773,0.18326604069257982,0.4164703328516624,0.001381416713421471,0.023863753358895397,0.1701276797348286,-0.015733345311952564,0.15204940459083383,57.79637245690122,0.0,56.13411375331225
0,2024,2,-0.9955065554235807,-0.8704369299322933,0.12313802807080561,1,42,56.13411375331225,0,0.8640192903406441,-0.03147210153639094,0.2567762707884882,0.6945386330012184,0.025590903230247625,0.05477215669102384,0.0900751876877877,-0.024773953960593714,0.1701276797348286,58.15282061414858,0.0,
1,2015,5,-1.313540713542717,-0.2899043461249258,2.519333113582702,0,19,58.38507195293474,0,0.6663605585070886,-0.11890568411001261,0.16812461303458662,0.5854941740554777,-0.006105954674678369,0.013574803734693493,0.10267954660957099,0.013311668194591739,,,,59.5847948209513
1,2016,5,-1.313540713542717,-0.2899043461249258,2.519333113582702,0,20,59.5847948209513,0,1.2060050659132102,-0.1344401783848405,0.13817093151925045,0.4807543587861637,-0.060252096622843844,0.052109058813440794,0.1253664787748225,-0.010705028709230941,0.10267954660957099,58.38507195293474,0.0,56.82017056470386
1,2017,5,-1.313540713542717,-0.2899043461249258,2.519333113582702,0,21,56.82017056470386,0,1.0255349995734557,0.14681307838358706,0.1964648151492239,0.5946601585154577,-0.007029039233033611,0.00902838313549342,0.12256992461575011,-0.013838141233930262,0.1253664787748225,59.5847948209513,0.0,55.6154070602288
1,2018,5,-1.313540713542717,-0.2899043461249258,2.519333113582702,0,22,55.6154070602288,0,0.3629595820531417,0.05274730737067301,0.09514640013092325,0.6759785146280086,-0.011761091097393735,0.02399534956453393,0.04735563762523441,-0.034951864119500756,0.12256992461575011,56.82017056470386,0.0,56.597660079823434
1,2019,5,-1.313540713542717,-0.2899043461249258,2.519333113582702,0,23,56.597660079823434,0,1.2620131522780011,-0.054564046829914156,0.09111151611231816,0.5840089674081834,-0.00038626346710014456,0.03618862149563575,0.1197208046551067,-0.020158278849115606,0.04735563762523441,55.6154070602288,0.0,61.6846714214195
1,2020,5,-1.313540713542717,-0.2899043461249258,2.519333113582702,0,24,61.6846714214195,0,1.344973859035971,0.012175954051069873,0.21662951268595868,0.7027697568142044,-0.011004663366999366,0.0323608312499071,0.1979798902508886,0.04238023244723758,0.1197208046551067,56.597660079823434,0.0,63.48392777058993
1,2021,5,-1.313540713542717,-0.2899043461249258,2.519333113582702,0,25,63.48392777058993,0,1.0502035922324555,0.11486273098866688,0.1830663612710366,0.6130094724283638,-0.02089473899996893,0.035030781476993025,0.16542775670122567,0.017966377935995967,0.1979798902508886,61.6846714214195,0.0,66.92293943191098
1,2022,5,-1.313540713542717,-0.2899043461249258,2.519333113582702,0,26,66.92293943191098,0,1.7184582209153794,-0.05951515033061233,0.12048601369201271,0.5936750868422292,-0.004884293964360638,0.02363868147328607,0.20955428327953918,0.03299522250525695,0.16542775670122567,63.48392777058993,0.0,62.78958455534699
1,2023,5,-1.313540713542717,-0.2899043461249258,2.519333113582702,0,27,62.78958455534699,0,1.1109719121326533,0.10147943427221386,0.09362604588763923,0.7980169194865189,-0.03475771191655211,0.028568890435065684,0.13433546885691167,-0.010834268778491706,0.20955428327953918,66.92293943191098,0.0,65.33474523006308
1,2024,5,-1.313540713542717,-0.2899043461249258,2.519333113582702,0,28,65.33474523006308,0,1.4701050627846626,0.06554684874621758,0.15040920573153818,0.7372813274757715,-0.018079867476420673,0.05258626587507467,0.2089715459028052,0.0343854425390709,0.13433546885691167,62.78958455534699,0.0,
2,2015,9,0.6112070031967939,0.839078685196139,-2.1479681473653587,1,26,62.55104050731879,0,1.784413311761913,0.10847678783835518,0.3022176513446342,0.1746339978978005,0.07849503126921296,0.09207247169647333,0.19499053805247502,-0.038144237911651266,,,,71.69600208968015
2,2016,9,0.6112070031967939,0.839078685196139,-2.1479681473653587,1,27,71.69600208968015,0,1.4569719817925268,0.13681097315987736,0.27028813804731255,0.23250757057090468,0.0758617926722466,0.03383999157775089,0.20250341110912387,0.0020925232127320817,0.19499053805247502,62.55104050731879,0.0,69.17796918435921
2,2017,9,0.6112070031967939,0.839078685196139,-2.1479681473653587,1,28,69.17796918435921,1,1.7801422507798181,0.09182797442827803,0.49220966090149176,0.2582842644154252,0.061661968985223234,0.07815534082843886,0.22821741609095242,-0.010200419425015659,0.20250341110912387,71.69600208968015,0.0,73.6605606025763
2,2018,9,0.6112070031967939,0.839078685196139,-2.1479681473653587,1,29,73.6605606025763,0,1.179707330495901,0.1925601949492985,0.6901602751200216,0.3396264674672552,0.09394230982167429,0.04413142042454896,0.24901534425646035,0.04553443629710501,0.22821741609095242,69.17796918435921,1.0,73.30946385551562
2,2019,9,0.6112070031967939,0.839078685196139,-2.1479681473653587,1,30,73.30946385551562,0,2.1808287903009056,0.17331238709799598,0.6729016131686183,0.2048523771495872,0.08492168282305212,0.07326882425095987,0.3141626375166693,0.031795402136525173,0.24901534425646035,73.6605606025763,0.0,82.63359071682143
2,2020,9,0.6112070031967939,0.839078685196139,-2.1479681473653587,1,31,82.63359071682143,0,2.0612360076939504,0.21627436189775104,0.4597431465871068,0.3193082021479215,0.09673575726897907,0.09569130637948366,0.30341192310194764,0.02727745942096388,0.3141626375166693,73.30946385551562,0.0,86.64613561318778
2,2021,9,0.6112070031967939,0.839078685196139,-2.1479681473653587,1,32,86.64613561318778,0,2.258433931555968,0.11879377498853125,0.552812942057433,0.1197883441156288,0.07309529869072874,0.05667288741840627,0.287181758298481,0.006056195044867795,0.30341192310194764,82.63359071682143,0.0,86.43309495505328
2,2022,9,0.6112070031967939,0.839078685196139,-2.1479681473653587,1,33,86.43309495505328,0,2.3725089531425914,0.12709371694324917,0.5666433367790531,0.34682089515538156,0.08105038831223964,0.09376704429263436,0.27367572018021036,-0.02141866844056257,0.287181758298481,86.64613561318778,0.0,90.53171999672011
2,2023,9,0.6112070031967939,0.839078685196139,-2.1479681473653587,1,34,90.53171999672011,1,1.960326763122156,0.15735788179732074,0.43279981269005857,0.21347855579057431,0.11034435768886885,0.06556807901136463,0.25531513743530726,-0.004953475664710786,0.27367572018021036,86.43309495505328,0.0,97.09559258398049
2,2024,9,0.6112070031967939,0.839078685196139,-2.1479681473653587,1,35,97.09559258398049,0,2.0201008736010926,0.2526346246724637,0.3611807656061734,0.4720518624579114,0.05943202113316245,0.06658390720244745,0.21366858566443275,-0.051360004804675966,0.25531513743530726,90.53171999672011,1.0,
3,2015,0,0.33052731867849033,-0.08964599521549813,-0.9107365311678239,1,35,50.79042083895368,0,1.4315268537958117,-0.0476820273440064,0.19303673463736726,0.17862054260347027,0.06062073208000402,0.06415676032623199,0.0813508182150584,-0.06074578901187249,,,,51.180998529259504
3,2016,0,0.33052731867849033,-0.08964599521549813,-0.9107365311678239,1,36,51.180998529259504,0,1.5183240576178363,0.031995530742241346,0.48128023087796185,0.44791295603832737,0.038992337614182186,0.040466570801749785,0.15229702674996362,-0.0012909955744670725,0.0813508182150584,50.79042083895368,0.0,47.847757749178434
3,2017,0,0.33052731867849033,-0.08964599521549813,-0.9107365311678239,1,37,47.847757749178434,1,1.379665650299053,0.048074455690805325,0.2130731101069583,0.29386925535744485,0.025583493093246513,0.03823517214117941,0.11870639188000423,-0.02273689429531526,0.15229702674996362,51.180998529259504,0.0,49.706771707406894
3,2018,0,0.33052731867849033,-0.08964599521549813,-0.9107365311678239,1,38,49.706771707406894,0,2.1042466098803745,0.03738290728144075,0.2594948696971823,0.3041836824234979,0.0901859848728976,0.01652412659630227,0.2207216877093917,0.03308971129138352,0.11870639188000423,47.847757749178434,1.0,48.16045966158047
3,2019,0,0.33052731867849033,-0.08964599521549813,-0.9107365311678239,1,39,48.16045966158047,1,1.564210201910009,-0.045359824019737656,0.2597782374782223,0.37731929372418144,0.037246519676060005,0.009028933950167115,0.1786360696238068,0.033472228696971036,0.2207216877093917,49.706771707406894,0.0,51.73791193569008
3,2020,0,0.33052731867849033,-0.08964599521549813,-0.9107365311678239,1,40,51.73791193569008,0,1.5136172183792256,0.024046596778542907,0.21846478027527882,0.2791720720398587,0.07757579332920805,0.038975682530612434,0.11484098968687179,-0.038722258481401935,0.1786360696238068,48.16045966158047,1.0,51.0031783065201
3,2021,0,0.33052731867849033,-0.08964599521549813,-0.9107365311678239,1,41,51.0031783065201,0,1.6757217410332887,0.057669714185742516,0.3512650028497921,0.450495620856366,0.03853745063633106,0.044860104638001566,0.12840542869305288,-0.04071164306486287,0.11484098968687179,51.73791193569008,0.0,56.94308194934662
3,2022,0,0.33052731867849033,-0.08964599521549813,-0.9107365311678239,1,42,56.94308194934662,0,1.5525686963157665,0.06089296905339242,0.3267996392294728,0.3109979948695309,0.08696998841723887,0.048767959364262994,0.2026440775340808,0.03787774329800953,0.12840542869305288,51.0031783065201,0.0,50.65301128544238
3,2023,0,0.33052731867849033,-0.08964599521549813,-0.9107365311678239,1,43,50.65301128544238,0,1.6121917339382486,-0.11930891858372178,0.40918439604039203,0.428090145304627,0.04141246047201844,0.0683137882129381,0.15719813580243408,-0.007096370619609052,0.2026440775340808,56.94308194934662,0.0,48.351582344068206
3,2024,0,0.33052731867849033,-0.08964599521549813,-0.9107365311678239,1,44,48.351582344068206,0,2.067462076391423,-0.09368372901386363,0.19444223037135536,0.197357327734808,0.024818861188894342,0.0482735405960998,0.1976439301369081,0.008121260520043404,0.15719813580243408,50.65301128544238,0.0,
4,2015,6,2.2308179893043154,2.1515121203073297,0.3247606857313804,0,29,69.52316794802036,0,2.8874621075232794,0.3694071759262465,0.2818089623908124,0.5053149989135728,0.08426104232098142,0.08123214541634916,0.37484021250839794,0.055099319405971244,,,,77.21215490170663
4,2016,6,2.2308179893043154,2.1515121203073297,0.3247606857313804,0,30,77.21215490170663,0,2.4785955275466685,0.26037997438964977,0.20605576076758678,0.4067927337856173,0.12732816233915564,0.10457249486305353,0.32724722392318206,0.029894305008336616,0.37484021250839794,69.52316794802036,0.0,83.27438067375273
4,2017,6,2.2308179893043154,2.1515121203073297,0.3247606857313804,0,31,83.27438067375273,1,2.6678951745177395,0.44178977034864697,0.21164257892514549,0.3646560282293328,0.1110827420816915,0.08867226351866216,0.33974762514401935,0.018906804718439026,0.32724722392318206,77.21215490170663,0.0,81.73939406207994
4,2018,6,2.2308179893043154,2.1515121203073297,0.3247606857313804,0,32,81.73939406207994,1,2.8539530450858464,0.1807754712098053,0.2604590326562716,0.40504797751397853,0.0978839099681976,0.09622186924534337,0.2779379355889871,-0.040506307494279366,0.33974762514401935,83.27438067375273,1.0,82.10710520491075
4,2019,6,2.2308179893043154,2.1515121203073297,0.3247606857313804,0,33,82.10710520491075,0,2.5548165265923077,0.5283417591281896,0.5701514670065545,0.42481164697887713,0.10048442377562823,0.09642855325486213,0.37465988713627246,0.04172004141402004,0.2779379355889871,81.73939406207994,1.0,83.54883658163148
4,2020,6,2.2308179893043154,2.1515121203073297,0.3247606857313804,0,34,83.54883658163148,0,3.441315267806221,0.3157086035631829,0.4706387220007562,0.405256355852889,0.0773178580457499,0.09072401600528972,0.36629657516770886,-0.012692969673960207,0.37465988713627246,82.10710520491075,0.0,86.74641529972368
4,2021,6,2.2308179893043154,2.1515121203073297,0.3247606857313804,0,35,86.74641529972368,0,2.9803095379046765,0.3388499533544159,0.45149440339978647,0.4611196128720332,0.11611221211443697,0.05599882815335336,0.32745692947077865,-0.012042716609901215,0.36629657516770886,83.54883658163148,0.0,90.1864563405339
4,2022,6,2.2308179893043154,2.1515121203073297,0.3247606857313804,0,36,90.1864563405339,0,2.8972530224798057,0.28875317212154056,0.3855687448026618,0.4732086302502845,0.0978601351765887,0.087576004127437,0.3338036888544656,-0.0005031050649464222,0.32745692947077865,86.74641529972368,0.0,92.5576957315714
4,2023,6,2.2308179893043154,2.1515121203073297,0.3247606857313804,0,37,92.5576957315714,0,2.8260392800069774,0.23688457628018808,0.23418624143854036,0.42984382001169075,0.07680659164291952,0.07463423084459359,0.3109768837556921,-0.008182511192446028,0.3338036888544656,90.1864563405339,0.0,100.0
4,2024,6,2.2308179893043154,2.1515121203073297,0.3247606857313804,0,38,100.0,0,3.188019722103684,0.39462047467194666,0.4900016738721955,0.34838240149843547,0.10334124650287019,0.11465348691107953,0.3913014219882446,0.015147867328703931,0.3109768837556921,92.5576957315714,0.0,
5,2015,3,0.1349451430778206,-1.8223300667232756,-0.4680059972077833,1,15,59.52749064806359,0,0.5254417517491003,-0.14707909144146855,0.1701825509663482,0.3033409526267442,0.024817002560002074,0.04063694517758457,0.10392245077554244,0.033342317792079905,,,,59.96660024431373
5,2016,3,0.1349451430778206,-1.8223300667232756,-0.4680059972077833,1,16,59.96660024431373,0,0.29122030989508474,-0.05441324674583274,0.36295568684321783,0.3786350659542001,0.0675670545159103,0.057180553859088525,0.14253700054127483,0.07176834864573456,0.10392245077554244,59.52749064806359,0.0,57.9840827805143
5,2017,3,0.1349451430778206,-1.8223300667232756,-0.4680059972077833,1,17,57.9840827805143,0,0.6666419093983472,-0.008417442731671318,0.3127311884244665,0.47928931388939694,0.04994593749671561,0.0059616001733873575,0.0935292491342928,0.006029883985862517,0.14253700054127483,59.96660024431373,0.0,55.83974037209706
5,2018,3,0.1349451430778206,-1.8223300667232756,-0.4680059972077833,1,18,55.83974037209706,0,0.417972228543264,-0.23147629321481855,0.42945807303788786,0.49604479846523736,0.0173344847227088,0.004482477720497558,0.058984066450516966,0.0028926199724829643,0.0935292491342928,57.9840827805143,0.0,54.70832155095319
5,2019,3,0.1349451430778206,-1.8223300667232756,-0.4680059972077833,1,19,54.70832155095319,0,0.621493395214001,-0.0644303088011644,0.3417418946522671,0.2573856410083577,0.026622131150071685,0.017420310055075744,0.09012706616661051,0.0032682705568529216,0.058984066450516966,55.83974037209706,0.0,65.07361310493255
5,2020,3,0.1349451430778206,-1.8223300667232756,-0.4680059972077833,1,20,65.07361310493255,0,0.9898769584007128,-0.10530331070819643,0.4963325742342636,0.37806528964200986,0.030315180627223427,0.027166650805062725,0.09709854671656326,-0.020051726645761145,0.09012706616661051,54.70832155095319,0.0,67.28257863365005
5,2021,3,0.1349451430778206,-1.8223300667232756,-0.4680059972077833,1,21,67.28257863365005,0,0.6248213860987526,-0.015060770821983677,0.1693974524491894,0.3462279992012169,0.0024971674956561843,-0.006433980843854194,0.06158085018831203,-0.019429922109795265,0.09709854671656326,65.07361310493255,0.0,67.54035401057872
5,2022,3,0.1349451430778206,-1.8223300667232756,-0.4680059972077833,1,22,67.54035401057872,0,0.2455268125694149,-0.20461581102840998,0.31593348619222394,0.4716305332705791,0.03744798023730245,0.025718740663155798,0.051087377753142586,0.0008203314816897106,0.06158085018831203,67.28257863365005,0.0,70.82710748199709
5,2023,3,0.1349451430778206,-1.8223300667232756,-0.4680059972077833,1,23,70.82710748199709,0,1.4225968324639504,-0.1523475369541609,0.18183138602283636,0.3722679171403686,0.049998360327168916,-0.0026669735445864658,0.12573091397344352,-0.0020501220275991106,0.051087377753142586,67.54035401057872,0.0,73.36568732832018
5,2024,3,0.1349451430778206,-1.8223300667232756,-0.4680059972077833,1,24,73.36568732832018,0,0.8642301087517017,-0.10850586953872103,0.19739667058064117,0.41436597638271483,0.047277471752467506,0.033856256494641745,0.08247268811519604,-0.02131068885204112,0.12573091397344352,70.82710748199709,0.0,
6,2015,4,-1.3177596698000396,0.12824367631835518,-1.3739132591981118,0,35,54.55700472180961,0,0.6832624754845313,0.1233016115143369,0.2901395934899506,0.5720822458896649,0.02195345994001966,0.028463474450509715,0.1263496290512123,0.016694786769866212,,,,55.51419999143065
6,2016,4,-1.3177596698000396,0.12824367631835518,-1.3739132591981118,0,36,55.51419999143065,0,1.3240337321386146,0.0286024692114656,0.3656626446012519,0.43967802388456556,-0.021170887387211366,0.037337881825725505,0.15366640004425833,-0.002029928028237635,0.1263496290512123,54.55700472180961,0.0,54.04882459842345
6,2017,4,-1.3177596698000396,0.12824367631835518,-1.3739132591981118,0,37,54.04882459842345,0,1.9931101909299191,-0.06588559458475457,0.3453476181291793,0.36409248999012733,0.02337363862464011,0.05315315618374181,0.21169372522557464,0.010005536051726126,0.15366640004425833,55.51419999143065,0.0,48.725683844865195
6,2018,4,-1.3177596698000396,0.12824367631835518,-1.3739132591981118,0,38,48.725683844865195,0,1.0232016898466658,0.039785198622396566,0.19281883634115135,0.3054887370747181,0.009657813284652803,0.035704927890068586,0.20251327964484636,0.06605915199259163,0.21169372522557464,54.04882459842345,0.0,43.33156507261222
6,2019,4,-1.3177596698000396,0.12824367631835518,-1.3739132591981118,0,39,43.33156507261222,0,1.6985969363832423,0.13115164128594473,0.27525939039240405,0.29112078882812464,0.007533904247636034,0.03456074937615029,0.13334766132991266,-0.06079618258637437,0.20251327964484636,48.725683844865195,0.0,48.76182735340362
6,2020,4,-1.3177596698000396,0.12824367631835518,-1.3739132591981118,0,40,48.76182735340362,0,1.1595890706360652,0.13998588125609757,0.3197179052553667,0.4701741547577684,-0.001772724770735666,0.02617278457231913,0.22159005446600816,0.06953113426669583,0.13334766132991266,43.33156507261222,0.0,47.66363695346044
6,2021,4,-1.3177596698000396,0.12824367631835518,-1.3739132591981118,0,41,47.66363695346044,0,1.9415754053270555,0.03253807980887864,0.23226298936331913,0.3365394302980144,0.01583876694361851,0.03384474262586189,0.24687898341507375,0.04294206779980141,0.22159005446600816,48.76182735340362,0.0,46.43242079719729
6,2022,4,-1.3177596698000396,0.12824367631835518,-1.3739132591981118,0,42,46.43242079719729,0,1.3655641779991066,0.05565338910474024,0.21249161242622772,0.27659327488340024,0.011522759906135974,0.04312213056951439,0.10406935148056876,-0.06568637076385897,0.24687898341507375,47.66363695346044,0.0,51.738032033771866
6,2023,4,-1.3177596698000396,0.12824367631835518,-1.3739132591981118,0,43,51.738032033771866,0,1.196528621791252,0.07142624255497111,0.300044697558677,0.5129228381122721,0.03132670157226411,0.03369445007982272,0.12704220355931387,-0.024707715970510656,0.10406935148056876,46.43242079719729,0.0,59.18139317628566
6,2024,4,-1.3177596698000396,0.12824367631835518,-1.3739132591981118,0,44,59.18139317628566,0,1.6876464646460163,0.10595749106738171,0.3219944116749985,0.38851457399338246,0.023343942520874034,0.06051700805637951,0.1356266711436097,-0.06407216793005452,0.12704220355931387,51.738032033771866,0.0,
7,2015,4,-0.5920498514852153,-1.6917475280368097,0.9382218933640902,0,27,50.48005865564562,0,0.0367997344573982,-0.10790432626812421,0.23005971295732702,0.6741311770419333,0.028949203958012516,0.019569267897454917,0.04518016707796283,0.009823478232951594,,,,51.24422652381928
7,2016,4,-0.5920498514852153,-1.6917475280368097,0.9382218933640902,0,28,51.24422652381928,0,0.5021879054619747,-0.09492572622943102,0.12767800616014383,0.41938327429681216,0.035008239418151677,0.026471079407856982,0.060146742648136645,-0.009731338176728891,0.04518016707796283,50.48005865564562,0.0,52.457512826479245
7,2017,4,-0.5920498514852153,-1.6917475280368097,0.9382218933640902,0,29,52.457512826479245,0,0.2861522802240113,0.018096774870276208,0.31067882549945675,0.725693714320487,0.015860936451119474,0.021823587162749028,0.10335514008180119,0.03877651775608399,0.060146742648136645,51.24422652381928,0.0,51.813719977420554
7,2018,4,-0.5920498514852153,-1.6917475280368097,0.9382218933640902,0,30,51.813719977420554,0,0.7395567608695697,-0.09865679667997378,0.312295290314523,0.6009216467926488,-0.011998515337142298,0.018580050454378386,0.021214962298462828,-0.07041420975745612,0.10335514008180119,52.457512826479245,0.0,54.42200111251613
7,2019,4,-0.5920498514852153,-1.6917475280368097,0.9382218933640902,0,31,54.42200111251613,0,0.38581779718341214,0.027173755317365142,0.17967588501781567,0.5821976671056439,0.03846823975857039,0.007078664712330488,0.06508666347640724,-0.0023932000271745853,0.021214962298462828,51.813719977420554,0.0,54.32872301312504
7,2020,4,-0.5920498514852153,-1.6917475280368097,0.9382218933640902,0,32,54.32872301312504,0,0.33368350272831715,-0.17251841739508278,0.27852647610467995,0.6163475132460616,0.016236522754629775,0.01294555336519904,0.09263072990979385,0.03704721258260173,0.06508666347640724,54.42200111251613,0.0,57.387944370252235
7,2021,4,-0.5920498514852153,-1.6917475280368097,0.9382218933640902,0,33,57.387944370252235,0,0.9965520285913779,-0.13797262402757057,0.2010242289149034,0.5030910197190203,0.01895768964487362,0.006400327897998935,0.16282361813992788,0.058463690800200994,0.09263072990979385,54.32872301312504,0.0,58.459597215622495
7,2022,4,-0.5920498514852153,-1.6917475280368097,0.9382218933640902,0,34,58.459597215622495,0,0.29832532103539633,-0.020287428437900115,0.27159805719310787,0.533054287045958,0.0255852661746572,0.019581068442576805,-0.008802779811059078,-0.08153229388225239,0.16282361813992788,57.387944370252235,0.0,63.768264453164875
7,2023,4,-0.5920498514852153,-1.6917475280368097,0.9382218933640902,0,35,63.768264453164875,0,1.1491123626779909,-0.2016051556185089,0.35850017399328754,0.5988681210097188,0.010155099279722893,-0.00687792372669559,0.12453422870990927,0.0150840183128386,-0.008802779811059078,58.459597215622495,0.0,69.6814643790597
7,2024,4,-0.5920498514852153,-1.6917475280368097,0.9382218933640902,0,36,69.6814643790597,0,1.166931266349069,-0.17230128880682957,0.2885063493306462,0.3136727652513777,0.029542469227811848,0.039320943402803954,0.054608721005501584,-0.07726286993789695,0.12453422870990927,63.768264453164875,0.0,
8,2015,9,-1.4846973804914654,-0.9641762986348529,0.15152614792887062,1,6,54.64395423921198,0,0.5609177141735943,-0.11831901911808927,0.4179981593841965,0.3842874122229563,0.0030648332607168902,0.044868233757704004,0.09016559728802348,-0.01867295177352231,,,,53.85518175556787
8,2016,9,-1.4846973804914654,-0.9641762986348529,0.15152614792887062,1,7,53.85518175556787,0,0.580938214491724,-0.019591659911660543,0.15184083804951654,0.6545008922870541,0.012431029979813655,0.02819209343845263,0.11803730228845262,0.01845183152037015,0.09016559728802348,54.64395423921198,0.0,58.07282541248117
8,2017,9,-1.4846973804914654,-0.9641762986348529,0.15152614792887062,1,8,58.07282541248117,0,0.2519858688790196,-0.03618294878646307,0.13533099320334924,0.5203962204269968,0.019093301278243678,0.032123614480348076,0.07916883946394739,-0.000861419484151728,0.11803730228845262,53.85518175556787,0.0,61.31320523916271
8,2018,9,-1.4846973804914654,-0.9641762986348529,0.15152614792887062,1,9,61.31320523916271,0,0.7778276890615724,0.10988079457191173,0.23458288988557263,0.5652330756358193,-0.00820809701601717,0.014873468542821639,0.15913295894344143,0.03300016860505524,0.07916883946394739,58.07282541248117,0.0,60.54719534373962
8,2019,9,-1.4846973804914654,-0.9641762986348529,0.15152614792887062,1,10,60.54719534373962,0,1.016955585607097,-0.149666208168363,0.48654385208810413,0.532604530402634,-0.02962938876086106,0.012130181125547985,0.12295935782714774,-0.013020095630999854,0.15913295894344143,61.31320523916271,0.0,60.654657575477
8,2020,9,-1.4846973804914654,-0.9641762986348529,0.15152614792887062,1,11,60.654657575477,0,0.7391227546828154,-0.04830339661370506,0.11007757796733876,0.5146060644529126,0.0015284722570294523,0.03796928917079785,0.0895883084637493,-0.027369629300503316,0.12295935782714774,60.54719534373962,0.0,69.73948960745753
8,2021,9,-1.4846973804914654,-0.9641762986348529,0.15152614792887062,1,12,69.73948960745753,0,0.9003205886820781,-0.03429376633696351,0.3494366335541872,0.5645208219176281,-0.04076729453215977,0.04390578551589988,0.11922165418617939,-0.01874736297160654,0.0895883084637493,60.654657575477,0.0,73.83526046670919
8,2022,9,-1.4846973804914654,-0.9641762986348529,0.15152614792887062,1,13,73.83526046670919,0,0.7908254810414459,0.011535684515113415,0.5034043658677659,0.5942539247568752,0.022295540587683238,0.022482306317734145,0.12069248105338279,-0.015012529048040403,0.11922165418617939,69.73948960745753,0.0,77.84497389373925
8,2023,9,-1.4846973804914654,-0.9641762986348529,0.15152614792887062,1,14,77.84497389373925,0,0.8866457635413412,-0.0788406029952024,0.15499489107579972,0.5026904939309229,-0.029148086798210803,0.03724544212611612,0.12364724028285426,-0.0058877783437162115,0.12069248105338279,73.83526046670919,0.0,82.50287926573432
8,2024,9,-1.4846973804914654,-0.9641762986348529,0.15152614792887062,1,15,82.50287926573432,0,0.7646039521626289,-0.12249877297430628,0.12373408582238887,0.41471254191175716,0.001615905007405228,0.01204705457549192,0.13317991059674805,0.019664919126256675,0.12364724028285426,77.84497389373925,0.0,
9,2015,7,0.26929870248315946,-0.014189318816328574,-0.678604954238973,1,32,63.39525088878841,0,1.4250434358341626,0.16427219186673336,0.21295436144897575,0.27353192411237376,0.07042517932011406,0.04672881329421865,0.16619280608242673,-0.01882866371504354,,,,63.80990717828966
9,2016,7,0.26929870248315946,-0.014189318816328574,-0.678604954238973,1,33,63.80990717828966,0,1.4315892746222811,0.00791806524744501,0.2117388430521188,0.3107147971961981,0.05439882614276949,0.054968587694172455,0.1468935578947204,-0.03065962258694704,0.16619280608242673,63.39525088878841,0.0,58.18778611659206
9,2017,7,0.26929870248315946,-0.014189318816328574,-0.678604954238973,1,34,58.18778611659206,0,1.2588070884400882,0.1391145358282005,0.33659141517509644,0.4502690289382596,0.07490491295084514,0.06784525037240562,0.16951845732435847,-0.010923728000483125,0.1468935578947204,63.80990717828966,0.0,58.44702215804892
9,2018,7,0.26929870248315946,-0.014189318816328574,-0.678604954238973,1,35,58.44702215804892,0,1.2957613872541054,-0.07217481127404808,0.3213597139624887,0.3022245517331595,0.05718772335160749,0.052038421260103246,0.16585660941384298,-0.0016136676267695155,0.16951845732435847,58.18778611659206,0.0,63.61491770129459
9,2019,7,0.26929870248315946,-0.014189318816328574,-0.678604954238973,1,36,63.61491770129459,0,1.684733690375151,0.09630588867942076,0.27602851507734877,0.2644441712943191,0.037391436209251304,0.06122087143009183,0.2404043496531559,0.030992705148411504,0.16585660941384298,58.44702215804892,0.0,65.26995486954458
9,2020,7,0.26929870248315946,-0.014189318816328574,-0.678604954238973,1,37,65.26995486954458,0,1.4393902373132352,0.047914179939187264,0.334742919518482,0.609227374651077,0.03814176307870757,-0.002188769683217899,0.2333757838009499,0.05989369921872437,0.2404043496531559,63.61491770129459,0.0,72.45992233790311
9,2021,7,0.26929870248315946,-0.014189318816328574,-0.678604954238973,1,38,72.45992233790311,0,1.5501269758208098,0.09510565533519948,0.46762864307922897,0.35096690495917554,0.08024601181539862,0.05365720923120879,0.21341968810853001,0.005748407051502059,0.2333757838009499,65.26995486954458,0.0,79.81568773341839
9,2022,7,0.26929870248315946,-0.014189318816328574,-0.678604954238973,1,39,79.81568773341839,1,1.513730105149851,0.07843322965234081,0.22561617813463367,0.4677986618848573,0.06900502975891674,0.032900674705010964,0.18216768667019378,-0.006659507325669373,0.21341968810853001,72.45992233790311,0.0,91.75104271037326
9,2023,7,0.26929870248315946,-0.014189318816328574,-0.678604954238973,1,40,91.75104271037326,0,1.7822999068635694,0.04119221162849335,0.4664157137613878,0.4461398795669739,0.044875120982674904,0.030770566921009775,0.18325437158514488,-0.029813729166886245,0.18216768667019378,79.81568773341839,1.0,100.0
9,2024,7,0.26929870248315946,-0.014189318816328574,-0.678604954238973,1,41,100.0,0,2.0792441436962625,0.04628289668845818,0.21272407759767858,0.5209244560282906,0.06945626573092288,0.0560015640679876,0.29215335414385624,0.06130152176024455,0.18325437158514488,91.75104271037326,0.0,
10,2015,4,0.08344176728953123,1.153584177423454,0.08423032907858366,1,22,64.3800750935014,0,1.9245119621019875,0.15360701667553867,0.2474800257702889,0.6400889969264796,0.06674270120936969,0.05665464817283432,0.19748142458414789,-0.011595341298399831,,,,65.12085405353103
10,2016,4,0.08344176728953123,1.153584177423454,0.08423032907858366,1,23,65.12085405353103,0,1.5186310207093343,0.192621708473663,0.3881507088532294,0.3692783846646569,0.04777723071866828,0.06311985296231996,0.22041543465057026,0.021827320890006368,0.19748142458414789,64.3800750935014,0.0,65.04747932829547
10,2017,4,0.08344176728953123,1.153584177423454,0.08423032907858366,1,24,65.04747932829547,0,2.522650473178054,0.05600701452761986,0.24657741259951774,0.3126163492445617,0.03574382270005424,0.061855564846605246,0.26876019655753325,0.012560067815719979,0.22041543465057026,65.12085405353103,0.0,67.4929921271495
10,2018,4,0.08344176728953123,1.153584177423454,0.08423032907858366,1,25,67.4929921271495,0,1.9710640122239298,0.30274568981707217,0.36303144461948456,0.3560390162347423,0.06365047238197422,0.062322375337410016,0.208481549577566,-0.03370664373867186,0.26876019655753325,65.04747932829547,0.0,67.72330916138331
10,2019,4,0.08344176728953123,1.153584177423454,0.08423032907858366,1,26,67.72330916138331,0,2.2437255826044327,0.07231253359856275,0.3047898265722544,0.49493146269190713,0.04478415803838166,0.07038816506691357,0.15973645074692017,-0.0804624241051697,0.208481549577566,67.4929921271495,0.0,70.57459201088595
10,2020,4,0.08344176728953123,1.153584177423454,0.08423032907858366,1,27,70.57459201088595,0,2.547580103170123,0.1544991711787546,0.21826278540086527,0.586733241061241,0.07003496772409508,0.08306044649731507,0.2869912917904141,0.021830934861938423,0.15973645074692017,67.72330916138331,0.0,76.6533424068604
10,2021,4,0.08344176728953123,1.153584177423454,0.08423032907858366,1,28,76.6533424068604,0,1.4688808543547782,0.15569215072666515,0.3829449430608042,0.36044619001162886,0.03415972522792192,0.07919497854963678,0.17681883090279588,-0.027323956320246104,0.2869912917904141,70.57459201088595,0.0,83.56551481005195
10,2022,4,0.08344176728953123,1.153584177423454,0.08423032907858366,1,29,83.56551481005195,1,2.13769097393788,0.26117886874715585,0.3777152412899921,0.6243901328970082,0.04520237678073736,0.08403328487554176,0.27319573356460597,0.021001990329233812,0.17681883090279588,76.6533424068604,0.0,87.15854380882942
10,2023,4,0.08344176728953123,1.153584177423454,0.08423032907858366,1,30,87.15854380882942,0,2.369644678394759,0.04039754257883929,0.19249758512472787,0.4917069751046681,0.03879154894691897,0.058164793448360966,0.2911339633068243,0.04493294278270467,0.27319573356460597,83.56551481005195,1.0,86.84491121796401
10,2024,4,0.08344176728953123,1.153584177423454,0.08423032907858366,1,31,86.84491121796401,0,1.8566407249541266,0.11866388798741073,0.16899012782196204,0.4887167617079277,0.02235050313863564,0.0776358479190092,0.18654766651125446,-0.03495029658243499,0.2911339633068243,87.15854380882942,0.0,
11,2015,3,0.6579673134169209,1.0700157149036513,-0.6897193700808543,0,14,67.56841272546968,0,1.605839670851573,0.23785340437249852,0.24936613845381006,0.3489317777500869,0.04610388835597888,0.08925514970949208,0.13819134913823608,-0.06126964480022375,,,,65.69973658054226
11,2016,3,0.6579673134169209,1.0700157149036513,-0.6897193700808543,0,15,65.69973658054226,0,2.164147209603479,0.18902403989056712,0.4483672331355517,0.25484753400739296,0.08199896680322177,0.0466607505775865,0.2432226544948994,0.007843795059221597,0.13819134913823608,67.56841272546968,0.0,71.7382744010693
11,2017,3,0.6579673134169209,1.0700157149036513,-0.6897193700808543,0,16,71.7382744010693,1,2.4660910523204977,0.13693017402648078,0.3505986550798196,0.3328184019568714,0.08170721313507746,0.07615085867126836,0.26709045737408305,0.007849124194031566,0.2432226544948994,65.69973658054226,0.0,71.1552735029436
11,2018,3,0.6579673134169209,1.0700157149036513,-0.6897193700808543,0,17,71.1552735029436,0,1.9794588570233962,0.22958177889231454,0.35527556698434426,0.1729493190711524,0.04927602605171276,0.09052407353785616,0.2265047053799481,-0.013803792422931742,0.26709045737408305,71.7382744010693,1.0,72.01762860186412
11,2019,3,0.6579673134169209,1.0700157149036513,-0.6897193700808543,0,18,72.01762860186412,0,2.5179032125882963,0.2610935996624398,0.14416846469272354,0.2200313993435247,0.06392118237796779,0.050038464764603455,0.2849783154480674,0.022583743560637436,0.2265047053799481,71.1552735029436,0.0,72.26218498235062
11,2020,3,0.6579673134169209,1.0700157149036513,-0.6897193700808543,0,19,72.26218498235062,0,1.9972922544704237,0.2457667056014354,0.247514656393056,0.2230915892412167,0.06842846309547339,0.06629297511710128,0.2559403168109525,0.020790882021537054,0.2849783154480674,72.01762860186412,0.0,76.30650364800684
11,2021,3,0.6579673134169209,1.0700157149036513,-0.6897193700808543,0,20,76.30650364800684,0,1.8283730065593484,0.17794523670003332,0.3527871847274154,0.5495933034309303,0.08883247243555921,0.06106456785186395,0.2118232954418523,-0.003003825839166829,0.2559403168109525,72.26218498235062,0.0,79.26048878813506
11,2022,3,0.6579673134169209,1.0700157149036513,-0.6897193700808543,0,21,79.26048878813506,0,2.645389409738409,0.3115443307452913,0.2328028325860937,0.3522687924032783,0.07181523671412492,0.07176059439831098,0.24979706991213546,-0.03350951087612809,0.2118232954418523,76.30650364800684,0.0,77.07564410728057
11,2023,3,0.6579673134169209,1.0700157149036513,-0.6897193700808543,0,22,77.07564410728057,0,2.409860619930717,0.12810057453819113,0.18733568118176191,0.4040124727233193,0.04730239042194342,0.07752943766117604,0.23388140477486902,-0.02031305852333003,0.24979706991213546,79.26048878813506,0.0,80.33439753122308
11,2024,3,0.6579673134169209,1.0700157149036513,-0.6897193700808543,0,23,80.33439753122308,0,2.6847124159617937,0.12833347303647394,0.3995589840614662,0.1333330870160532,0.08652501078850133,0.06488394454846026,0.28893217202823473,0.005646082772697615,0.23388140477486902,77.07564410728057,0.0,
12,2015,2,0.5244489440338492,-1.7383103495591852,-1.3077811603479403,1,3,67.87054229593517,0,0.49902889474420364,-0.16389993342216558,0.3137916676310983,0.4159861359530313,0.05409876804353971,0.009357182607582556,0.06140788620789312,0.000639323254122305,,,,69.9747831963517
12,2016,2,0.5244489440338492,-1.7383103495591852,-1.3077811603479403,1,4,69.9747831963517,0,0.4544055328766673,-0.13212555347177093,0.47345438313924537,0.3315111109213223,0.0833154202129531,0.04216168629860487,0.07721016442617723,0.003579100947287037,0.06140788620789312,67.87054229593517,0.0,66.39800171473286
12,2017,2,0.5244489440338492,-1.7383103495591852,-1.3077811603479403,1,5,66.39800171473286,0,0.5343733209196113,0.06347083748741816,0.36665042253827773,0.3424798640525147,0.08348152645799205,0.025448512483071443,0.05107962327294238,-0.03659238827356501,0.07721016442617723,69.9747831963517,0.0,71.4548602622754
12,2018,2,0.5244489440338492,-1.7383103495591852,-1.3077811603479403,1,6,71.4548602622754,0,0.6855227445183246,-0.18457495833205578,0.2233214223743744,0.4714767571882272,0.04548710426265484,0.051168270881115405,0.06790949124901276,-0.010402061671951453,0.05107962327294238,66.39800171473286,0.0,71.57399246084677
12,2019,2,0.5244489440338492,-1.7383103495591852,-1.3077811603479403,1,7,71.57399246084677,0,1.2651632811471434,-0.18476006456286298,0.4086866396482631,0.3183022665573367,0.03480960582317369,0.010341730739466535,0.15209666038487407,0.031780288284677743,0.06790949124901276,71.4548602622754,0.0,81.475754895157
12,2020,2,0.5244489440338492,-1.7383103495591852,-1.3077811603479403,1,8,81.475754895157,0,0.8973061828624471,-0.15128269077065815,0.36974154123290454,0.4323375821557281,0.03489219687520802,0.03824268395277412,0.09062081629445398,-0.013404417993736272,0.15209666038487407,71.57399246084677,0.0,78.5984435818835
12,2021,2,0.5244489440338492,-1.7383103495591852,-1.3077811603479403,1,9,78.5984435818835,0,0.9042045586945989,-0.21155056187479615,0.22201099928306206,0.5841466429384475,0.059497428060658636,0.009561988331433936,0.05815636633037655,-0.026180317334847616,0.09062081629445398,81.475754895157,0.0,77.07513551716208
12,2022,2,0.5244489440338492,-1.7383103495591852,-1.3077811603479403,1,10,77.07513551716208,0,0.5728461532505646,-0.11067745367999257,0.3074444107500608,0.23939543857888398,0.026103653839738207,0.029564841822707858,0.05280986676617354,-0.029557303266645876,0.05815636633037655,78.5984435818835,0.0,74.65369598851903
12,2023,2,0.5244489440338492,-1.7383103495591852,-1.3077811603479403,1,11,74.65369598851903,0,0.8671674742941957,-0.12320594054630338,0.2397708275084664,0.17409927008152876,0.08974731968031707,0.011164806014463867,0.07576030592328631,-0.021657339966467355,0.05280986676617354,77.07513551716208,0.0,76.93597711223407
12,2024,2,0.5244489440338492,-1.7383103495591852,-1.3077811603479403,1,12,76.93597711223407,0,0.7734077854916167,-0.25733158137652534,0.32611507751092117,0.25769750806377134,0.0816084785737728,0.004141505678415031,0.15832938383093015,0.07582915246001044,0.07576030592328631,74.65369598851903,0.0,
13,2015,0,2.008886860556307,-0.3276160163291721,0.41896069254693075,0,35,66.37332846417081,0,1.9378485863403503,-0.01115778131922944,0.3284298396477341,0.48758179855367473,0.09348825674696906,0.031337532074579705,0.19107049512719146,0.01812730407582,,,,70.39106712166387
13,2016,0,2.008886860556307,-0.3276160163291721,0.41896069254693075,0,36,70.39106712166387,1,1.7309709154020378,0.08193286302644218,0.4192756844870733,0.5233247591053286,0.11235438868340504,0.03228288261883186,0.12405452013063273,-0.047630161515059034,0.19107049512719146,66.37332846417081,0.0,68.55820210657892
13,2017,0,2.008886860556307,-0.3276160163291721,0.41896069254693075,0,37,68.55820210657892,0,1.9158583520764254,0.04257028515660896,0.3103775595832231,0.4492681176063023,0.08781412050028016,0.05252677038268666,0.21756739122704302,0.03506066211822684,0.12405452013063273,70.39106712166387,1.0,65.38391662415968
13,2018,0,2.008886860556307,-0.3276160163291721,0.41896069254693075,0,38,65.38391662415968,1,1.5074793890415128,0.014523477066407643,0.3942796789754148,0.36639843610754513,0.10866931542152097,0.03411725841920357,0.18863478089328528,0.03235109862120048,0.21756739122704302,68.55820210657892,0.0,67.51122732617284
13,2019,0,2.008886860556307,-0.3276160163291721,0.41896069254693075,0,39,67.51122732617284,0,2.205836703196081,0.07160395363841864,0.30799271845601495,0.45756140913902116,0.10263547638035089,0.03135294312296008,0.12248010203767497,-0.08166021695556734,0.18863478089328528,65.38391662415968,1.0,77.47512264260027
13,2020,0,2.008886860556307,-0.3276160163291721,0.41896069254693075,0,40,77.47512264260027,0,1.3668043349024503,0.15428971544267334,0.38938534559591437,0.6868014687378047,0.1050171576630962,0.0560869110604965,0.12442897280530216,-0.030276332285510524,0.12248010203767497,67.51122732617284,0.0,81.03343225217135
13,2021,0,2.008886860556307,-0.3276160163291721,0.41896069254693075,0,41,81.03343225217135,0,2.022143765552808,0.012780376827220927,0.2863893643912089,0.6284151050677652,0.12865088375548944,0.04792253007016514,0.14133447785301295,-0.045267885040152556,0.12442897280530216,77.47512264260027,0.0,84.12481305175695
13,2022,0,2.008886860556307,-0.3276160163291721,0.41896069254693075,0,42,84.12481305175695,0,2.4130740238423036,0.11347520373576553,0.4641275219236767,0.36182263572206225,0.1320176388043074,0.019769915561649223,0.23912909966716084,0.011473415374019559,0.14133447785301295,81.03343225217135,0.0,83.51299439522221
13,2023,0,2.008886860556307,-0.3276160163291721,0.41896069254693075,0,43,83.51299439522221,1,2.57901286302456,0.005365898868487609,0.1779531495181299,0.42533498834860556,0.06987853086469197,0.05553890709735005,0.25267371806802547,0.020020158461937627,0.23912909966716084,84.12481305175695,0.0,90.32407578655177
13,2024,0,2.008886860556307,-0.3276160163291721,0.41896069254693075,0,44,90.32407578655177,0,2.4833292493775017,0.10909033022698411,0.3528818941204848,0.4483521123399648,0.0677138108752179,0.03536013408839202,0.2212704159717504,-0.015005764712138499,0.25267371806802547,83.51299439522221,1.0,
14,2015,0,0.04828802035284556,-0.10569077927073016,0.15827889001468953,0,26,58.26398420895178,0,1.1598072252476523,0.05849207943932909,0.3130574477601361,0.4357209943058203,0.015443999940386966,0.026199598327036475,0.1655834511309257,0.04583238614124665,,,,59.30113887140373
14,2016,0,0.04828802035284556,-0.10569077927073016,0.15827889001468953,0,27,59.30113887140373,1,1.1182429218823213,-0.06126811867440982,0.23822731217012094,0.5287104303809081,0.0865344673010201,0.03481869552481273,0.13957172184623634,0.03142722440059204,0.1655834511309257,58.26398420895178,0.0,55.79848409031946
14,2017,0,0.04828802035284556,-0.10569077927073016,0.15827889001468953,0,28,55.79848409031946,0,1.304541315342147,0.13738438618510654,0.4559456698870819,0.6718570549976561,0.0433637876876624,0.05872851102232315,0.19593227553320242,0.04921560236445115,0.13957172184623634,59.30113887140373,1.0,57.956180962971374
14,2018,0,0.04828802035284556,-0.10569077927073016,0.15827889001468953,0,29,57.956180962971374,0,1.7233527084999127,0.20329764346341117,0.33206510621006835,0.5343270501500559,0.06945024203900918,0.07596518007188054,0.22380976235275826,0.037756023748087224,0.19593227553320242,55.79848409031946,0.0,56.4814515206201
14,2019,0,0.04828802035284556,-0.10569077927073016,0.15827889001468953,0,30,56.4814515206201,0,0.8492410308972728,0.08613314835584947,0.2833155532027522,0.31454070773374726,0.03457484445357419,0.06565423035359737,0.11069915814415293,-0.0072335393069830126,0.22380976235275826,57.956180962971374,0.0,56.37683134708925
14,2020,0,0.04828802035284556,-0.10569077927073016,0.15827889001468953,0,31,56.37683134708925,0,1.8109666033131162,-0.0016240664546601016,0.1845034158277019,0.6656539134254895,0.0865537705117642,0.0848448772344356,0.19387605818280704,0.02352784664863674,0.11069915814415293,56.4814515206201,0.0,58.61144550989724
14,2021,0,0.04828802035284556,-0.10569077927073016,0.15827889001468953,0,32,58.61144550989724,1,1.931767470044076,0.06532517211334539,0.19230775240444178,0.6321288201958314,0.038304569864463525,0.04472810306656737,0.17191575924868108,-0.0074706427503197104,0.19387605818280704,56.37683134708925,0.0,58.372794405205816
14,2022,0,0.04828802035284556,-0.10569077927073016,0.15827889001468953,0,33,58.372794405205816,0,1.658449142683087,0.10083256160172444,0.24047354136817445,0.4515391653054152,0.023294479471858316,0.07818621688609761,0.17072181804304937,-0.005058527369866333,0.17191575924868108,58.61144550989724,1.0,60.37079444068987
14,2023,0,0.04828802035284556,-0.10569077927073016,0.15827889001468953,0,34,60.37079444068987,0,1.7061036544672035,0.10476773186805607,0.18093131236682386,0.4864181575523836,0.053974670536709984,0.06907570847533287,0.06648900340477326,-0.10907329085083975,0.17072181804304937,58.372794405205816,0.0,61.97791289804263
14,2024,0,0.04828802035284556,-0.10569077927073016,0.15827889001468953,0,35,61.97791289804263,0,1.8887591428121102,-0.05368831699903027,0.26396280346730805,0.61172359203791,0.07921306212831686,0.04357106481714996,0.16311731266465151,-0.005483049924129243,0.06648900340477326,60.37079444068987,0.0,
15,2015,5,1.7626267563597235,0.3981708133725644,0.34461700802689266,1,34,69.41996048731275,0,1.7399033694346158,0.11243317974627695,0.3543531253221049,0.3859460694828072,0.08851227240270707,0.0780087237134561,0.2540178974044357,0.035587890126060645,,,,72.11831753475724
15,2016,5,1.7626267563597235,0.3981708133725644,0.34461700802689266,1,35,72.11831753475724,0,1.4047582718297407,0.2594953301118491,0.2823059759792462,0.6153761347659215,0.09602412890872561,0.04502155275128129,0.21397911805918227,0.016527420649971696,0.2540178974044357,69.41996048731275,0.0,72.77503708250758
15,2017,5,1.7626267563597235,0.3981708133725644,0.34461700802689266,1,36,72.77503708250758,0,1.0289059676827859,0.0851971993614686,0.17513503298831876,0.39818974682630015,0.07277859376804115,0.09680995790317709,0.1993550517613901,0.029617027562662022,0.21397911805918227,72.11831753475724,0.0,77.69872632622072
15,2018,5,1.7626267563597235,0.3981708133725644,0.34461700802689266,1,37,77.69872632622072,0,2.193617145717951,0.15949243226497406,0.2880296777182539,0.3948391905929793,0.06974605393711647,0.052868407654262185,0.2504312067649915,-0.00080196606403536,0.1993550517613901,72.77503708250758,0.0,82.21923249232013
15,2019,5,1.7626267563597235,0.3981708133725644,0.34461700802689266,1,38,82.21923249232013,0,1.8912807055364154,0.16187142122779746,0.3828317562561387,0.5370923527544998,0.0930091848330884,0.051085298515951554,0.2809039643288526,0.04752085198708827,0.2504312067649915,77.69872632622072,0.0,87.41617298572905
15,2020,5,1.7626267563597235,0.3981708133725644,0.34461700802689266,1,39,87.41617298572905,1,1.445162899710851,0.20094035943706118,0.21695547918604688,0.39809179569047265,0.04763653077970659,0.07169628674331496,0.2140347995836929,0.0054463491472952616,0.2809039643288526,82.21923249232013,0.0,93.43658271943166
15,2021,5,1.7626267563597235,0.3981708133725644,0.34461700802689266,1,40,93.43658271943166,1,2.0487994216940932,0.13900375911688456,0.3488358714969633,0.23019508121720206,0.06688290329362244,0.042710653797777595,0.2857274257375348,0.03989882553847668,0.2140347995836929,87.41617298572905,1.0,93.17983301548028
15,2022,5,1.7626267563597235,0.3981708133725644,0.34461700802689266,1,41,93.17983301548028,1,1.789484278762502,0.10256229642482174,0.25311147263305306,0.35955174388921285,0.07899163667441231,0.06280715252209398,0.21640585917623145,-0.010990234049354768,0.2857274257375348,93.43658271943166,1.0,97.47299720551446
15,2023,5,1.7626267563597235,0.3981708133725644,0.34461700802689266,1,42,97.47299720551446,1,2.0685388453533053,0.33568643168180845,0.3359953595337458,0.5633641303042505,0.07548104594750799,0.06957678296935099,0.26498854140378114,0.0012112451132876413,0.21640585917623145,93.17983301548028,1.0,100.0
15,2024,5,1.7626267563597235,0.3981708133725644,0.34461700802689266,1,43,100.0,1,1.8551803964353915,0.13382346393787853,0.20180430547354233,0.5101741730025879,0.10478239776299604,0.06237478310228577,0.22599480726236912,-0.005012341270937708,0.26498854140378114,97.47299720551446,1.0,
16,2015,5,0.14844522681758396,0.9762752240635253,-2.0956416576973393,1,32,59.42670890888408,0,1.1975137564875704,0.09658151814971583,0.4588141721329954,0.22612899888535692,0.04013497301118472,0.0576732074886095,0.18613627875750535,0.012150605792635865,,,,62.09026132473256
16,2016,5,0.14844522681758396,0.9762752240635253,-2.0956416576973393,1,33,62.09026132473256,0,2.28681658683106,0.16574928474388373,0.3075290027315425,0.26732637033882606,0.03812774364248926,0.07897588666051006,0.24300796817062253,-0.014594337763690351,0.18613627875750535,59.42670890888408,0.0,69.74521426182169
16,2017,5,0.14844522681758396,0.9762752240635253,-2.0956416576973393,1,34,69.74521426182169,0,1.6778491807921712,0.2263967051249089,0.4017185372035457,0.47297623812242934,0.03430126992637966,0.06901061976853151,0.19436973709627733,-0.02544684077460951,0.24300796817062253,62.09026132473256,0.0,72.57710181547199
16,2018,5,0.14844522681758396,0.9762752240635253,-2.0956416576973393,1,35,72.57710181547199,1,1.9397612532538402,0.1266105070889892,0.3476699452200817,0.15394438071956237,0.08881565071244531,0.06738352980912132,0.21517905425688394,-0.01826170776918971,0.19436973709627733,69.74521426182169,0.0,81.12582950403593
16,2019,5,0.14844522681758396,0.9762752240635253,-2.0956416576973393,1,36,81.12582950403593,0,1.6395732520799091,0.15644262131800557,0.350924964629873,0.3325915161003909,0.053696658126743006,0.05281987988299204,0.22788018979259,0.01793821542141603,0.21517905425688394,72.57710181547199,1.0,84.32257245315544
16,2020,5,0.14844522681758396,0.9762752240635253,-2.0956416576973393,1,37,84.32257245315544,0,2.1743691127647766,0.25738105329632754,0.4183333438578838,0.2073904802111519,0.06697273312331194,0.07217726657515448,0.26270496881324645,-0.002752748806176085,0.22788018979259,81.12582950403593,0.0,88.84250187065365
16,2021,5,0.14844522681758396,0.9762752240635253,-2.0956416576973393,1,38,88.84250187065365,0,2.059748929380709,0.09842182604438848,0.4706566755296025,0.17252885723773617,0.06421124773027692,0.09044802927013945,0.2523128748692239,-0.0020794563770197036,0.26270496881324645,84.32257245315544,0.0,87.64076394392639
16,2022,5,0.14844522681758396,0.9762752240635253,-2.0956416576973393,1,39,87.64076394392639,0,1.5996273229346958,0.2671783623928048,0.37174127801782436,0.13536392310923795,0.10051970547180968,0.07693360039056735,0.17263926009092592,-0.056936186901286316,0.2523128748692239,88.84250187065365,0.0,90.35645238782546
16,2023,5,0.14844522681758396,0.9762752240635253,-2.0956416576973393,1,40,90.35645238782546,0,1.6584742563939363,0.1948799273152038,0.22247373359512468,0.26651527434297034,0.050943583291293906,0.050631149030904044,0.22183529487085596,0.008986173874281623,0.17263926009092592,87.64076394392639,0.0,87.71418965835902
16,2024,5,0.14844522681758396,0.9762752240635253,-2.0956416576973393,1,41,87.71418965835902,1,1.7922050097037447,0.2521211687617758,0.40780992843875313,0.31754307698301765,0.07740869176403467,0.10857583960785248,0.26338521815309024,0.015264444894334568,0.22183529487085596,90.35645238782546,0.0,
17,2015,2,0.3941839954972063,-0.7975336453071996,-0.9166645150560861,0,3,60.81658547883646,0,0.7253418714747614,-0.13368695566017616,0.3668519220446209,0.3052062713426924,0.05489826029927684,0.010761901830975865,0.07957439062513035,-0.007379127789802778,,,,62.828507182981085
17,2016,2,0.3941839954972063,-0.7975336453071996,-0.9166645150560861,0,4,62.828507182981085,0,0.8865912622521284,0.11260455197170542,0.22529157087980942,0.23055913594525135,0.06892340461640245,0.044612515286776414,0.14501954693413036,0.02454692717929121,0.07957439062513035,60.81658547883646,0.0,65.4079648387929
17,2017,2,0.3941839954972063,-0.7975336453071996,-0.9166645150560861,0,5,65.4079648387929,0,1.2289843214658096,0.053468251281819285,0.3726889412923284,0.44904151618573923,0.06732050667356222,0.02678508612902738,0.13624420247799107,-0.004177205754706387,0.14501954693413036,62.828507182981085,0.0,68.48929655503954
17,2018,2,0.3941839954972063,-0.7975336453071996,-0.9166645150560861,0,6,68.48929655503954,0,1.591499997071413,-0.0020218329978312095,0.3594754134161468,0.3936267904327561,0.03906186921238107,0.04036245342205555,0.17163028266836997,0.005643884454935117,0.13624420247799107,65.4079648387929,0.0,67.59316354889172
17,2019,2,0.3941839954972063,-0.7975336453071996,-0.9166645150560861,0,7,67.59316354889172,0,1.0544688402035591,0.059621510023461,0.3424743614616406,0.45698196798418167,0.04132552101630378,-0.0009657227336355226,0.10572649153133686,-0.018288578704466096,0.17163028266836997,68.48929655503954,0.0,74.80165473453806
17,2020,2,0.3941839954972063,-0.7975336453071996,-0.9166645150560861,0,8,74.80165473453806,0,1.4840185885517594,-0.05676575180222717,0.226983576637713,0.22541939118002619,0.07296376360713949,0.028016275949195278,0.12781496355821534,-0.02302472034592725,0.10572649153133686,67.59316354889172,0.0,67.73891034072275
17,2021,2,0.3941839954972063,-0.7975336453071996,-0.9166645150560861,0,9,67.73891034072275,0,1.2876310207328803,0.05369212489714564,0.3525487699327772,0.33181620703705506,0.06009836565120622,0.013474933133132971,0.15498360612385711,0.008698484461435904,0.12781496355821534,74.80165473453806,0.0,69.95583220350282
17,2022,2,0.3941839954972063,-0.7975336453071996,-0.9166645150560861,0,10,69.95583220350282,0,1.5106920216987085,-0.03862567973801099,0.27599968841899536,0.24525983005609564,0.08124747593264736,0.032504097202563184,0.16121265110522245,0.0010306875643887028,0.15498360612385711,67.73891034072275,0.0,76.38466183255855
17,2023,2,0.3941839954972063,-0.7975336453071996,-0.9166645150560861,0,11,76.38466183255855,0,1.356967220472316,0.04927686196993151,0.46651625283256226,0.444882080840336,0.043008622142790005,0.018600879391022944,0.15761880610772266,0.0005097323065886925,0.16121265110522245,69.95583220350282,0.0,76.78560388422163
17,2024,2,0.3941839954972063,-0.7975336453071996,-0.9166645150560861,0,12,76.78560388422163,0,1.8354166561713268,0.035185574270611,0.4225049846887629,0.4913363773425623,0.044458071048688506,0.033256303799311715,0.12439861396647195,-0.0670134650730646,0.15761880610772266,76.38466183255855,0.0,
18,2015,3,0.35061132670719625,-0.9205697261915565,0.6295955723957222,0,18,69.6186464019048,0,0.8969751739578333,0.04392686691635345,0.2773817926841935,0.43298460759564267,0.0188113467392372,0.01322505025213487,0.13990123193293533,0.038657844154209565,,,,73.7202551417112
18,2016,3,0.35061132670719625,-0.9205697261915565,0.6295955723957222,0,19,73.7202551417112,0,1.0419510252004842,-0.06371861886958027,0.17042433399847032,0.4823804656833574,0.04126385526546606,0.051761838945938096,0.11624707037775261,0.007001416428338013,0.13990123193293533,69.6186464019048,0.0,80.34428667996222
18,2017,3,0.35061132670719625,-0.9205697261915565,0.6295955723957222,0,20,80.34428667996222,0,1.0730246437835218,-0.0788132500530977,0.19832755538891586,0.5950320092408562,0.06354818491226881,0.054679727760666486,0.144106016507336,0.03402520285828583,0.11624707037775261,73.7202551417112,0.0,80.091384226096
18,2018,3,0.35061132670719625,-0.9205697261915565,0.6295955723957222,0,21,80.091384226096,0,1.1955414091292809,-0.04365266894288297,0.19011725693876877,0.3796923277846537,0.04937017441906358,0.04206443185377942,0.1903017020739154,0.06634537239098809,0.144106016507336,80.34428667996222,0.0,80.83393938920852
18,2019,3,0.35061132670719625,-0.9205697261915565,0.6295955723957222,0,22,80.83393938920852,0,1.3252725682708384,-0.06229148210935487,0.14692927853183008,0.4525341024931051,0.03377474095064393,0.020998481534255452,0.13795115119185672,0.01136260212416099,0.1903017020739154,80.091384226096,0.0,83.37189786961537
18,2020,3,0.35061132670719625,-0.9205697261915565,0.6295955723957222,0,23,83.37189786961537,0,1.888859481744456,-0.03869370058697359,0.21344677904092507,0.33902234821470933,0.05011111602241543,0.018655848373322396,0.15773826419162357,-0.013071451620346826,0.13795115119185672,80.83393938920852,0.0,85.42881425398801
18,2021,3,0.35061132670719625,-0.9205697261915565,0.6295955723957222,0,24,85.42881425398801,0,1.4094467422549153,0.013531259576778143,0.40042164749425835,0.42648121261065214,0.020690367983315566,0.03368885477947525,0.19952568717306235,0.04823798984793175,0.15773826419162357,83.37189786961537,0.0,85.38372187557609
18,2022,3,0.35061132670719625,-0.9205697261915565,0.6295955723957222,0,25,85.38372187557609,0,1.4232867497737054,-0.08969251907997333,0.4954008089801305,0.36617314477989116,0.041106843304560846,0.03409992026072911,0.1461538434845523,-0.00532779170563522,0.19952568717306235,85.42881425398801,0.0,82.57105017831124
18,2023,3,0.35061132670719625,-0.9205697261915565,0.6295955723957222,0,26,82.57105017831124,0,1.6928264995182147,-0.04347280939018715,0.28030391034847324,0.46986359169119774,0.03572878631771148,0.04303287162778891,0.16913455216892112,0.003526911481069586,0.1461538434845523,85.38372187557609,0.0,87.60961990953002
18,2024,3,0.35061132670719625,-0.9205697261915565,0.6295955723957222,0,27,87.60961990953002,0,2.118319838808607,0.030200168675387606,0.33794645018216984,0.23490960875917963,0.038295654698397276,0.019567483016505585,0.18834363406409937,-0.015227959739311167,0.16913455216892112,82.57105017831124,0.0,
19,2015,0,0.893978835400835,-1.7435022401276545,0.7091416913398733,1,34,67.81850217427538,0,0.17628994111116725,-0.12276735918959927,0.20885476104848638,0.5108038968641602,0.021258614799828844,-0.0046953721018634445,0.017555972725138876,0.0010620070730907381,,,,59.658947421231495
19,2016,0,0.893978835400835,-1.7435022401276545,0.7091416913398733,1,35,59.658947421231495,0,0.637373538514823,-0.14822787904677473,0.5084134914151855,0.3157765216423854,0.04974232677515986,-0.0015807135647858336,0.03568725960362598,-0.023298897703124058,0.017555972725138876,67.81850217427538,0.0,64.69328062341943
19,2017,0,0.893978835400835,-1.7435022401276545,0.7091416913398733,1,36,64.69328062341943,0,1.0118643463503565,-0.18831320553192016,0.2623174154130277,0.5684585110660302,0.047673705043939925,0.029494755948771226,0.05305660242097319,-0.02475782650704233,0.03568725960362598,59.658947421231495,0.0,64.1894282073816
19,2018,0,0.893978835400835,-1.7435022401276545,0.7091416913398733,1,37,64.1894282073816,0,0.9142656593420765,-0.13835897785738144,0.46896420404423544,0.3819795545395386,0.025238675381622784,-0.0033950319454163005,0.1189072603948585,0.03954563787931905,0.05305660242097319,64.69328062341943,0.0,66.43183012018483
19,2019,0,0.893978835400835,-1.7435022401276545,0.7091416913398733,1,38,66.43183012018483,0,1.3558937529795216,-0.039636100887265574,0.22121900882249745,0.2973903940088738,0.061593598857492354,-0.004019484224772541,0.08292031318999184,-0.030772163714552655,0.1189072603948585,64.1894282073816,0.0,64.160359851927
19,2020,0,0.893978835400835,-1.7435022401276545,0.7091416913398733,1,39,64.160359851927,0,0.7745501300994977,-0.18843274011093353,0.3504679702204176,0.3671049447566064,0.05091353494304555,0.0032541743723244285,0.08250122290530579,0.015980297483508068,0.08292031318999184,66.43183012018483,0.0,66.82514366367337
19,2021,0,0.893978835400835,-1.7435022401276545,0.7091416913398733,1,40,66.82514366367337,0,1.2461239309013665,-0.2199377017826657,0.24244974762590168,0.7635858726806306,0.009653986907272025,0.010588771524585514,0.07345093886947408,-0.015472275174690058,0.08250122290530579,64.160359851927,0.0,66.56462391179409
19,2022,0,0.893978835400835,-1.7435022401276545,0.7091416913398733,1,41,66.56462391179409,1,1.2124831115605923,-0.10852906686304821,0.43665675556507977,0.5104592954761452,0.04757590164177964,0.060954584940598466,0.1428206404432395,0.024275735321977368,0.07345093886947408,66.82514366367337,0.0,69.98676528814009
19,2023,0,0.893978835400835,-1.7435022401276545,0.7091416913398733,1,42,69.98676528814009,1,1.1266455611458932,-0.12439439124834253,0.5387794039663196,0.4535020083582332,0.07110544479496737,0.03720823124531884,0.11918847044035395,0.005276291109684563,0.1428206404432395,66.56462391179409,1.0,70.87759022878417
19,2024,0,0.893978835400835,-1.7435022401276545,0.7091416913398733,1,43,70.87759022878417,0,0.16017274606130583,-0.15138268676395744,0.10124786082315407,0.4341436143113696,0.04208985839099626,0.024310246020778643,0.0034115386180667596,-0.023064606024097895,0.11918847044035395,69.98676528814009,1.0,
20,2015,1,0.38478900527447796,0.3622193957894409,-0.54134388596031,0,25,61.378848633388756,0,1.6832891554420197,-0.0017420305834865424,0.39876742205078014,0.41964966227878125,0.06530112142793315,0.03308935333307719,0.13113863527597378,-0.03252091226005924,,,,66.84479661648135
20,2016,1,0.38478900527447796,0.3622193957894409,-0.54134388596031,0,26,66.84479661648135,0,1.8712772266300044,0.28023081295548624,0.43001849880195686,0.31529179284836506,0.04135948919278454,0.034142133713513295,0.17020788720768087,-0.0323630096351321,0.13113863527597378,61.378848633388756,0.0,59.078598761405296
20,2017,1,0.38478900527447796,0.3622193957894409,-0.54134388596031,0,27,59.078598761405296,0,0.838082199244272,0.16224675599514016,0.48772940256078984,0.2730877492751983,0.05310641356892646,0.07066561160071007,0.1488699897748222,0.013924170973495279,0.17020788720768087,66.84479661648135,0.0,59.77404426759166
20,2018,1,0.38478900527447796,0.3622193957894409,-0.54134388596031,0,28,59.77404426759166,0,1.8136556112832327,0.03833217062041272,0.42011884944265504,0.3876418700225489,0.04645754080676021,0.04774707106809033,0.19050142752755903,0.006005498051849044,0.1488699897748222,59.078598761405296,0.0,64.77394675404857
20,2019,1,0.38478900527447796,0.3622193957894409,-0.54134388596031,0,29,64.77394675404857,0,1.21693456033197,0.14523367447647392,0.4531278172525985,0.38424509008287133,0.046907932296148876,0.03241554223247639,0.1840484284679193,0.033158055168176354,0.19050142752755903,59.77404426759166,0.0,63.2008290671606
20,2020,1,0.38478900527447796,0.3622193957894409,-0.54134388596031,0,30,63.2008290671606,0,2.2644727198877415,0.2375455410574403,0.27779556194526817,0.23871346343153985,0.028161836400368564,0.053700773468231586,0.14739751512271182,-0.08589660790061134,0.1840484284679193,64.77394675404857,0.0,65.01987758280474
20,2021,1,0.38478900527447796,0.3622193957894409,-0.54134388596031,0,31,65.01987758280474,1,1.7227504755598482,0.24528182287961242,0.34955870303706277,0.4126929379161246,0.044410437969904425,0.04914137538551345,0.24543890047301198,0.051436477544595606,0.14739751512271182,63.2008290671606,0.0,64.97966039787914
20,2022,1,0.38478900527447796,0.3622193957894409,-0.54134388596031,0,32,64.97966039787914,0,2.306798556063567,0.09842998240880836,0.250632262050469,0.2996131592945001,0.04414344272876716,0.045412764947438955,0.22505832623864908,-0.0009604529568791881,0.24543890047301198,65.01987758280474,1.0,70.8189220623989
20,2023,1,0.38478900527447796,0.3622193957894409,-0.54134388596031,0,33,70.8189220623989,0,1.9953230067612142,0.09118328003748258,0.3757112040081476,0.3199359628766787,0.07069806218978644,0.06434827957071962,0.2265214688534506,0.0141956800177451,0.22505832623864908,64.97966039787914,0.0,72.17728128301418
20,2024,1,0.38478900527447796,0.3622193957894409,-0.54134388596031,0,34,72.17728128301418,0,1.9471201908531242,0.20406496801096502,0.456545733349215,0.4815269306953775,0.06761038632672002,0.03000665172777145,0.18750211358837743,-0.0229888114256137,0.2265214688534506,70.8189220623989,0.0,
21,2015,6,-0.2614197352300845,0.7902898895532192,-0.6275111103599723,0,22,52.65735884949569,0,1.7163245556501516,0.05592484244386621,0.4929294560163736,0.48109047283326667,0.03571074321347891,0.042749284302945556,0.19209254106982887,-0.00712379951804515,,,,53.356855176149665
21,2016,6,-0.2614197352300845,0.7902898895532192,-0.6275111103599723,0,23,53.356855176149665,1,1.9766701729373704,0.11037829970079757,0.22286690248612387,0.49423799288610154,0.021145884508657644,0.05223685448040778,0.2503476186091869,0.03280654017318716,0.19209254106982887,52.65735884949569,0.0,50.65897907602233
21,2017,6,-0.2614197352300845,0.7902898895532192,-0.6275111103599723,0,24,50.65897907602233,0,1.5413300852661187,0.014716630117755966,0.2847085961798488,0.2667665026296273,0.043473344565270564,0.051219829858189146,0.1895788010302658,0.0006221957953176856,0.2503476186091869,53.356855176149665,1.0,53.69978141651661
21,2018,6,-0.2614197352300845,0.7902898895532192,-0.6275111103599723,0,25,53.69978141651661,0,1.4439114869185834,0.11519769875343996,0.23890753650956426,0.4981634435092903,0.063511358795438,0.08790886513950467,0.2006187738372178,0.009402002863774338,0.1895788010302658,50.65897907602233,0.0,60.74493470379257
21,2019,6,-0.2614197352300845,0.7902898895532192,-0.6275111103599723,0,26,60.74493470379257,1,1.7144971006317675,0.14829553385898758,0.6827681219884227,0.34348998448923185,0.053183327449191804,0.03546237286405657,0.1381705401515253,-0.08211250999376844,0.2006187738372178,53.69978141651661,0.0,65.0544570543505
21,2020,6,-0.2614197352300845,0.7902898895532192,-0.6275111103599723,0,27,65.0544570543505,0,1.9448672136472818,0.1933445010764821,0.2924611233894806,0.5007667185881312,0.03387634659117981,0.03809512032616348,0.24270506566621225,0.01998931749597825,0.1381705401515253,60.74493470379257,1.0,64.41501719621772
21,2021,6,-0.2614197352300845,0.7902898895532192,-0.6275111103599723,0,28,64.41501719621772,0,1.9837882571751482,0.029746344284275736,0.2654072662509887,0.2500053831605348,0.026831469575063036,0.06244263017013947,0.17394012077345491,-0.05305569337929231,0.24270506566621225,65.0544570543505,0.0,63.11766821654913
21,2022,6,-0.2614197352300845,0.7902898895532192,-0.6275111103599723,0,29,63.11766821654913,0,1.6641648542962815,0.23061710901797072,0.18530582615143182,0.3538806436124381,0.05051501293236854,0.05714243022272906,0.2054956938453685,-0.006892665310115533,0.17394012077345491,64.41501719621772,0.0,71.26183830169208
21,2023,6,-0.2614197352300845,0.7902898895532192,-0.6275111103599723,0,30,71.26183830169208,1,2.5123566067048357,0.23969260203347925,0.3695668171842379,0.2838240982473046,0.09895574591035673,0.008788859040352218,0.216226608748024,-0.05490911124051293,0.2054956938453685,63.11766821654913,0.0,75.03072732299812
21,2024,6,-0.2614197352300845,0.7902898895532192,-0.6275111103599723,0,31,75.03072732299812,1,1.5389892251910129,0.09211929879555858,0.3371777140504296,0.3700546809555868,0.07596826863456352,0.07054196804782505,0.23694137929279863,0.03211634575819411,0.216226608748024,71.26183830169208,1.0,
22,2015,4,-0.9926258369285733,-1.2862017688215668,0.03542834838337608,0,15,57.99267170837152,0,0.6122991071534869,-0.09017322650334643,0.17671616605432866,0.3836047279481985,0.0363357814488225,-0.008141150678276133,0.08319304011699996,0.013011319784808876,,,,66.08780736706537
22,2016,4,-0.9926258369285733,-1.2862017688215668,0.03542834838337608,0,16,66.08780736706537,0,0.6854636691159058,-0.2638142439489431,0.17055596884827337,0.397096336133403,-0.0005784600913193178,-0.011667322548964142,0.1009004815789166,0.040178037193484804,0.08319304011699996,57.99267170837152,0.0,71.41542935320042
22,2017,4,-0.9926258369285733,-1.2862017688215668,0.03542834838337608,0,17,71.41542935320042,0,0.2929536502980115,-0.13639873980651304,0.192150108570037,0.6242831255896012,0.010250282975562082,0.022203591368727963,0.03761918527809131,-0.011260223933056562,0.1009004815789166,66.08780736706537,0.0,71.1199883055284
22,2018,4,-0.9926258369285733,-1.2862017688215668,0.03542834838337608,0,18,71.1199883055284,0,0.44042025542779356,0.01337358179982491,0.24935440408191864,0.4700485322930638,0.02015572351117599,-0.018210744823601594,0.084840360759635,0.02013713474143818,0.03761918527809131,71.41542935320042,0.0,72.25990084623723
22,2019,4,-0.9926258369285733,-1.2862017688215668,0.03542834838337608,0,19,72.25990084623723,0,1.0886209357432775,0.03360864245318344,0.25732913913161987,0.3732758157236503,0.01574842792408996,0.027189522868849222,0.14360723913681558,0.01689650861142627,0.084840360759635,71.1199883055284,0.0,75.1584636143978
22,2020,4,-0.9926258369285733,-1.2862017688215668,0.03542834838337608,0,20,75.1584636143978,0,0.29749708091970517,0.04365355309800564,0.21858843292183353,0.35045508768504313,0.017759894516601486,-0.013438569283926786,0.10347537766969112,0.038622720748174987,0.14360723913681558,72.25990084623723,0.0,75.48696816858993
22,2021,4,-0.9926258369285733,-1.2862017688215668,0.03542834838337608,0,21,75.48696816858993,0,0.7897709534201636,-0.30230127370218185,0.11162151535852208,0.36896394803448257,0.009492937336759221,0.023915451676039087,0.09335930330813402,0.015884279253162877,0.10347537766969112,75.1584636143978,0.0,76.15805773107984
22,2022,4,-0.9926258369285733,-1.2862017688215668,0.03542834838337608,0,22,76.15805773107984,0,1.1104469126482015,-0.17728919656869777,0.3870082760349232,0.44324861351850187,0.026774383625196352,0.04172608635967006,0.10099003528852894,-0.0213520077169585,0.09335930330813402,75.48696816858993,0.0,75.963778004583
22,2023,4,-0.9926258369285733,-1.2862017688215668,0.03542834838337608,0,23,75.963778004583,0,1.1017762353410374,-0.0017199033236650896,0.13491783136538255,0.43739595011714383,-0.01942946799385848,0.007559288812948791,0.12428394521462609,0.004690258065904242,0.10099003528852894,76.15805773107984,0.0,72.26713020678018
22,2024,4,-0.9926258369285733,-1.2862017688215668,0.03542834838337608,0,24,72.26713020678018,1,1.073145770237513,-0.10603902689245963,0.176600086782433,0.22973903998819903,0.037068421381606965,0.017810080820784616,0.12377053037929737,0.004635237724348411,0.12428394521462609,75.963778004583,0.0,
23,2015,7,0.2875281012815059,-0.38396649546393846,1.5635738495159393,1,15,62.98227652081834,0,1.1076692581750518,-0.0245287534720703,0.1548932570624401,0.5283074525675839,0.0036015793734818675,-0.010470585530118856,0.15460748481562486,0.03140013398314799,,,,70.55797480464388
23,2016,7,0.2875281012815059,-0.38396649546393846,1.5635738495159393,1,16,70.55797480464388,0,1.3368635970501395,-0.01843015233519392,0.2785605608746497,0.6122206792662838,0.018396846619605486,0.03278398797912542,0.20523895728118688,0.050552876213664326,0.15460748481562486,62.98227652081834,0.0,70.52914196148852
23,2017,7,0.2875281012815059,-0.38396649546393846,1.5635738495159393,1,17,70.52914196148852,0,1.274581258417746,0.06466694962816243,0.25565856300282896,0.3801427435420606,0.03209152292449724,0.048845074026328,0.11394927271499647,-0.05245131154018381,0.20523895728118688,70.55797480464388,0.0,67.20340017477363
23,2018,7,0.2875281012815059,-0.38396649546393846,1.5635738495159393,1,18,67.20340017477363,0,1.4245019176148328,0.03630938530905597,0.11163120946436864,0.5024804931033869,0.055882787901015085,0.05141061269508455,0.15405634295071263,-0.011863768192378152,0.11394927271499647,70.52914196148852,0.0,68.01473607751608
23,2019,7,0.2875281012815059,-0.38396649546393846,1.5635738495159393,1,19,68.01473607751608,1,1.3771781709619413,0.20764963393439811,0.20013507306447526,0.489899287726733,0.029464504002601442,0.06841789063929085,0.1730624172558479,-0.012035068576642098,0.15405634295071263,67.20340017477363,0.0,69.52579157501813
23,2020,7,0.2875281012815059,-0.38396649546393846,1.5635738495159393,1,20,69.52579157501813,0,0.795103401859144,0.06447246190900421,0.2417150770192484,0.4921490751208047,0.009755911367535189,0.05572020044401011,0.07297578981833874,-0.06079772209613984,0.1730624172558479,68.01473607751608,1.0,76.52482067687583
23,2021,7,0.2875281012815059,-0.38396649546393846,1.5635738495159393,1,21,76.52482067687583,0,1.354887069646549,0.022371719389873864,0.153695778184244,0.4536680142969604,0.04451426009448091,0.04522988879025328,0.14652043412657423,-0.015976558839015092,0.07297578981833874,69.52579157501813,0.0,81.6239334768266
23,2022,7,0.2875281012815059,-0.38396649546393846,1.5635738495159393,1,22,81.6239334768266,0,0.9669346408671243,0.05649341829193859,0.21260189490347958,0.5752349464681876,0.03132489086499819,0.020327894609055278,0.09464024049529064,-0.04097932306859765,0.14652043412657423,76.52482067687583,0.0,85.86245209399053
23,2023,7,0.2875281012815059,-0.38396649546393846,1.5635738495159393,1,23,85.86245209399053,0,1.554837944838792,-0.028002261787155716,0.0647130488592282,0.6347956956957009,-0.00742153549314847,0.023145973387357695,0.16193326501138022,-0.0020865020688633274,0.09464024049529064,81.6239334768266,0.0,90.75084130533544
23,2024,7,0.2875281012815059,-0.38396649546393846,1.5635738495159393,1,24,90.75084130533544,0,1.786444189735,-0.05432476031080646,0.19690362119191032,0.6139208225140568,0.015938263924409415,0.02476785924391925,0.21277741976391,0.0257886955762199,0.16193326501138022,85.86245209399053,0.0,
24,2015,2,1.0349016341976558,-0.305833169550622,0.9312547649357208,0,31,60.900905442494086,0,1.2931852850646202,0.11901429435804917,0.44626773691260513,0.7287498111975872,0.06711609261254259,0.017878174439420552,0.08414655225477558,-0.057405076792353016,,,,62.558817857248194
24,2016,2,1.0349016341976558,-0.305833169550622,0.9312547649357208,0,32,62.558817857248194,0,2.2347219832016103,0.014382983422363181,0.2035995647934859,0.5033460223500078,0.04337397680086197,0.05217698347164551,0.27951747034543384,0.07670788316747625,0.08414655225477558,60.900905442494086,0.0,66.37737891411957
24,2017,2,1.0349016341976558,-0.305833169550622,0.9312547649357208,0,33,66.37737891411957,1,1.54988266739428,0.14319382213916085,0.3265027433523534,0.6546048224732034,0.04036203895428973,0.0698591345056188,0.1744413228320958,-0.0035741548614382458,0.27951747034543384,62.558817857248194,0.0,60.973324805808964
24,2018,2,1.0349016341976558,-0.305833169550622,0.9312547649357208,0,34,60.973324805808964,0,1.651825878623946,-0.050629917634975125,0.38577858956111516,0.525118973200089,0.028710330719813267,0.04761703417141282,0.21727979788507826,0.0500530242241393,0.1744413228320958,66.37737891411957,1.0,61.837339727021146
24,2019,2,1.0349016341976558,-0.305833169550622,0.9312547649357208,0,35,61.837339727021146,1,1.3884718659502588,0.11263230801786875,0.30836626116966787,0.48166679996974826,0.07192277399532712,0.022262801133861986,0.23052846705294788,0.07475122670254054,0.21727979788507826,60.973324805808964,0.0,55.39914878494803
24,2020,2,1.0349016341976558,-0.305833169550622,0.9312547649357208,0,36,55.39914878494803,0,1.8306249086701032,0.10167627675794774,0.4643235364622666,0.8038679930920273,0.05963196240044981,0.03577963923049866,0.17758153295756823,-0.012556177380875916,0.23052846705294788,61.837339727021146,1.0,58.63033560668468
24,2021,2,1.0349016341976558,-0.305833169550622,0.9312547649357208,0,37,58.63033560668468,0,1.212646304713122,0.10952711155058331,0.3122389573474908,0.5844808659566069,0.06312196847419237,0.025078835806735922,0.08887288258008733,-0.0539068186294325,0.17758153295756823,55.39914878494803,0.0,72.46150551116959
24,2022,2,1.0349016341976558,-0.305833169550622,0.9312547649357208,0,38,72.46150551116959,0,1.6157358144726117,0.07187106583915209,0.2469474063026059,0.448434486692994,0.030595010965898665,0.032371126562179844,0.184634653147724,0.016726835032682914,0.08887288258008733,58.63033560668468,0.0,79.41817289989628
24,2023,2,1.0349016341976558,-0.305833169550622,0.9312547649357208,0,39,79.41817289989628,0,1.8314866187625476,0.12339526117658518,0.4487978399165497,0.40471014932241284,0.05834809725762698,0.02665594895303475,0.21869226649173884,0.020928603057172344,0.184634653147724,72.46150551116959,0.0,76.73690752085759
24,2024,2,1.0349016341976558,-0.305833169550622,0.9312547649357208,0,40,76.73690752085759,0,1.797298166290263,0.1400966991024739,0.28264597340232284,0.43462552319805553,0.017609208751427526,0.054471842599591716,0.1836861233912131,-0.01517283616272426,0.21869226649173884,79.41817289989628,0.0,
25,2015,4,0.9364283664086581,0.15907687049227423,1.657864079737403,0,21,64.75304498414954,0,1.4469151071170554,0.159436142660209,0.2349726917360866,0.5263599264330762,0.05630266856111001,0.08368157696502362,0.16894815728465623,-0.010073721113611338,,,,66.87233619481536
25,2016,4,0.9364283664086581,0.15907687049227423,1.657864079737403,0,22,66.87233619481536,0,1.6865676851586717,-0.03640092275042603,0.20552203607043698,0.5962555252749062,0.03706821030195008,0.0582211428854851,0.18021628533050224,0.004538114435900753,0.16894815728465623,64.75304498414954,0.0,69.17061392887601
25,2017,4,0.9364283664086581,0.15907687049227423,1.657864079737403,0,23,69.17061392887601,0,1.1077500564341785,0.050634781478182934,0.1701589910435751,0.3416545424255718,0.026814405439371282,0.04756175374590913,0.1727902465784846,0.028813795782601962,0.18021628533050224,66.87233619481536,0.0,74.76329378535348
25,2018,4,0.9364283664086581,0.15907687049227423,1.657864079737403,0,24,74.76329378535348,0,1.8269734825783812,0.11493109782719771,0.36395818656486073,0.4958229365221081,0.07866353923583005,0.04384020848988113,0.20972954136800873,0.006693153031555492,0.1727902465784846,69.17061392887601,0.0,80.13399582604377
25,2019,4,0.9364283664086581,0.15907687049227423,1.657864079737403,0,25,80.13399582604377,0,1.7055086233049133,0.12499988775895822,0.24648490836999198,0.708279422420646,0.03373599653635212,0.060995845641985694,0.21814266301772425,0.024550765205908404,0.20972954136800873,74.76329378535348,0.0,81.05875964517936
25,2020,4,0.9364283664086581,0.15907687049227423,1.657864079737403,0,26,81.05875964517936,0,1.6955040284276341,0.0028166474716522505,0.20415267447632063,0.45858673575969855,0.03287737388913102,0.07421380475169347,0.17816297646563325,-0.012912286709816466,0.21814266301772425,80.13399582604377,0.0,83.45885533895147
25,2021,4,0.9364283664086581,0.15907687049227423,1.657864079737403,0,27,83.45885533895147,0,1.8186642286811054,0.03959314148870805,0.2970798012420214,0.5629761633567578,0.06720556382334189,0.05642118646662295,0.2292041553199834,0.02986759257034844,0.17816297646563325,81.05875964517936,0.0,84.50706877779655
25,2022,4,0.9364283664086581,0.15907687049227423,1.657864079737403,0,28,84.50706877779655,0,1.7374318620839297,-0.0020600968210503084,0.20499898090752958,0.6080028462635443,0.05982219877877404,0.056934037320793905,0.16327566322862963,-0.026121728938303352,0.2292041553199834,83.45885533895147,0.0,86.47185294166098
25,2023,4,0.9364283664086581,0.15907687049227423,1.657864079737403,0,29,86.47185294166098,0,2.4301938284553266,0.003271903247717048,0.1831146579870729,0.5750903822601152,0.06429618060878896,0.05036375412248106,0.21194479029564312,-0.023353650213481614,0.16327566322862963,84.50706877779655,0.0,86.81048929663523
25,2024,4,0.9364283664086581,0.15907687049227423,1.657864079737403,0,30,86.81048929663523,0,2.2958141418799456,0.032733461361206674,0.29909408851527614,0.4997816046476238,0.05261265517660412,0.06118260265001547,0.28352884259863,0.04482077061707989,0.21194479029564312,86.47185294166098,0.0,
26,2015,6,0.2941684231425577,0.4917903556554893,1.7891059543706553,1,20,61.963720866366295,0,1.4681007527111063,0.1702560150268374,0.3613861359040687,0.4685166978083094,0.05468774796244617,0.07376316256943904,0.20897934880153676,0.01289069564163006,,,,61.61882144484862
26,2016,6,0.2941684231425577,0.4917903556554893,1.7891059543706553,1,21,61.61882144484862,0,1.5296848182617777,0.0581561970058402,0.22568163156578513,0.5021346041875734,0.02578545319081833,0.04424557930695843,0.15759839464933406,-0.026364109838561352,0.20897934880153676,61.963720866366295,0.0,63.801076226330224
26,2017,6,0.2941684231425577,0.4917903556554893,1.7891059543706553,1,22,63.801076226330224,1,1.9299991930329936,0.19673253058672635,0.2344103485095555,0.7007479720804849,0.013579982560369637,0.04420849766138974,0.2399635670250025,0.02166222898740383,0.15759839464933406,61.61882144484862,0.0,71.35679415705462
26,2018,6,0.2941684231425577,0.4917903556554893,1.7891059543706553,1,23,71.35679415705462,0,2.3617616422242933,0.10597822276566668,0.10704183703736268,0.4075764693667287,0.014026001924890697,0.07240369465161936,0.268167352686004,0.015262350803371716,0.2399635670250025,63.801076226330224,1.0,73.54101040106195
26,2019,6,0.2941684231425577,0.4917903556554893,1.7891059543706553,1,24,73.54101040106195,0,1.4751377919900608,-0.010663501264548916,0.27297983883442495,0.31435579465660507,0.013301622023401382,0.058533106099534105,0.14640009064029053,-0.041975811762514144,0.268167352686004,71.35679415705462,0.0,76.13867603200768
26,2020,6,0.2941684231425577,0.4917903556554893,1.7891059543706553,1,25,76.13867603200768,0,1.7824336445417026,0.03019515154576581,0.2842641702200014,0.3797999669191335,0.03642422195214376,0.052445108378087094,0.23380150755109488,0.026295633658664823,0.14640009064029053,73.54101040106195,0.0,72.65468703084696
26,2021,6,0.2941684231425577,0.4917903556554893,1.7891059543706553,1,26,72.65468703084696,1,1.7493694265971176,0.11645503503919913,0.1955183450580086,0.4675487304194909,0.05102558186207242,0.048935964985744124,0.22512391910279622,0.014896684216516545,0.23380150755109488,76.13867603200768,0.0,72.94134081952595
26,2022,6,0.2941684231425577,0.4917903556554893,1.7891059543706553,1,27,72.94134081952595,1,1.8784148899551705,0.18393151799883334,0.19528998295612127,0.3384438654533642,0.013837726877594018,0.06999489937546904,0.25172017276735154,0.01954328501426504,0.22512391910279622,72.65468703084696,1.0,74.87344687471825
26,2023,6,0.2941684231425577,0.4917903556554893,1.7891059543706553,1,28,74.87344687471825,0,2.281829610466322,0.10699472546013174,0.16635527125534674,0.5990596194029999,0.008006146241954035,0.07220491388567281,0.2818087346147229,0.03042770213127274,0.25172017276735154,72.94134081952595,1.0,80.69390148160623
26,2024,6,0.2941684231425577,0.4917903556554893,1.7891059543706553,1,29,80.69390148160623,0,2.708612480478294,0.08485648224009891,0.16224395656584556,0.5661850810896701,0.05307811973181442,0.07296645657218895,0.25236376000768923,-0.029907805293160686,0.2818087346147229,74.87344687471825,0.0,
27,2015,9,1.1871757869649087,-1.1254948516449939,-0.61961207852258,1,27,67.72527292496235,1,1.0161609783548724,-0.08848251554689292,0.283938629925815,0.4496376944697665,0.06370825104412603,-0.009798223870573754,0.17134879896309635,0.05137020744304069,,,,73.41115582635962
27,2016,9,1.1871757869649087,-1.1254948516449939,-0.61961207852258,1,28,73.41115582635962,0,0.8914368519692424,-0.13920132494343282,0.3866758333421171,0.3865343027742324,0.07584011318802546,-0.0037305035217271507,0.13938374406787565,0.023015305285521325,0.17134879896309635,67.72527292496235,1.0,81.6942282124614
27,2017,9,1.1871757869649087,-1.1254948516449939,-0.61961207852258,1,29,81.6942282124614,0,1.350250692250138,-0.05827400538705838,0.35507556584081,0.2701405681091709,0.07182208946310678,0.01983124027814457,0.21427609164671912,0.053431633063910855,0.13938374406787565,73.41115582635962,0.0,80.36341791124319
27,2018,9,1.1871757869649087,-1.1254948516449939,-0.61961207852258,1,30,80.36341791124319,1,0.9201448994755042,-0.17780624470289852,0.4393971851848406,0.4030096776508499,0.05019590638663652,0.01946554282705283,0.0513555510093842,-0.07451331858731093,0.21427609164671912,81.6942282124614,0.0,83.20541559005278
27,2019,9,1.1871757869649087,-1.1254948516449939,-0.61961207852258,1,31,83.20541559005278,0,0.7736203518969482,-0.1180515323201814,0.5220422265932715,0.4189382313537977,0.07887871382826828,0.03488120831498078,0.07251410239418836,-0.049028898923270364,0.0513555510093842,80.36341791124319,1.0,81.32499205843676
27,2020,9,1.1871757869649087,-1.1254948516449939,-0.61961207852258,1,32,81.32499205843676,0,1.3278697018738441,0.024666210516578923,0.40191792697496015,0.5212003429452643,0.0843311577222323,0.00970657202550312,0.12170463235338849,-0.03924496863181099,0.07251410239418836,83.20541559005278,0.0,85.4991911728127
27,2021,9,1.1871757869649087,-1.1254948516449939,-0.61961207852258,1,33,85.4991911728127,0,1.1590297811695092,0.01504351898395544,0.24995947732897236,0.3820355129346045,0.11894530873218201,0.05949171964867553,0.18753248094185038,0.027764702566417106,0.12170463235338849,81.32499205843676,0.0,97.394246134173
27,2022,9,1.1871757869649087,-1.1254948516449939,-0.61961207852258,1,34,97.394246134173,1,1.1119752863675423,-0.08329074773497915,0.4201434106632784,0.38417013528944655,0.06197931658753926,0.06482910988628236,0.22385691457441342,0.06430843191947865,0.18753248094185038,85.4991911728127,0.0,100.0
27,2023,9,1.1871757869649087,-1.1254948516449939,-0.61961207852258,1,35,100.0,1,0.9153391886230983,-0.025870134445710756,0.40669593268221443,0.32550546909401623,0.10919750929094135,0.020296747367229438,0.06287610136961176,-0.07982861449984509,0.22385691457441342,97.394246134173,1.0,94.19002103713333
27,2024,9,1.1871757869649087,-1.1254948516449939,-0.61961207852258,1,36,94.19002103713333,1,1.2568710697879886,-0.1716189968888367,0.4148133687609606,0.34923951430087036,0.06668489085515102,0.009297305476207874,0.08029432053084931,-0.06807915968884515,0.06287610136961176,100.0,1.0,
28,2015,1,0.04690512642815514,0.03216804632208219,-0.5883846644009123,0,28,55.52924730386155,0,1.8497710865457013,0.07907448438667831,0.26797790932395854,0.3803705176626374,0.020852199627446676,0.06788957378393123,0.1823756306038921,-0.005632910757011126,,,,54.62810698276245
28,2016,1,0.04690512642815514,0.03216804632208219,-0.5883846644009123,0,29,54.62810698276245,0,1.1331885262737806,0.0861829816917389,0.4394708517041466,0.42177322428705405,0.02503534972124216,0.060980613114235534,0.15284046213648425,0.00760847231556263,0.1823756306038921,55.52924730386155,0.0,49.97318056040434
28,2017,1,0.04690512642815514,0.03216804632208219,-0.5883846644009123,0,30,49.97318056040434,0,1.6744144580008702,0.0020113249928733756,0.4776359974096908,0.39654205896592876,0.02501191424946083,0.023913661146045272,0.19754337811773265,0.02750763610189844,0.15284046213648425,54.62810698276245,0.0,51.51734484737354
28,2018,1,0.04690512642815514,0.03216804632208219,-0.5883846644009123,0,31,51.51734484737354,0,1.6189373199481416,0.11802293393308858,0.4882199295553643,0.4141445297176503,0.02960228027135712,0.06765961081629938,0.18902927197270067,0.0014962953149715694,0.19754337811773265,49.97318056040434,0.0,53.78874465021239
28,2019,1,0.04690512642815514,0.03216804632208219,-0.5883846644009123,0,32,53.78874465021239,0,1.0370099626202225,0.0912016272769827,0.2321064205815291,0.4510430816485923,0.05196169092438159,0.02688478778713534,0.08502461706916711,-0.04145749681577468,0.18902927197270067,51.51734484737354,0.0,54.9172385874123
28,2020,1,0.04690512642815514,0.03216804632208219,-0.5883846644009123,0,33,54.9172385874123,0,1.814143931214414,0.21396037507202306,0.3847803572936052,0.3293525005787334,0.01565635752601855,0.04976112551306947,0.2309780878525805,0.030734277081895953,0.08502461706916711,53.78874465021239,0.0,62.60709286037975
28,2021,1,0.04690512642815514,0.03216804632208219,-0.5883846644009123,0,34,62.60709286037975,0,2.001979647701727,0.24892481655960777,0.18685632682048003,0.4440975852100085,0.0241358036378833,0.08261324176829404,0.1986782134960885,-0.022008036166475568,0.2309780878525805,54.9172385874123,0.0,70.8205090394083
28,2022,1,0.04690512642815514,0.03216804632208219,-0.5883846644009123,0,35,70.8205090394083,0,1.5181581655504863,0.05335231848431249,0.31638830021436015,0.3662762273471316,0.04802159466409263,0.08716221938985277,0.2030459421044421,0.02404496078731312,0.1986782134960885,62.60709286037975,0.0,74.75353025062907
28,2023,1,0.04690512642815514,0.03216804632208219,-0.5883846644009123,0,36,74.75353025062907,0,1.7114652641843322,0.1795646264163316,0.2674281732694637,0.47625261694086185,0.06667900998057183,0.023313545195277275,0.1684197534573764,-0.01635314383980471,0.2030459421044421,70.8205090394083,0.0,74.77901657553721
28,2024,1,0.04690512642815514,0.03216804632208219,-0.5883846644009123,0,37,74.77901657553721,0,1.41193774725929,0.0482592264184913,0.3246841540700237,0.5764070209744391,0.059198514936232564,0.06166524285260421,0.099655331104234,-0.06311288892230923,0.1684197534573764,74.75353025062907,0.0,
29,2015,5,0.4973829245481035,0.19493964649307158,0.16914415019736823,0,33,59.39955302920931,0,1.1714569852475347,0.18995464847757976,0.30627683816177476,0.5921688996299296,0.01766417133202329,0.06554347211935044,0.16993711057522748,0.0051435341963133015,,,,64.42805355197004
29,2016,5,0.4973829245481035,0.19493964649307158,0.16914415019736823,0,34,64.42805355197004,0,1.7848103254608279,0.0728330339419921,0.2050234730963142,0.4722855305805385,0.051810744413673,0.036973203846694926,0.18080669104127592,-0.012928168095419813,0.16993711057522748,59.39955302920931,0.0,65.20649897629406
29,2017,5,0.4973829245481035,0.19493964649307158,0.16914415019736823,0,35,65.20649897629406,0,1.6277293173685947,0.05533415929372158,0.26559764935268515,0.463301365267567,0.037240947107768936,0.03991730241404483,0.22453800182160433,0.03877183971857657,0.18080669104127592,64.42805355197004,0.0,76.50957882141331
29,2018,5,0.4973829245481035,0.19493964649307158,0.16914415019736823,0,36,76.50957882141331,0,1.411788751821757,0.0837672634490121,0.24313227159003964,0.3305530372385661,0.07006949178037347,0.07503740935516542,0.20762519483536362,0.022630987352369045,0.22453800182160433,65.20649897629406,0.0,76.2742117183411
29,2019,5,0.4973829245481035,0.19493964649307158,0.16914415019736823,0,37,76.2742117183411,0,1.526936089044186,0.14073004905609363,0.1706662533536541,0.3728821715530581,0.029145285270322414,0.0547368733509319,0.15520034863517626,-0.03456707479249299,0.20762519483536362,76.50957882141331,0.0,73.38963616051105
29,2020,5,0.4973829245481035,0.19493964649307158,0.16914415019736823,0,38,73.38963616051105,0,2.2989672621121837,0.16828460091007563,0.23456407078099473,0.48761581068916693,0.021627455759226012,0.04642371121265893,0.25248980220245626,0.009189284074280912,0.15520034863517626,76.2742117183411,0.0,79.235062335957
29,2021,5,0.4973829245481035,0.19493964649307158,0.16914415019736823,0,39,79.235062335957,0,1.7122117716741454,0.016194044605078964,0.30478031815948853,0.5673504576520445,0.037458196550482915,0.06109261510567203,0.17666751200766928,-0.02295465385013195,0.25248980220245626,73.38963616051105,0.0,85.60529808240591
29,2022,5,0.4973829245481035,0.19493964649307158,0.16914415019736823,0,40,85.60529808240591,0,1.5361803030606949,-0.06431803206494505,0.28981282462943325,0.42210248592264965,0.07191113370002168,0.050999502542740355,0.18778245130125193,0.008405488825358721,0.17666751200766928,79.235062335957,0.0,91.4969174823014
29,2023,5,0.4973829245481035,0.19493964649307158,0.16914415019736823,0,41,91.4969174823014,0,2.036790041723724,0.17983906804638167,0.21984359476507478,0.415419680236062,0.040753228968933325,0.04811623763247099,0.2616055774820938,0.030476911388419573,0.18778245130125193,85.60529808240591,0.0,94.0873181500573
29,2024,5,0.4973829245481035,0.19493964649307158,0.16914415019736823,0,42,94.0873181500573,0,1.9010781795348213,0.018042806003614395,0.1727315344502343,0.6039772498996921,0.052925568528498966,0.06599326748928241,0.23517547456320556,0.023028790557530727,0.2616055774820938,91.4969174823014,0.0,
30,2015,5,0.6007176729186787,0.06826395223474516,0.888079567011504,1,15,56.45608776247196,0,1.625141266794908,0.17140231417758672,0.2052024364671757,0.5550248228525688,0.07536260604712322,0.040385141382739846,0.1871579064924707,-0.002494544371830666,,,,55.72066908131643
30,2016,5,0.6007176729186787,0.06826395223474516,0.888079567011504,1,16,55.72066908131643,0,1.8160144754272627,0.17249561068723698,0.2909394679770225,0.509033178201927,0.046830531171178885,0.04782478446515221,0.2076242864185051,-0.004361576631032338,0.1871579064924707,56.45608776247196,0.0,56.90947839671513
30,2017,5,0.6007176729186787,0.06826395223474516,0.888079567011504,1,17,56.90947839671513,0,1.2573938961177742,-0.0539925039858386,0.25926437372591243,0.5733969574196849,0.033114133423913755,0.056150102172562624,0.17119764738657134,0.013937863443771636,0.2076242864185051,55.72066908131643,0.0,61.00462219762328
30,2018,5,0.6007176729186787,0.06826395223474516,0.888079567011504,1,18,61.00462219762328,0,1.5858090487071463,0.10880463573276644,0.6894027359815744,0.6838742867686124,0.03324602107409019,0.06930883316901713,0.2976036086494369,0.08932715203275149,0.17119764738657134,56.90947839671513,0.0,53.587503448343575
30,2019,5,0.6007176729186787,0.06826395223474516,0.888079567011504,1,19,53.587503448343575,1,1.5502982013275644,0.15799174114601838,0.3204490867862255,0.39426353892816496,0.045403871717869186,0.04876692417925026,0.20983918143879562,0.007360265916842284,0.2976036086494369,61.00462219762328,0.0,58.754185906682636
30,2020,5,0.6007176729186787,0.06826395223474516,0.888079567011504,1,20,58.754185906682636,0,1.992382842160071,0.21318985603198054,0.20888723336666715,0.43614228320882087,0.027906791947487422,0.03688768725013202,0.2169703973944085,-0.011131839889461514,0.20983918143879562,53.587503448343575,1.0,63.402148226882346
30,2021,5,0.6007176729186787,0.06826395223474516,0.888079567011504,1,21,63.402148226882346,0,1.7666996091560425,0.16502532783769008,0.3172784439881705,0.5814753707788769,0.015556965126015898,0.03019255921714684,0.1698233462831438,-0.03975613498222388,0.2169703973944085,58.754185906682636,0.0,61.34765080595356
30,2022,5,0.6007176729186787,0.06826395223474516,0.888079567011504,1,22,61.34765080595356,0,1.1162683184469429,0.09475573494635799,0.14169590763056078,0.539308365262452,0.0845696615215176,0.04825864097640777,0.15356860302471992,-0.003329137766675973,0.1698233462831438,63.402148226882346,0.0,70.51443726968049
30,2023,5,0.6007176729186787,0.06826395223474516,0.888079567011504,1,23,70.51443726968049,1,2.3961649919523067,0.09649449897994605,0.3069161967533399,0.35004029156507804,0.06838929658084815,0.03797241669817372,0.25537269160246207,0.0014969885153603023,0.15356860302471992,61.34765080595356,0.0,79.48485937897534
30,2024,5,0.6007176729186787,0.06826395223474516,0.888079567011504,1,24,79.48485937897534,1,1.8784476685148244,0.010718800393510516,0.5052383823299166,0.6703376789929731,0.058528240455391914,0.030095705217337072,0.2189176863955427,0.0037879503619407135,0.25537269160246207,70.51443726968049,1.0,
31,2015,1,-1.3163654988749547,-0.7761602045916085,-0.45144254931464883,0,33,55.06980482321613,0,0.6486109699970314,0.03037471163820426,0.15157730101982037,0.18289092664545037,0.025683824458686683,0.03989726634706039,0.06410168566728279,-0.026652197931814392,,,,45.6657946320286
31,2016,1,-1.3163654988749547,-0.7761602045916085,-0.45144254931464883,0,34,45.6657946320286,0,1.0107415531893071,0.061619498339643954,0.3033682414739029,0.38569262577983543,0.013072975955525257,0.03817658065985232,0.1195273779362619,0.0007709408893264476,0.06410168566728279,55.06980482321613,0.0,44.69486000333678
31,2017,1,-1.3163654988749547,-0.7761602045916085,-0.45144254931464883,0,35,44.69486000333678,0,1.2073755112516498,-0.05020529537487535,0.23700627233239518,0.486659184196511,0.023759006996863823,0.026232620610397456,0.16820017281581479,0.04801349678651757,0.1195273779362619,45.6657946320286,0.0,48.48108222543511
31,2018,1,-1.3163654988749547,-0.7761602045916085,-0.45144254931464883,0,36,48.48108222543511,0,0.6399006194194308,-0.07581332668714184,0.23498724029093418,0.6903942422143657,0.028599878511446016,0.003781947905342326,0.12574720791692748,0.05340238073145643,0.16820017281581479,44.69486000333678,0.0,43.66198341168669
31,2019,1,-1.3163654988749547,-0.7761602045916085,-0.45144254931464883,0,37,43.66198341168669,0,1.065927104325322,0.07522388098270613,0.34323658569495524,0.32359690596517093,0.02437741388883612,0.031048910211697887,0.09401245841021572,-0.035658639994533274,0.12574720791692748,48.48108222543511,0.0,48.82572409294103
31,2020,1,-1.3163654988749547,-0.7761602045916085,-0.45144254931464883,0,38,48.82572409294103,0,0.7997312252388518,-0.0888018898039848,0.1255783504926672,0.5759895614122263,0.008705754629864039,0.04456534826823594,0.0763371751316437,-0.01323523741819232,0.09401245841021572,43.66198341168669,0.0,50.82857354192598
31,2021,1,-1.3163654988749547,-0.7761602045916085,-0.45144254931464883,0,39,50.82857354192598,0,1.432609456479958,-0.07065205509615491,0.22961495044453042,0.5261256516360615,0.0016126541074568557,-0.005429002448796617,0.14123953472758652,0.012582912593167139,0.0763371751316437,48.82572409294103,0.0,55.78080951749995
31,2022,1,-1.3163654988749547,-0.7761602045916085,-0.45144254931464883,0,40,55.78080951749995,0,1.107935807571803,-0.03272823732293886,0.2588237970222829,0.5824887507024885,0.06754823388784438,-0.004303028341270859,0.12639761674386055,0.014085533222406221,0.14123953472758652,50.82857354192598,0.0,54.59164352370955
31,2023,1,-1.3163654988749547,-0.7761602045916085,-0.45144254931464883,0,41,54.59164352370955,0,2.0313159367461875,0.009442121992890982,0.32862992263308294,0.3681195251217764,0.036628493391662104,0.04032006727710737,0.16666023654225307,-0.0304969382897228,0.12639761674386055,55.78080951749995,0.0,59.06216139748045
31,2024,1,-1.3163654988749547,-0.7761602045916085,-0.45144254931464883,0,42,59.06216139748045,0,0.7392165574388435,-0.013767808286745713,0.29914253980697547,0.22053799409154348,0.02593521920150673,0.036572821432482874,0.11611456547169235,0.007973357653892791,0.16666023654225307,54.59164352370955,0.0,
32,2015,2,0.4249246467996308,1.4437676796635885,0.9720686330167768,0,19,59.006502900868995,0,1.5478411555602778,0.13682107445601432,0.12168510108750832,0.5001125896012859,0.04897085703840844,0.08061037796816932,0.2211771599754125,0.03855298338333326,,,,57.08500545899272
32,2016,2,0.4249246467996308,1.4437676796635885,0.9720686330167768,0,20,57.08500545899272,0,1.832130632611064,0.20203347725652335,0.17077634128372382,0.5733912576656927,0.06276156280360703,0.044237107712278,0.1652524488427329,-0.038737447174932195,0.2211771599754125,59.006502900868995,0.0,54.42376428951232
32,2017,2,0.4249246467996308,1.4437676796635885,0.9720686330167768,0,21,54.42376428951232,1,2.0933645860298307,0.42563334136382047,0.0982707303811597,0.4771078455883193,0.030318914212841375,0.10115207865438748,0.25688853104754816,0.006513785019677733,0.1652524488427329,57.08500545899272,0.0,53.24854536597932
32,2018,2,0.4249246467996308,1.4437676796635885,0.9720686330167768,0,22,53.24854536597932,0,2.1613569851115773,0.1128719444946845,0.26048295112978853,0.6349354492571638,0.0459955644456194,0.1006405921092537,0.244756589519029,0.006153328488670912,0.25688853104754816,54.42376428951232,1.0,63.73920151589209
32,2019,2,0.4249246467996308,1.4437676796635885,0.9720686330167768,0,23,63.73920151589209,0,2.002864987598253,0.24497382253318675,0.09899443127407047,0.6771504694271342,0.026714198837203783,0.08475605674995156,0.2576421982141294,0.029715765800963623,0.244756589519029,53.24854536597932,0.0,66.224709144962
32,2020,2,0.4249246467996308,1.4437676796635885,0.9720686330167768,0,24,66.224709144962,0,2.7267423723749595,0.1949675215556812,0.25210961382978636,0.544006402522276,0.011496805695204705,0.10276591220599077,0.3558435900408393,0.06764732561366199,0.2576421982141294,63.73920151589209,0.0,74.53787574825677
32,2021,2,0.4249246467996308,1.4437676796635885,0.9720686330167768,0,25,74.53787574825677,0,2.1636908134555757,0.24003376347732458,0.2243473771876753,0.5520378409808369,0.062202891620737694,0.10553253701672297,0.31036510763152303,0.05424535593890401,0.3558435900408393,66.224709144962,0.0,72.95554164970966
32,2022,2,0.4249246467996308,1.4437676796635885,0.9720686330167768,0,26,72.95554164970966,0,2.7025658701056186,0.19824601376055268,0.25681664052461334,0.4915052100429984,0.07164132793870388,0.06583075984459656,0.3388464494930392,0.05563666912391637,0.31036510763152303,74.53787574825677,0.0,77.02212431940227
32,2023,2,0.4249246467996308,1.4437676796635885,0.9720686330167768,0,27,77.02212431940227,0,2.063585746977462,0.1254352830223802,0.24170751957344658,0.5918127940355474,0.021428174024118,0.09353963878691346,0.25466766963616655,0.015611769314648314,0.3388464494930392,72.95554164970966,0.0,78.58217529788489
32,2024,2,0.4249246467996308,1.4437676796635885,0.9720686330167768,0,28,78.58217529788489,0,2.250053184223548,0.40165171115317966,0.2356784106289217,0.6155653088677704,0.05578302540999068,0.04745471120244567,0.300813549673952,0.041173051354854336,0.25466766963616655,77.02212431940227,0.0,
33,2015,1,-0.4132367148802001,1.0855843475113023,-1.7830846520753851,0,30,56.242922155202855,0,1.6022992783597134,0.08336130340227914,0.12535797723732012,0.32571673929818856,0.08397120921664555,0.06537359356311823,0.17412882812427471,0.0038629852433718507,,,,59.4406182203781
33,2016,1,-0.4132367148802001,1.0855843475113023,-1.7830846520753851,0,31,59.4406182203781,0,1.6862501118659141,0.19680565652779822,0.2626312905275363,0.26526828636408545,0.0502751340978042,0.07375036274692509,0.20533557452372597,0.009971042798378552,0.17412882812427471,56.242922155202855,0.0,58.40904562696464
33,2017,1,-0.4132367148802001,1.0855843475113023,-1.7830846520753851,0,32,58.40904562696464,0,2.012539028484525,0.16211388028759322,0.14312038407408545,0.3402447620777559,0.05668201706657439,0.052345000453042814,0.1793051389532674,-0.027934278225038443,0.20533557452372597,59.4406182203781,0.0,57.41969317931155
33,2018,1,-0.4132367148802001,1.0855843475113023,-1.7830846520753851,0,33,57.41969317931155,0,1.989638311085629,0.18070315013154908,0.3545075704995675,0.20590381055335133,0.05934063566234855,0.04749117925965353,0.26469450864001465,0.04887470190844925,0.1793051389532674,58.40904562696464,0.0,57.05554075792344
33,2019,1,-0.4132367148802001,1.0855843475113023,-1.7830846520753851,0,34,57.05554075792344,0,2.3347834851797638,0.16605055179273806,0.4019235185949784,0.3790205507336067,0.04462023872460308,0.056052754012846664,0.2428751861974083,-0.000507084837701044,0.26469450864001465,57.41969317931155,0.0,58.586518405766974
33,2020,1,-0.4132367148802001,1.0855843475113023,-1.7830846520753851,0,35,58.586518405766974,0,1.55380645436462,0.2264663059756169,0.3171194385005889,0.2435533829300017,0.05377978331988959,0.08313931440551528,0.25543148284020334,0.05624992357645429,0.2428751861974083,57.05554075792344,0.0,63.909782229570936
33,2021,1,-0.4132367148802001,1.0855843475113023,-1.7830846520753851,0,36,63.909782229570936,0,2.0903332101204937,0.1827459471730802,0.29513248167147554,0.415166976066177,0.05541575867427242,0.05831826956508272,0.2973541545203235,0.07202270736012535,0.25543148284020334,58.586518405766974,0.0,65.34804152910233
33,2022,1,-0.4132367148802001,1.0855843475113023,-1.7830846520753851,0,37,65.34804152910233,0,1.4388461297315795,0.17064239837228146,0.45501558293390393,0.19503282623004692,0.028801199515309985,0.052490095769191204,0.18960665562936074,0.00010193347946199791,0.2973541545203235,63.909782229570936,0.0,76.27575504777062
33,2023,1,-0.4132367148802001,1.0855843475113023,-1.7830846520753851,0,38,76.27575504777062,0,1.540383255236391,0.15134067957444336,0.3070388391068549,0.33381936290434344,0.051765643921098094,0.06811319480649008,0.1993790964839779,0.011069597835269243,0.18960665562936074,65.34804152910233,0.0,81.53206278748185
33,2024,1,-0.4132367148802001,1.0855843475113023,-1.7830846520753851,0,39,81.53206278748185,0,1.5294753984253298,0.15274115209224143,0.21650783790450281,0.37297064622579573,0.06311629182651235,0.02983263416345156,0.2015770667988553,0.025261884347941754,0.1993790964839779,76.27575504777062,0.0,
34,2015,3,-0.8152240554611976,-0.6080514849571772,-0.455255549203067,1,10,53.903132679630524,0,0.6077587736515638,-0.024591714951228152,0.17021687887521816,0.5233726818584752,0.03369349825268579,0.05155625688170119,0.10655926469854125,0.02501061236746494,,,,52.89101106570299
34,2016,3,-0.8152240554611976,-0.6080514849571772,-0.455255549203067,1,11,52.89101106570299,0,0.554890120484869,0.05057712559768602,0.19580043180456277,0.37515525996289617,0.0224731437102457,0.038927798505197134,0.07810547298784468,-0.006568403447232058,0.10655926469854125,53.903132679630524,0.0,45.84047351979324
34,2017,3,-0.8152240554611976,-0.6080514849571772,-0.455255549203067,1,12,45.84047351979324,0,1.1827895151009291,-0.041867112788962324,0.5063009958986774,0.29020317089365255,0.04678298621876015,0.043073241711740984,0.08935093782101469,-0.04569680493235876,0.07810547298784468,52.89101106570299,0.0,49.06300262894094
34,2018,3,-0.8152240554611976,-0.6080514849571772,-0.455255549203067,1,13,49.06300262894094,0,1.0562634644215625,-0.06673737523720724,0.2596545345040711,0.4565466292655035,-0.007990413738044932,0.026750801214420868,0.06468082677287353,-0.04565744430459866,0.08935093782101469,45.84047351979324,0.0,48.94321144231668
34,2019,3,-0.8152240554611976,-0.6080514849571772,-0.455255549203067,1,14,48.94321144231668,0,0.6679859874615175,0.023131596992610734,0.24677085788759576,0.3149482625802742,0.03400754401774086,0.025881569970782833,0.08363416507765256,-0.008299320375888607,0.06468082677287353,49.06300262894094,0.0,48.85699039035889
34,2020,3,-0.8152240554611976,-0.6080514849571772,-0.455255549203067,1,15,48.85699039035889,0,1.2021529095847852,0.05357499218741885,0.4289458948213815,0.43852852448678514,0.003152943991246441,0.03559509771651634,0.16513326387203395,0.025475679429702167,0.08363416507765256,48.94321144231668,0.0,57.44002802152351
34,2021,3,-0.8152240554611976,-0.6080514849571772,-0.455255549203067,1,16,57.44002802152351,0,1.0979281113925297,-0.015480440102417078,0.18492320431372605,0.32482244390607384,0.017282983116811562,0.017856833543258066,0.1359831545706482,0.015521880442873144,0.16513326387203395,48.85699039035889,0.0,53.62746317172896
34,2022,3,-0.8152240554611976,-0.6080514849571772,-0.455255549203067,1,17,53.62746317172896,0,1.6564698317940068,0.08829699043252698,0.21978232140075576,0.4955139146612326,0.024754118489033205,0.010546709992985574,0.1563925199383631,-0.00739602228997818,0.1359831545706482,57.44002802152351,0.0,56.41908925348911
34,2023,3,-0.8152240554611976,-0.6080514849571772,-0.455255549203067,1,18,56.41908925348911,0,1.3469115976320323,-0.049672565590953156,0.15972179522579957,0.3287541538020465,0.024925134087854385,0.0584425705842902,0.14932796838584425,0.003926286247390257,0.1563925199383631,53.62746317172896,0.0,60.57509319873358
34,2024,3,-0.8152240554611976,-0.6080514849571772,-0.455255549203067,1,19,60.57509319873358,0,1.3717474196894017,-0.016406071055378352,0.19134799360504845,0.4279358923773172,0.043935026674033,0.03662517417967847,0.09557243379525499,-0.04911912814890296,0.14932796838584425,56.41908925348911,0.0,
35,2015,7,0.24287779683330582,-0.6120419097565318,1.3593715737288845,1,3,70.65043047389564,0,1.5753347789494454,0.012483289862904787,0.1620906381829671,0.6394769236575418,0.006117857617950317,0.05056321088819203,0.2049998568093868,0.03746342858521068,,,,72.62354920630231
35,2016,7,0.24287779683330582,-0.6120419097565318,1.3593715737288845,1,4,72.62354920630231,0,1.1567530092511378,-0.017114777638807352,0.38197125765716555,0.3503202215042527,0.04229048808699079,0.033523079033552464,0.16104609405246234,0.012073837787678586,0.2049998568093868,70.65043047389564,0.0,68.93714085346609
35,2017,7,0.24287779683330582,-0.6120419097565318,1.3593715737288845,1,5,68.93714085346609,1,0.6057828688303818,0.1237089220778957,0.13424814196245644,0.37637646494388544,0.01875974099447896,0.05122661348483977,0.16904099931382316,0.05368076560366408,0.16104609405246234,72.62354920630231,0.0,63.82956555611879
35,2018,7,0.24287779683330582,-0.6120419097565318,1.3593715737288845,1,6,63.82956555611879,0,1.3144949257381175,0.07173785449995515,0.2625362255220877,0.5455453495379153,0.03287955986229037,0.03957965942171258,0.12625746232041318,-0.03486085055646483,0.16904099931382316,68.93714085346609,1.0,68.54001778874726
35,2019,7,0.24287779683330582,-0.6120419097565318,1.3593715737288845,1,7,68.54001778874726,1,1.7161030978160179,-0.03540922689614542,0.2634590134322491,0.5266265070883437,0.03974415114406524,0.03681360115283272,0.21828717284006638,0.03785309947810671,0.12625746232041318,63.82956555611879,0.0,77.38625172878753
35,2020,7,0.24287779683330582,-0.6120419097565318,1.3593715737288845,1,8,77.38625172878753,0,1.354196738335851,0.015882797702669652,0.19035608742798482,0.33156858263823,0.029801840589431333,0.03857738108135627,0.1858946113872238,0.021367931862263587,0.21828717284006638,68.54001778874726,1.0,79.89232114831209
35,2021,7,0.24287779683330582,-0.6120419097565318,1.3593715737288845,1,9,79.89232114831209,0,1.2329004115286828,0.057695310422658595,0.27658104662693933,0.6804849205496395,0.04864750191583703,0.05402337387705293,0.13455869032632461,-0.024769402957851776,0.1858946113872238,77.38625172878753,0.0,78.70676549516544
35,2022,7,0.24287779683330582,-0.6120419097565318,1.3593715737288845,1,10,78.70676549516544,1,1.2883144843466612,-0.06364451775870149,0.20720311308402917,0.6186099701174168,0.04524248098204367,0.028944538620690317,0.11863631409151706,-0.027590909263999066,0.13455869032632461,79.89232114831209,0.0,84.3654581610745
35,2023,7,0.24287779683330582,-0.6120419097565318,1.3593715737288845,1,11,84.3654581610745,0,1.579870339096657,0.081564302292884,0.11053396175874905,0.6470799002987838,0.02834975302276331,0.04254717534805821,0.17264285915457553,-0.004559379776736138,0.11863631409151706,78.70676549516544,1.0,92.78188026998231
35,2024,7,0.24287779683330582,-0.6120419097565318,1.3593715737288845,1,12,92.78188026998231,0,1.5706621362500057,-0.10227543454649053,0.4041496154034804,0.5808293561985212,0.016427517445897405,0.07186679669983778,0.15732196821731717,-0.026550515911262527,0.17264285915457553,84.3654581610745,0.0,
36,2015,2,-0.7246493961281161,0.07971303776515802,1.2624184560103118,1,29,52.95261893725153,0,1.2885528682626657,0.12499133041257476,0.11961463875567654,0.4442803997002283,0.013294707548681558,0.05050970698864138,0.1729038374107263,0.024188420769026053,,,,48.54512792658581
36,2016,2,-0.7246493961281161,0.07971303776515802,1.2624184560103118,1,30,48.54512792658581,0,1.5108847468567974,0.09168339593651267,0.09656293820452909,0.5428257672674481,0.021025778703534465,0.08252207791718727,0.20741427132502507,0.03799986477999943,0.1729038374107263,52.95261893725153,0.0,50.07935350268104
36,2017,2,-0.7246493961281161,0.07971303776515802,1.2624184560103118,1,31,50.07935350268104,0,1.9214186088324983,0.09578430135679766,0.19646658053444468,0.5115586581851684,0.033732299907409585,0.04577270143483768,0.17467317584030445,-0.021601112990629813,0.20741427132502507,48.54512792658581,0.0,52.64429388427338
36,2018,2,-0.7246493961281161,0.07971303776515802,1.2624184560103118,1,32,52.64429388427338,0,1.4509838206823444,-0.0012551206931340486,0.21610710262069635,0.6355568155935049,-0.016134786474844898,0.03490615312163554,0.17462580708610867,0.022749703093763025,0.17467317584030445,50.07935350268104,0.0,53.1858864576594
36,2019,2,-0.7246493961281161,0.07971303776515802,1.2624184560103118,1,33,53.1858864576594,0,1.564790066555032,0.18642522870111278,0.11598865380557535,0.6752920592810553,0.011940585121846665,0.0551746653245313,0.13903635639320147,-0.036322930820164835,0.17462580708610867,52.64429388427338,0.0,52.64730132140929
36,2020,2,-0.7246493961281161,0.07971303776515802,1.2624184560103118,1,34,52.64730132140929,0,1.3098346198886037,0.015814063865069637,0.23151944950981138,0.4962226746730586,0.0077947540005966435,0.03548727764009361,0.1298808812479418,-0.017328784166991077,0.13903635639320147,53.1858864576594,0.0,60.49014319531554
36,2021,2,-0.7246493961281161,0.07971303776515802,1.2624184560103118,1,35,60.49014319531554,1,1.2852212698722643,0.06016228725391325,0.214198707528102,0.6371513268239246,0.012787235251630471,0.032091806904805224,0.16925674776469257,0.02368824170401605,0.1298808812479418,52.64730132140929,0.0,56.20088825245314
36,2022,2,-0.7246493961281161,0.07971303776515802,1.2624184560103118,1,36,56.20088825245314,0,2.0910487613176376,0.0934739350086252,0.2935900395683896,0.3917375813763602,-0.0006181513043575799,0.061236591173061676,0.2459555624550259,0.02520315866231831,0.16925674776469257,60.49014319531554,1.0,57.16630916161893
36,2023,2,-0.7246493961281161,0.07971303776515802,1.2624184560103118,1,37,57.16630916161893,0,2.1376395455310795,0.007983256839224954,0.13669536687901737,0.5186187514399259,0.014470261785485168,0.05820362161426372,0.21998497572558887,0.00717131699027946,0.2459555624550259,56.20088825245314,0.0,62.525848619620895
36,2024,2,-0.7246493961281161,0.07971303776515802,1.2624184560103118,1,38,62.525848619620895,0,1.7610036312280226,0.09761987899441112,0.13747337606813226,0.518690294055653,-0.019452195441971756,0.03550594328406357,0.20259470276191402,0.014526305363120013,0.21998497572558887,57.16630916161893,0.0,
37,2015,9,-0.5029237068960392,1.0523317170636541,-0.08341475221054818,1,12,57.781930733512326,0,2.008456085071921,0.16274263983841925,0.28126595479818567,0.6520467895716253,0.04090197484978117,0.07513039925994859,0.20864999364116793,-0.0274647941229456,,,,59.48323812083843
37,2016,9,-0.5029237068960392,1.0523317170636541,-0.08341475221054818,1,13,59.48323812083843,0,1.533574462903198,0.053616298246469546,0.46653788657297135,0.36998809311571107,0.04339257171963841,0.08845826212060559,0.21695946141562364,0.003541130439000981,0.20864999364116793,57.781930733512326,0.0,62.77587185359772
37,2017,9,-0.5029237068960392,1.0523317170636541,-0.08341475221054818,1,14,62.77587185359772,0,1.4415721063408187,0.06634569085546714,0.3309502399328788,0.4454904873485579,0.03129213232645835,0.07409853123302029,0.20027357818792013,0.000457225185622367,0.21695946141562364,59.48323812083843,0.0,70.46466347712023
37,2018,9,-0.5029237068960392,1.0523317170636541,-0.08341475221054818,1,15,70.46466347712023,0,1.953256928792149,0.2725432905488838,0.24809566662903554,0.4570954666514905,0.01999747834283854,0.06174873359580213,0.24089960368277402,-0.004666247805505997,0.20027357818792013,62.77587185359772,0.0,70.20560375034047
37,2019,9,-0.5029237068960392,1.0523317170636541,-0.08341475221054818,1,16,70.20560375034047,0,1.8735613625415486,-0.025491210464344577,0.10714056111863948,0.5804153441016098,0.018301291973240943,0.07529372400010083,0.2216819135570479,0.005663267083959389,0.24089960368277402,70.46466347712023,0.0,67.12649125626272
37,2020,9,-0.5029237068960392,1.0523317170636541,-0.08341475221054818,1,17,67.12649125626272,0,1.6968268514198814,0.27683396272384864,0.21513291180423177,0.6011749416617702,0.018214815632563768,0.07925627033716547,0.23717354812056693,0.006207103415843411,0.2216819135570479,70.20560375034047,0.0,76.17094678750148
37,2021,9,-0.5029237068960392,1.0523317170636541,-0.08341475221054818,1,18,76.17094678750148,0,2.1374240757816723,-0.0008300406409558481,0.18924229561339928,0.2658157112503456,0.024969114977466213,0.07040028787452363,0.26651073687606613,0.02089166089433555,0.23717354812056693,67.12649125626272,0.0,79.24055839966346
37,2022,9,-0.5029237068960392,1.0523317170636541,-0.08341475221054818,1,19,79.24055839966346,0,1.8984462404875615,0.04537361245961473,0.4088299274825309,0.316454938045719,0.006607716460942013,0.07741396883880675,0.2205492089333098,-0.022220701821706323,0.26651073687606613,76.17094678750148,0.0,76.24967457910195
37,2023,9,-0.5029237068960392,1.0523317170636541,-0.08341475221054818,1,20,76.24967457910195,0,2.439610730680933,0.22446359910636082,0.3700115458361512,0.6724980629099241,0.05082372684082764,0.09232352597281912,0.31738776057931206,0.0282514614546065,0.2205492089333098,79.24055839966346,0.0,83.3616355720982
37,2024,9,-0.5029237068960392,1.0523317170636541,-0.08341475221054818,1,21,83.3616355720982,0,1.7257912843596246,0.08158666669581373,0.28004304846982103,0.45472141869403376,0.02787510630939764,0.08678809453091663,0.20703206126594823,-0.025308388949511592,0.31738776057931206,76.24967457910195,0.0,
38,2015,2,-0.4942164679396362,0.2116795082133332,1.2897535602787387,1,9,52.661773825506664,0,1.255002390867334,0.13813581774158334,0.10378489421536982,0.5236542184538495,0.017270961379511243,0.011628386413294334,0.11403867789974614,-0.013733375876811813,,,,54.16140956221292
38,2016,2,-0.4942164679396362,0.2116795082133332,1.2897535602787387,1,10,54.16140956221292,0,1.1924215189618879,0.01833737995919519,0.22240562126549057,0.5603786978141574,-0.014155339986697114,0.07898305579595676,0.13402143114820225,-0.00015869126406752954,0.11403867789974614,52.661773825506664,0.0,46.21846173154692
38,2017,2,-0.4942164679396362,0.2116795082133332,1.2897535602787387,1,11,46.21846173154692,0,1.4286315236612708,0.04858689794630853,0.26072335942735475,0.5139369089084498,0.005856658982548364,0.06476826522768907,0.10902011989164404,-0.044570484267578404,0.13402143114820225,54.16140956221292,0.0,48.26266254085116
38,2018,2,-0.4942164679396362,0.2116795082133332,1.2897535602787387,1,12,48.26266254085116,0,1.1536636907838955,0.05412464799344266,0.2824990677849163,0.4072202987464833,-0.010281655156127884,0.033732047997423686,0.16663179831329988,0.0362039382834692,0.10902011989164404,46.21846173154692,0.0,51.36493981475044
38,2019,2,-0.4942164679396362,0.2116795082133332,1.2897535602787387,1,13,51.36493981475044,0,1.4547713051789453,0.09273609073037314,0.2072556357265401,0.4072226239131839,-0.0010719710941921694,0.04733078628378711,0.14585042078623012,-0.012061387032101674,0.16663179831329988,48.26266254085116,0.0,49.477784765997974
38,2020,2,-0.4942164679396362,0.2116795082133332,1.2897535602787387,1,14,49.477784765997974,0,1.7376499468707065,0.03338691607453102,0.23418495222681063,0.5770495238397266,0.03838562281471873,0.05334813160698504,0.11126412996561215,-0.06154027776167452,0.14585042078623012,51.36493981475044,0.0,50.38001799265449
38,2021,2,-0.4942164679396362,0.2116795082133332,1.2897535602787387,1,15,50.38001799265449,0,1.1780507490355765,-0.010057617635061522,0.12995669390497555,0.5192705985665462,0.02309988063646798,0.08507427023753707,0.10689185804609236,-0.02796078912447414,0.11126412996561215,49.477784765997974,0.0,60.40697364204433
38,2022,2,-0.4942164679396362,0.2116795082133332,1.2897535602787387,1,16,60.40697364204433,0,1.1293620050383664,0.07759986171377976,0.13846327101052666,0.5203667986374385,-0.011398696188534172,0.05487331290767539,0.07508114119321396,-0.057116353743077754,0.10689185804609236,50.38001799265449,0.0,65.67165812702424
38,2023,2,-0.4942164679396362,0.2116795082133332,1.2897535602787387,1,17,65.67165812702424,0,2.121788653716679,0.08107649529918191,0.29233378019394796,0.6626155150368196,0.001366779482985251,0.058704009325113486,0.27593339950085327,0.07041261562578362,0.07508114119321396,60.40697364204433,0.0,65.73561452192197
38,2024,2,-0.4942164679396362,0.2116795082133332,1.2897535602787387,1,18,65.73561452192197,0,2.2087850475817916,0.19944063328952855,0.1365661404702579,0.3307022676999161,0.0015949552067826504,0.03966628099625546,0.1893994147548445,-0.03526214962692421,0.27593339950085327,65.67165812702424,0.0,
39,2015,9,0.5863131299626849,0.1833607726620614,-0.34070720871950727,1,7,62.801340822199485,0,1.5145327929237826,-0.014345629976946467,0.24153122458103446,0.5914483536809024,0.08728329954123801,0.05171955230899914,0.13503334131347106,-0.047205555556706566,,,,75.30069262448409
39,2016,9,0.5863131299626849,0.1833607726620614,-0.34070720871950727,1,8,75.30069262448409,0,1.72775431022791,0.044274518255470956,0.23847880617542885,0.21851480017946676,0.02878327219262586,0.04229721173012861,0.27065454686942125,0.06312863473886249,0.13503334131347106,62.801340822199485,0.0,73.55616250309856
39,2017,9,0.5863131299626849,0.1833607726620614,-0.34070720871950727,1,9,73.55616250309856,0,1.7452750340350418,0.09326025299360743,0.34374427430755544,0.22552907251604207,0.09220254529675186,0.033225454850209946,0.21055483783743717,-0.009089727659624118,0.27065454686942125,75.30069262448409,0.0,78.45251793494056
39,2018,9,0.5863131299626849,0.1833607726620614,-0.34070720871950727,1,10,78.45251793494056,1,1.2537290962602534,0.14861271153642913,0.3637701445671241,0.39596497472727393,0.04569557349231719,0.03593547970439131,0.2010410646905984,0.01450040532743573,0.21055483783743717,73.55616250309856,0.0,80.31392032247363
39,2019,9,0.5863131299626849,0.1833607726620614,-0.34070720871950727,1,11,80.31392032247363,1,1.5922592391195665,0.04148002945143208,0.3063137694582165,0.3406488365608554,0.050384477546207826,0.008920675162691065,0.24221215728747356,0.046571008827080373,0.2010410646905984,78.45251793494056,1.0,85.27452299719006
39,2020,9,0.5863131299626849,0.1833607726620614,-0.34070720871950727,1,12,85.27452299719006,1,1.7897829464661597,0.05286132867856265,0.4322859192062098,0.35537576599266113,0.04399891538881466,0.03357429519960488,0.23474359288899652,0.012166926111518922,0.24221215728747356,80.31392032247363,1.0,90.76467188229786
39,2021,9,0.5863131299626849,0.1833607726620614,-0.34070720871950727,1,13,90.76467188229786,0,1.6726777759965012,0.2131138915784524,0.21093441880511432,0.49678811915564575,0.07440593698943536,0.05704609717669381,0.183994616467814,-0.038248020424090895,0.23474359288899652,85.27452299719006,1.0,93.784536062214
39,2022,9,0.5863131299626849,0.1833607726620614,-0.34070720871950727,1,14,93.784536062214,1,2.0048647557294146,0.045079287790325974,0.2763390446278587,0.3755561887789378,0.09182744688696028,0.033547620612812204,0.2356957929359378,0.004512189880695799,0.183994616467814,90.76467188229786,0.0,100.0
39,2023,9,0.5863131299626849,0.1833607726620614,-0.34070720871950727,1,15,100.0,1,1.8709270691905366,0.06117808319882357,0.38358376080855316,0.21411275339200336,0.06120649493519261,0.04448230169905012,0.19645687798068454,-0.0385425614019815,0.2356957929359378,93.784536062214,1.0,98.76040920546615
39,2024,9,0.5863131299626849,0.1833607726620614,-0.34070720871950727,1,16,98.76040920546615,0,1.876653172025808,0.0950895486419152,0.17953967646937247,0.36865593874927277,0.03296202884735097,0.07195427544222194,0.2439000486469941,0.0099345505084337,0.19645687798068454,100.0,1.0,
40,2015,3,0.6605564482536461,0.12998232902139029,-0.26178049116138546,1,4,63.32249049794866,0,0.9565990431748368,0.030622438934300646,0.40212794301204086,0.3708601739604322,0.04528474015549812,0.0595992226747429,0.15238340776885384,0.015809795054974388,,,,64.0986993684258
40,2016,3,0.6605564482536461,0.12998232902139029,-0.26178049116138546,1,5,64.0986993684258,0,1.665328699947475,-0.022399835589991396,0.3116578717597067,0.23047517941469642,0.0409513538883394,0.08135641457154788,0.18461757471771492,-0.004088494197093935,0.15238340776885384,63.32249049794866,0.0,62.765464145566845
40,2017,3,0.6605564482536461,0.12998232902139029,-0.26178049116138546,1,6,62.765464145566845,0,1.512989570772285,0.030565736896833944,0.18319597358070971,0.22827027983975054,0.02882390932031617,0.03526918561653281,0.1766006070804664,0.007514204331768168,0.18461757471771492,64.0986993684258,0.0,61.26130881383938
40,2018,3,0.6605564482536461,0.12998232902139029,-0.26178049116138546,1,7,61.26130881383938,0,1.1365956665582932,0.11196345049124481,0.3735050387559387,0.4129943200484543,0.030529977300817867,0.04498255244369923,0.19001506569031668,0.034882142656696084,0.1766006070804664,62.765464145566845,0.0,62.812797156590605
40,2019,3,0.6605564482536461,0.12998232902139029,-0.26178049116138546,1,8,62.812797156590605,0,1.686547464284583,0.1019605214696209,0.3457076634218588,0.3985343739248805,0.06623479948623275,0.03991801406922579,0.15187107780443243,-0.040600284512153965,0.19001506569031668,61.26130881383938,0.0,66.79063201009066
40,2020,3,0.6605564482536461,0.12998232902139029,-0.26178049116138546,1,9,66.79063201009066,0,1.5760758647814537,-0.015762373392736256,0.3049118052930489,0.37511587275746766,0.07411815614672958,0.08844938066383545,0.20504505294420844,0.019315066980258522,0.15187107780443243,62.812797156590605,0.0,67.7298221859476
40,2021,3,0.6605564482536461,0.12998232902139029,-0.26178049116138546,1,10,67.7298221859476,0,1.449806112886693,-0.055361933460857826,0.527213188049141,0.5083516718966327,0.07568129911962329,0.056226409304805186,0.10878045703665325,-0.06597278901882779,0.20504505294420844,66.79063201009066,0.0,74.94402350015308
40,2022,3,0.6605564482536461,0.12998232902139029,-0.26178049116138546,1,11,74.94402350015308,0,2.1274453181211346,0.1406605794830987,0.16000645887338846,0.4105266764072921,0.05221934309656494,0.06770894819183403,0.2726475820307653,0.04657756565316762,0.10878045703665325,67.7298221859476,0.0,78.47493763125773
40,2023,3,0.6605564482536461,0.12998232902139029,-0.26178049116138546,1,12,78.47493763125773,0,2.1943350632115113,0.16049470342565114,0.42469660914645896,0.260189089481479,0.031684778668241126,0.053122751542643766,0.25627273628126607,0.008682122481948353,0.2726475820307653,74.94402350015308,0.0,81.47890649848563
40,2024,3,0.6605564482536461,0.12998232902139029,-0.26178049116138546,1,13,81.47890649848563,0,1.4925586147145298,0.045497304764127985,0.28507952436747863,0.5224191597300339,0.06346561583425447,0.07985168851880164,0.2509717586227834,0.06416250444632302,0.25627273628126607,78.47493763125773,0.0,
41,2015,1,-0.035126025792196036,-0.3530530336260265,0.555071399803019,0,22,57.04038889775648,0,1.4803192612447285,0.07081429904951211,0.3002424981005179,0.630906111202167,0.07871852267660778,0.06558834563016906,0.1399208944009101,-0.01839322863687706,,,,55.84805388719856
41,2016,1,-0.035126025792196036,-0.3530530336260265,0.555071399803019,0,23,55.84805388719856,0,1.3609323669454478,-0.04179785839634474,0.17151955216027953,0.3928871915053111,0.03962523190236673,0.058123249317620584,0.14765800015399283,0.006387574926813788,0.1399208944009101,57.04038889775648,0.0,55.979448266385226
41,2017,1,-0.035126025792196036,-0.3530530336260265,0.555071399803019,0,24,55.979448266385226,0,1.554753471753488,0.06771846782208962,0.45349678350485795,0.4006402165293968,0.06581964856616085,0.013158364130434048,0.18861618430928329,0.024906033524227163,0.14765800015399283,55.84805388719856,0.0,51.300374048259656
41,2018,1,-0.035126025792196036,-0.3530530336260265,0.555071399803019,0,25,51.300374048259656,0,0.9870141190198669,0.04247997620170454,0.13279645249746716,0.3395348975031759,0.030003749938626385,0.05721323898048658,0.13123728064893406,0.0067202296085997525,0.18861618430928329,55.979448266385226,0.0,49.24002889982492
41,2019,1,-0.035126025792196036,-0.3530530336260265,0.555071399803019,0,26,49.24002889982492,0,1.6514646519440535,-0.028922128850239606,0.3721755410704316,0.6159137216779427,0.027461405025873954,0.02960392933757478,0.1219724155609446,-0.03974606132411295,0.13123728064893406,51.300374048259656,0.0,45.74355423849251
41,2020,1,-0.035126025792196036,-0.3530530336260265,0.555071399803019,0,27,45.74355423849251,0,1.3157565895157757,-0.027419069358419354,0.131921082188308,0.45659701414726006,0.047980256238378045,0.0611462735952617,0.17698948718958996,0.036268581636759015,0.1219724155609446,49.24002889982492,0.0,49.96537894693514
41,2021,1,-0.035126025792196036,-0.3530530336260265,0.555071399803019,0,28,49.96537894693514,0,1.8729527977115898,-0.03929111206414143,0.17099355987247403,0.6774183365807055,-0.007365062487493378,0.056981871288747044,0.18013062894773185,0.0019358541324750352,0.17698948718958996,45.74355423849251,0.0,49.35022293895826
41,2022,1,-0.035126025792196036,-0.3530530336260265,0.555071399803019,0,29,49.35022293895826,0,1.2997371902867734,0.018479794894338715,0.3146929912338848,0.5891973285379034,0.03726596426286248,0.0322012849859069,0.12173788413125142,-0.02269247954045581,0.18013062894773185,49.96537894693514,0.0,52.54725932691854
41,2023,1,-0.035126025792196036,-0.3530530336260265,0.555071399803019,0,30,52.54725932691854,0,2.204115888295597,-0.05239837432520407,0.1283483380064619,0.3977977763595877,0.04259690519370948,0.05876261867376514,0.25393313844018356,0.04952363884344397,0.12173788413125142,49.35022293895826,0.0,58.66659168952688
41,2024,1,-0.035126025792196036,-0.3530530336260265,0.555071399803019,0,31,58.66659168952688,0,0.8768574801605092,0.20108202074577464,0.13914080381131932,0.5351447046214874,0.05238176416970011,0.055095248264284254,0.17367255617699107,0.04047128521829636,0.25393313844018356,52.54725932691854,0.0,
42,2015,0,1.627917819969838,1.482192549596123,-0.5976030533600685,0,17,72.11757034194598,0,1.9262747971552956,0.2560865242283335,0.2406855983827445,0.2996886984937109,0.10478242983418734,0.1058247101127128,0.20302968192471396,-0.017362718113649138,,,,72.48444931100721
42,2016,0,1.627917819969838,1.482192549596123,-0.5976030533600685,0,18,72.48444931100721,1,2.2632229509210053,0.21059715975837662,0.3993700077263934,0.2059015860787102,0.08428691082420463,0.06649919530987276,0.2701046441129245,0.027434282832998976,0.20302968192471396,72.11757034194598,0.0,74.02538682807129
42,2017,0,1.627917819969838,1.482192549596123,-0.5976030533600685,0,19,74.02538682807129,0,2.6965021741030846,0.16275365792714808,0.5076101568203425,0.5414634583940792,0.08672181976762171,0.05530558541096654,0.26571695577254695,-0.002216073409232516,0.2701046441129245,72.48444931100721,1.0,75.70357928237341
42,2018,0,1.627917819969838,1.482192549596123,-0.5976030533600685,0,20,75.70357928237341,0,2.033818423818834,0.2345415015495848,0.6088362818554588,0.349323968544993,0.09489372958515861,0.06773600138029945,0.28863856865674575,0.05100246194863516,0.26571695577254695,74.02538682807129,0.0,81.39914799346741
42,2019,0,1.627917819969838,1.482192549596123,-0.5976030533600685,0,21,81.39914799346741,1,2.4300909368123715,0.2896306200708546,0.28703397762685884,0.2246871519460245,0.08459810176391334,0.0923095007612145,0.2849040454186624,0.016962635552571066,0.28863856865674575,75.70357928237341,0.0,86.66726620506951
42,2020,0,1.627917819969838,1.482192549596123,-0.5976030533600685,0,22,86.66726620506951,1,2.3540125053869323,0.29321334761640727,0.4720223705264651,0.4647284464044541,0.09426326562557177,0.061218018940343566,0.2540175015520401,-0.004739223999288164,0.2849040454186624,81.39914799346741,1.0,85.15915386504892
42,2021,0,1.627917819969838,1.482192549596123,-0.5976030533600685,0,23,85.15915386504892,0,2.541368116688686,0.19063302735742335,0.38381550476987186,0.4289294121467348,0.10669396280347794,0.07153500677534673,0.2758592374902257,0.01183212268532126,0.2540175015520401,86.66726620506951,1.0,82.97381714161443
42,2022,0,1.627917819969838,1.482192549596123,-0.5976030533600685,0,24,82.97381714161443,1,3.0879151574729815,0.22847890384865926,0.49076943294066744,0.4482150763589221,0.11027758429683593,0.08775544578184638,0.292197706814987,-0.021817548841150645,0.2758592374902257,85.15915386504892,0.0,84.01463785970894
42,2023,0,1.627917819969838,1.482192549596123,-0.5976030533600685,0,25,84.01463785970894,0,2.789966599766655,0.23399941732390114,0.37254946742154915,0.33831065797420784,0.06318451216673256,0.08565254366664025,0.29849656445683,0.005994909651867094,0.292197706814987,82.97381714161443,1.0,90.98833168944837
42,2024,0,1.627917819969838,1.482192549596123,-0.5976030533600685,0,26,90.98833168944837,1,2.993408336987456,0.29963899410313766,0.3686434146528568,0.42710877082694443,0.0636436385658641,0.09385824580344394,0.34474036285876325,0.031702124559225726,0.29849656445683,84.01463785970894,0.0,
43,2015,2,0.14051804439940002,2.5564673283612387,-1.4977042427414076,0,33,62.50969902325192,0,2.452267559624937,0.3573695549230278,0.488744145329798,0.3683672071130229,0.06163897975861467,0.08422720862342158,0.24962123133035244,-0.030325190805770983,,,,64.1574671992676
43,2016,2,0.14051804439940002,2.5564673283612387,-1.4977042427414076,0,34,64.1574671992676,0,2.531859689410284,0.42025813783163324,0.32542370494152567,0.35277832518619107,0.08866712390399879,0.11084882092093429,0.2680668520250882,-0.02839176130023862,0.24962123133035244,62.50969902325192,0.0,67.63811358484952
43,2017,2,0.14051804439940002,2.5564673283612387,-1.4977042427414076,0,35,67.63811358484952,0,2.615004327314782,0.39937408330113466,0.27656054653454265,0.3058653266134116,0.0379423648010728,0.11352227646284066,0.29615008297120166,-0.005957065846672504,0.2680668520250882,64.1574671992676,0.0,68.83392661995339
43,2018,2,0.14051804439940002,2.5564673283612387,-1.4977042427414076,0,36,68.83392661995339,1,2.3291520527846377,0.3734301568570635,0.2502239946422367,0.26352653605607573,0.050062866874722584,0.07320329100260722,0.25499080601517626,-0.017710754443344093,0.29615008297120166,67.63811358484952,0.0,74.71632215941011
43,2019,2,0.14051804439940002,2.5564673283612387,-1.4977042427414076,0,37,74.71632215941011,0,3.3345679101851653,0.3568081790766363,0.30171902616218593,0.3451207039378506,0.03902936694045606,0.11608476004002438,0.34782972536417534,-0.003760091045321204,0.25499080601517626,68.83392661995339,1.0,71.92105984777609
43,2020,2,0.14051804439940002,2.5564673283612387,-1.4977042427414076,0,38,71.92105984777609,0,2.984993407571865,0.4183796723107038,0.1921299323978897,0.4138577807921603,0.02993149236226112,0.09795128755239135,0.3104916908430935,-0.016251550215958407,0.34782972536417534,74.71632215941011,0.0,74.78116425747903
43,2021,2,0.14051804439940002,2.5564673283612387,-1.4977042427414076,0,39,74.78116425747903,0,3.338621567928931,0.1359472325401219,0.3759812469552947,0.17776431037943266,0.04599056683018414,0.09932855264814441,0.31966991027245295,-0.02133928726952364,0.3104916908430935,71.92105984777609,0.0,73.90351501158189
43,2022,2,0.14051804439940002,2.5564673283612387,-1.4977042427414076,0,40,73.90351501158189,0,3.489126598916335,0.5347072113311615,0.5774530796152639,0.2852736946454647,0.04516070289141475,0.0952264588332859,0.39143981344059786,0.004494163991254526,0.31966991027245295,74.78116425747903,0.0,76.22564824248708
43,2023,2,0.14051804439940002,2.5564673283612387,-1.4977042427414076,0,41,76.22564824248708,0,2.847438711878045,0.2708725828150848,0.23016138907558406,0.2659640993051979,0.05718361265013841,0.09973518999069536,0.3447989905796999,0.029817772037417412,0.39143981344059786,73.90351501158189,0.0,82.56832356597131
43,2024,2,0.14051804439940002,2.5564673283612387,-1.4977042427414076,0,42,82.56832356597131,0,3.195942291692624,0.18511151642992654,0.38341187092831386,0.39407983032562893,0.06763209044761366,0.15590615334679414,0.3146970015331951,-0.03359196409547011,0.3447989905796999,76.22564824248708,0.0,
44,2015,2,0.23776486137208108,-0.7872571258110541,-0.1885246311870568,1,27,55.13335432322684,1,1.2299138282057727,-0.10345800485467045,0.2678068649522375,0.416901339128259,0.028678412376926796,0.03883714696815959,0.1494006566134264,0.02307782492716526,,,,57.7408105461686
44,2016,2,0.23776486137208108,-0.7872571258110541,-0.1885246311870568,1,28,57.7408105461686,0,1.2441312783415315,0.004992286819776733,0.15548525536434046,0.35704479309824033,0.0552806315237284,0.0042091715870207075,0.10802001935218504,-0.0186425558559347,0.1494006566134264,55.13335432322684,1.0,56.54721057510047
44,2017,2,0.23776486137208108,-0.7872571258110541,-0.1885246311870568,1,29,56.54721057510047,0,1.7629710141114825,-0.03247799877487814,0.21021867642101916,0.43917367087259607,0.04394530481629167,0.07469398656392252,0.16249930214941927,-0.013872318220587258,0.10802001935218504,57.7408105461686,0.0,60.64156352186373
44,2018,2,0.23776486137208108,-0.7872571258110541,-0.1885246311870568,1,30,60.64156352186373,0,0.9343184852573226,0.013881218469867491,0.25051732542405813,0.71828355618888,0.045003683213981606,0.04908145516290252,0.19284974025300092,0.07760448815434781,0.16249930214941927,56.54721057510047,0.0,60.881675181827745
44,2019,2,0.23776486137208108,-0.7872571258110541,-0.1885246311870568,1,31,60.881675181827745,0,1.1817438663214825,-0.11185546512152389,0.3524874648539122,0.5790529690681347,0.015577159782085584,0.03697712452870931,0.12957238720302242,0.0010842349632532375,0.19284974025300092,60.64156352186373,0.0,67.47475839769979
44,2020,2,0.23776486137208108,-0.7872571258110541,-0.1885246311870568,1,32,67.47475839769979,0,1.170760796580273,0.09524903367825324,0.18108370255430653,0.41120113534009345,0.02619362584311113,0.001857771157787385,0.1609630593797921,0.029980841917367062,0.12957238720302242,60.881675181827745,0.0,70.78331446152716
44,2021,2,0.23776486137208108,-0.7872571258110541,-0.1885246311870568,1,33,70.78331446152716,0,1.3707686145925992,0.042799099289523634,0.086009114627175,0.541270909503272,0.06801282258343372,0.020318889716052488,0.1169632735626593,-0.02476161036367495,0.1609630593797921,67.47475839769979,0.0,72.89017410341938
44,2022,2,0.23776486137208108,-0.7872571258110541,-0.1885246311870568,1,34,72.89017410341938,0,1.602153027916874,-0.014475913469109248,0.36515756815546585,0.43854418854185445,0.026916753172412648,0.04019617058968945,0.17232173372931034,0.0030445078790417705,0.1169632735626593,70.78331446152716,0.0,70.41727113485796
44,2023,2,0.23776486137208108,-0.7872571258110541,-0.1885246311870568,1,35,70.41727113485796,1,1.7120590211637787,0.010549121730706408,0.2976606529892488,0.40801198102993647,0.07916274671493347,0.0010811169006742297,0.13723838678830846,-0.03373740769098586,0.17232173372931034,72.89017410341938,0.0,77.376513635899
44,2024,2,0.23776486137208108,-0.7872571258110541,-0.1885246311870568,1,36,77.376513635899,0,1.4531141633818991,0.06113637161522916,0.12186783803429385,0.2784613804036593,0.0010150196503248554,0.0304740186777205,0.1939766024484383,0.03462129171890124,0.13723838678830846,70.41727113485796,1.0,
45,2015,7,-0.9438629136301337,0.005577224142515777,1.4069225599173223,1,12,57.36466603089669,0,1.3253908813055144,0.15978214203431462,0.19485596639659328,0.38495511535343524,-0.016139978252888633,0.02851120945273348,0.195726012036404,0.024155325029635667,,,,66.17617561654947
45,2016,7,-0.9438629136301337,0.005577224142515777,1.4069225599173223,1,13,66.17617561654947,0,1.4324874886542245,-0.12287426981949855,0.20954848560124073,0.4046781046191931,-0.006975726466739382,0.06312524491750363,0.1412854743873482,-0.02835360718834413,0.195726012036404,57.36466603089669,0.0,67.82399998262453
45,2017,7,-0.9438629136301337,0.005577224142515777,1.4069225599173223,1,14,67.82399998262453,0,0.8317134537824511,-0.11543633221618717,0.08793403254085086,0.701804375867851,0.03399079526523145,0.030492206850074376,0.07634499385293801,-0.033781954289163404,0.1412854743873482,66.17617561654947,0.0,70.74540339061136
45,2018,7,-0.9438629136301337,0.005577224142515777,1.4069225599173223,1,15,70.74540339061136,0,0.7135851582837122,0.07632751697302209,0.15868459522608283,0.5539418985679345,-0.006235847928540649,0.028503715998520102,0.14498367937992732,0.025335898662727153,0.07634499385293801,67.82399998262453,0.0,70.38277180672597
45,2019,7,-0.9438629136301337,0.005577224142515777,1.4069225599173223,1,16,70.38277180672597,0,1.788940775811935,0.029310281988306264,0.1777024804779144,0.5277721088860522,0.026123933751830555,0.0657923012805427,0.18288556786897492,-0.02162622425774495,0.14498367937992732,70.74540339061136,0.0,82.78079504119096
45,2020,7,-0.9438629136301337,0.005577224142515777,1.4069225599173223,1,17,82.78079504119096,0,1.254463728275258,0.04815945010836166,0.1830750896248665,0.6146513006030273,0.001779048784887004,-0.013678295097506003,0.1057709747456313,-0.0454136564619286,0.18288556786897492,70.38277180672597,0.0,86.25365299192737
45,2021,7,-0.9438629136301337,0.005577224142515777,1.4069225599173223,1,18,86.25365299192737,0,1.8674048901386189,0.09077670270061047,0.1842590260317997,0.5740880127443109,0.018074045886230367,0.0326131035224676,0.2401656470536477,0.03315925269225741,0.1057709747456313,82.78079504119096,0.0,87.21144312259366
45,2022,7,-0.9438629136301337,0.005577224142515777,1.4069225599173223,1,19,87.21144312259366,0,1.3903233746806472,0.05677491121222837,0.21426622553299995,0.7933623808255956,-0.0147985417530672,0.062350038346790385,0.2402342774582676,0.05952710164311031,0.2401656470536477,86.25365299192737,0.0,89.60957299068309
45,2023,7,-0.9438629136301337,0.005577224142515777,1.4069225599173223,1,20,89.60957299068309,0,1.8949724053519605,-0.008150015174480746,0.1293616434190575,0.5660424949668145,0.025192942935730565,0.059111877029086095,0.2787037551064553,0.06616279409074949,0.2402342774582676,87.21144312259366,0.0,92.40299949055719
45,2024,7,-0.9438629136301337,0.005577224142515777,1.4069225599173223,1,21,92.40299949055719,0,1.462483682475874,-0.12451795570905098,0.26902522760445025,0.661244328796962,0.021936676021495537,0.048897384164353255,0.1391512636531996,-0.037559582017431474,0.2787037551064553,89.60957299068309,0.0,
46,2015,3,-1.497019505296626,-0.36021393839686544,0.49708207034542784,1,21,51.5286075459973,0,0.9407897952708402,-0.06401321505869581,0.08239963411343654,0.5592584778855928,-0.019409218610332957,0.013659682898338042,0.10931197354921984,0.01403125152958367,,,,45.59564175950979
46,2016,3,-1.497019505296626,-0.36021393839686544,0.49708207034542784,1,22,45.59564175950979,0,0.8900514453788916,0.036309226689687585,0.27173184818191437,0.47454129048115434,-0.019408960763891033,0.04370717083041656,0.14860194743814265,0.03366034861553671,0.10931197354921984,51.5286075459973,0.0,46.818365449001256
46,2017,3,-1.497019505296626,-0.36021393839686544,0.49708207034542784,1,23,46.818365449001256,0,1.0684436256520153,-0.08584502189588578,0.12583245700707985,0.5388800284853215,-0.004573752335564258,0.010855590351598964,0.0911600392079932,-0.015662153190603385,0.14860194743814265,45.59564175950979,0.0,49.05611465617244
46,2018,3,-1.497019505296626,-0.36021393839686544,0.49708207034542784,1,24,49.05611465617244,0,1.0332956830567068,-0.07626118640308081,0.2836386126651936,0.49521904776577796,0.043981298866402695,0.03256503684747875,0.11053543460166357,-0.004837008484204709,0.0911600392079932,46.818365449001256,0.0,47.62807491410607
46,2019,3,-1.497019505296626,-0.36021393839686544,0.49708207034542784,1,25,47.62807491410607,0,0.8635364265031316,0.012762160390913765,0.1798180333533563,0.42593915960939654,0.010233781157676841,0.035984524951480946,0.1378522726299969,0.02760828767972979,0.11053543460166357,49.05611465617244,0.0,45.97138017409764
46,2020,3,-1.497019505296626,-0.36021393839686544,0.49708207034542784,1,26,45.97138017409764,0,1.1304800294406119,0.04434212966102277,0.1354944043194644,0.605820834657462,0.0033050641648555553,0.059936591649476234,0.07611397375739978,-0.05786042859822832,0.1378522726299969,47.62807491410607,0.0,42.666487081179895
46,2021,3,-1.497019505296626,-0.36021393839686544,0.49708207034542784,1,27,42.666487081179895,0,1.1093083792536045,-0.11562897908559756,0.11728884692181255,0.4799439108942433,-0.00784907882277774,0.030236835722981328,0.11625173170766603,0.002120372225939573,0.07611397375739978,45.97138017409764,0.0,39.25759791711584
46,2022,3,-1.497019505296626,-0.36021393839686544,0.49708207034542784,1,28,39.25759791711584,0,1.370979820889315,0.024671293294026425,0.10105371526130674,0.48769979066191044,0.006209963238343593,0.005306750779225475,0.1838984629041722,0.04496451553221445,0.11625173170766603,42.666487081179895,0.0,46.68993750369519
46,2023,3,-1.497019505296626,-0.36021393839686544,0.49708207034542784,1,29,46.68993750369519,0,1.6024175442414792,-0.17193799478889873,0.1371705977411287,0.30297239071048554,-0.003467666405424621,0.04256705884187451,0.15640666934129038,-0.0005089125913058869,0.1838984629041722,39.25759791711584,0.0,48.73197504685002
46,2024,3,-1.497019505296626,-0.36021393839686544,0.49708207034542784,1,30,48.73197504685002,0,1.5077508938969628,0.034516843886340715,0.17532761568462316,0.5170005327217876,-0.008581415705325664,0.030535565167471208,0.2157158995765308,0.05518933751540246,0.15640666934129038,46.68993750369519,0.0,
47,2015,6,0.5032714875503674,-0.4478573319313779,0.5712357527906617,0,31,60.385906487322394,0,0.8731417015411018,-0.018123483974517345,0.2725393160081318,0.4913140194852653,0.03563242917683762,0.08432397055874769,0.10175651016807202,-0.034343690602629186,,,,61.25353509405152
47,2016,6,0.5032714875503674,-0.4478573319313779,0.5712357527906617,0,32,61.25353509405152,0,1.286862226456179,0.018922605214907753,0.6790813666696087,0.362196984446272,0.04539698007068272,0.03326188725631426,0.12184450945135167,-0.05116486185278823,0.10175651016807202,60.385906487322394,0.0,62.75773061720341
47,2017,6,0.5032714875503674,-0.4478573319313779,0.5712357527906617,0,33,62.75773061720341,0,1.5548358081702691,-0.01493143896177624,0.5296925553311241,0.5429942367042083,0.05816376465165341,0.053291092350393345,0.13034210408941418,-0.05671320283052392,0.12184450945135167,61.25353509405152,0.0,68.81182916916583
47,2018,6,0.5032714875503674,-0.4478573319313779,0.5712357527906617,0,34,68.81182916916583,1,1.1924104119810028,0.027652053993560854,0.16377150762923134,0.2904392320371961,0.05424741146819355,0.05533244850585256,0.13907654700149788,-0.019308425299369623,0.13034210408941418,62.75773061720341,0.0,76.66893729774858
47,2019,6,0.5032714875503674,-0.4478573319313779,0.5712357527906617,0,35,76.66893729774858,0,0.9562871058121949,0.016473927296113876,0.32557797045487885,0.39430946406362816,0.07123575075238008,0.057261608373307106,0.17033046174226213,0.02376950608166035,0.13907654700149788,68.81182916916583,1.0,80.87691263891848
47,2020,6,0.5032714875503674,-0.4478573319313779,0.5712357527906617,0,36,80.87691263891848,0,2.003867579389668,0.04002481015259422,0.2710096200746552,0.6270176511788821,0.04107787542531657,0.02141382176929932,0.2055084138233451,-0.0038997476675383556,0.17033046174226213,76.66893729774858,0.0,90.9720659101797
47,2021,6,0.5032714875503674,-0.4478573319313779,0.5712357527906617,0,37,90.9720659101797,0,1.1396774981006148,-0.017891586162459595,0.26612029996098757,0.6439040260522604,0.0619502565347167,0.08419619962359082,0.14383468711563308,-0.016932533239013427,0.2055084138233451,80.87691263891848,0.0,98.55325286430664
47,2022,6,0.5032714875503674,-0.4478573319313779,0.5712357527906617,0,38,98.55325286430664,0,1.70722888823506,-0.011164112436127388,0.5061876858311504,0.6630663609692552,0.03493526777419876,0.02652914521063105,0.20857912559013028,0.013943313869398568,0.14383468711563308,90.9720659101797,0.0,100.0
47,2023,6,0.5032714875503674,-0.4478573319313779,0.5712357527906617,0,39,100.0,0,1.4948815842434002,-0.16794515593586323,0.29591047698525424,0.36098260865610865,0.018300037744367798,0.03747894779687896,0.1982814716497251,0.02640623429741507,0.20857912559013028,98.55325286430664,0.0,100.0
47,2024,6,0.5032714875503674,-0.4478573319313779,0.5712357527906617,0,40,100.0,0,1.7990095313097898,-0.06516222993205367,0.37946411441082195,0.31147510965404795,0.051610600167548044,-0.002044105921333736,0.2203753711521964,0.024137666006124516,0.1982814716497251,100.0,0.0,
48,2015,1,0.054366186097373315,-0.1407346685308071,0.1356362784852648,1,4,61.58071023115852,0,1.6464349912751421,0.006767763125311063,0.4044195791155056,0.4799057338175605,0.046370896491121846,0.050614220006788474,0.20617107564248147,0.039267755952607515,,,,59.20654388738155
48,2016,1,0.054366186097373315,-0.1407346685308071,0.1356362784852648,1,5,59.20654388738155,0,0.987485665399291,-0.027968051924713862,0.36512102501948196,0.5108210320674097,0.016006740561976686,0.054424581721781815,0.08979547455427586,-0.03133665227561384,0.20617107564248147,61.58071023115852,0.0,60.82968868923457
48,2017,1,0.054366186097373315,-0.1407346685308071,0.1356362784852648,1,6,60.82968868923457,0,0.9021841894144464,0.031696050621701374,0.27411116169395444,0.2724547061015149,0.030381104501249475,0.009188983251419779,0.09986901164798635,-0.0073947345186675395,0.08979547455427586,59.20654388738155,0.0,59.36504972940655
48,2018,1,0.054366186097373315,-0.1407346685308071,0.1356362784852648,1,7,59.36504972940655,0,1.2334645797042159,0.059302550391550135,0.25828785378355607,0.42927180245890106,0.04873046648849481,0.05522113040948454,0.12707059750963254,-0.014016707593381755,0.09986901164798635,60.82968868923457,0.0,59.17367896092417
48,2019,1,0.054366186097373315,-0.1407346685308071,0.1356362784852648,1,8,59.17367896092417,0,1.3164185456000324,0.20988406991832123,0.4053268043916019,0.3171435857559706,0.01764893923578764,0.04455279269355001,0.19462491847360133,0.029774212790945023,0.12707059750963254,59.36504972940655,0.0,64.67050206866867
48,2020,1,0.054366186097373315,-0.1407346685308071,0.1356362784852648,1,9,64.67050206866867,0,1.3146604196022822,-0.014461444808875047,0.34966809043366187,0.4591722662121662,0.007297358006070079,0.05169577057803228,0.13903727569706342,-0.009367162471641047,0.19462491847360133,59.17367896092417,0.0,66.37279437441674
48,2021,1,0.054366186097373315,-0.1407346685308071,0.1356362784852648,1,10,66.37279437441674,0,1.0835789794524895,0.11377761371601741,0.11659409217922766,0.5516339705052983,0.04031106353808546,0.03941057730991281,0.12205796034934198,-0.006195643833216069,0.13903727569706342,64.67050206866867,0.0,76.52304436165947
48,2022,1,0.054366186097373315,-0.1407346685308071,0.1356362784852648,1,11,76.52304436165947,0,1.4575736384217297,0.02789292479440457,0.2817480092811468,0.4713497218324113,0.05341464775041604,0.06355823669832986,0.19236420913469024,0.03118714129656152,0.12205796034934198,66.37279437441674,0.0,72.43686922303048
48,2023,1,0.054366186097373315,-0.1407346685308071,0.1356362784852648,1,12,72.43686922303048,0,1.2894495905052021,0.06747077912271468,0.19210694933576983,0.40678358188406005,0.04516411756590931,0.0620404753642433,0.1838349449370734,0.03032183435684894,0.19236420913469024,76.52304436165947,0.0,76.3015066060741
48,2024,1,0.054366186097373315,-0.1407346685308071,0.1356362784852648,1,13,76.3015066060741,0,1.9635924911128035,0.03418343081784088,0.15587251900186197,0.5801769439505092,0.055991850736104465,0.05840388331663794,0.18993387981224338,-0.003748456690898935,0.1838349449370734,72.43686922303048,0.0,
49,2015,7,-0.6519499403332443,1.6607315682283865,0.20361111327425327,1,21,54.86691927032939,1,1.8445823244830561,0.3015118156183137,0.20572906168864477,0.5243022904862531,0.01805027160928562,0.0807981526721409,0.2365107220244962,0.002869849970436906,,,,55.561424607047485
49,2016,7,-0.6519499403332443,1.6607315682283865,0.20361111327425327,1,22,55.561424607047485,0,1.8215883116274139,0.17696943714606364,0.15607093762787214,0.492513492557605,0.02942622130002436,0.059943940046151625,0.18553106341517553,-0.03627511974103848,0.2365107220244962,54.86691927032939,1.0,55.70699452242211
49,2017,7,-0.6519499403332443,1.6607315682283865,0.20361111327425327,1,23,55.70699452242211,0,1.9080786485035521,0.22004592921864877,0.1796087086104695,0.5641559916128327,0.041285997173934996,0.06904597486799953,0.21244623456603315,-0.01948844603605004,0.18553106341517553,55.561424607047485,0.0,66.70873811616025
49,2018,7,-0.6519499403332443,1.6607315682283865,0.20361111327425327,1,24,66.70873811616025,0,2.1347720589969206,0.34730110205959724,0.08124381817401455,0.48135929767375296,0.025592267283089526,0.11315395603764475,0.2816552523430442,0.014173459058428171,0.21244623456603315,55.70699452242211,0.0,69.84655335301206
49,2019,7,-0.6519499403332443,1.6607315682283865,0.20361111327425327,1,25,69.84655335301206,0,2.280632638943996,0.18489909615545597,0.18794725825883607,0.5752724924967655,0.015590562292090177,0.09375395280846235,0.292646648129919,0.026130266916180266,0.2816552523430442,66.70873811616025,0.0,69.42648097082781
49,2020,7,-0.6519499403332443,1.6607315682283865,0.20361111327425327,1,26,69.42648097082781,0,2.863627300016297,0.09620749448649751,0.22599754640885786,0.3892659789633238,0.022855561117270478,0.07262685809561989,0.2789606435656312,-0.022918838195436247,0.292646648129919,69.84655335301206,0.0,71.87101889988364
49,2021,7,-0.6519499403332443,1.6607315682283865,0.20361111327425327,1,27,71.87101889988364,0,1.9721019863403204,0.13198783912149326,0.3335043997169779,0.5543608689759822,0.018690199299478148,0.0664023836318436,0.277332891806456,0.0352962635959445,0.2789606435656312,69.42648097082781,0.0,77.35818063232503
49,2022,7,-0.6519499403332443,1.6607315682283865,0.20361111327425327,1,28,77.35818063232503,0,2.270265046026986,0.36421376965464647,0.13160730326093187,0.520111464113804,0.010413871417939312,0.043987195081568724,0.29641044241767184,0.02674782900568401,0.277332891806456,71.87101889988364,0.0,81.12240781366967
49,2023,7,-0.6519499403332443,1.6607315682283865,0.20361111327425327,1,29,81.12240781366967,0,2.0869247320548436,0.13390441578334183,0.3320651076530365,0.6227838644273928,0.036987721644541144,0.07659072282638668,0.21911451409468616,-0.034775521399683575,0.29641044241767184,77.35818063232503,0.0,89.63811470369791
49,2024,7,-0.6519499403332443,1.6607315682283865,0.20361111327425327,1,30,89.63811470369791,0,2.5861735709038793,0.23762844625571394,0.20651104539492604,0.5027171905522437,-0.003147891996602592,0.07717225079790158,0.2702562277257128,-0.022555730666380155,0.21911451409468616,81.12240781366967,0.0,
50,2015,1,-0.16104284703896868,-0.8014872793613005,1.1008698537660402,1,22,49.41629453407688,0,1.2125333084920313,-0.07878750729591773,0.1410749701393618,0.6531131550676188,0.032599413234427464,0.03957614670547105,0.1274208620950163,0.010490648460143928,,,,45.11752675722279
50,2016,1,-0.16104284703896868,-0.8014872793613005,1.1008698537660402,1,23,45.11752675722279,0,1.168344072067246,-0.14314561128246844,0.2495319146889571,0.40858279102293615,0.020109639934760025,0.030659520261184084,0.09449737236241391,-0.021919182626911875,0.1274208620950163,49.41629453407688,0.0,49.21333926011255
50,2017,1,-0.16104284703896868,-0.8014872793613005,1.1008698537660402,1,24,49.21333926011255,0,0.6775378556915967,-0.045196410747011063,0.19035860269840743,0.38933493216671244,0.02029736314987,0.057610978854381364,0.11385233858529142,0.020124119826564695,0.09449737236241391,45.11752675722279,0.0,46.28359236265396
50,2018,1,-0.16104284703896868,-0.8014872793613005,1.1008698537660402,1,25,46.28359236265396,0,1.2044767424097864,-0.02351541462907602,0.1894295591044528,0.5035852699506469,0.034410951394110365,0.039851014219685094,0.09891538782854906,-0.028828237055217414,0.11385233858529142,49.21333926011255,0.0,42.88480296740512
50,2019,1,-0.16104284703896868,-0.8014872793613005,1.1008698537660402,1,26,42.88480296740512,0,1.0951479961110675,-0.042427360382786106,0.27702244145309307,0.6313091217418528,0.007640566072764933,0.05928609703769828,0.18089494199172879,0.05650872795878312,0.09891538782854906,46.28359236265396,0.0,43.20962168444983
50,2020,1,-0.16104284703896868,-0.8014872793613005,1.1008698537660402,1,27,43.20962168444983,0,1.0129436111283896,0.04604470179343189,0.20386915679146386,0.5251407875637963,0.028258732532923256,0.04260434173074887,0.1603045294542678,0.03565407197973235,0.18089494199172879,42.88480296740512,0.0,46.86121484364454
50,2021,1,-0.16104284703896868,-0.8014872793613005,1.1008698537660402,1,28,46.86121484364454,0,1.3149557678950925,-0.02898397965425209,0.3417439609709686,0.42657328169957953,0.024400824109073356,0.044795514182881455,0.17045199896368207,0.022904703147035813,0.1603045294542678,43.20962168444983,0.0,50.04617869863372
50,2022,1,-0.16104284703896868,-0.8014872793613005,1.1008698537660402,1,29,50.04617869863372,0,1.9195978634815338,-0.04622704899171626,0.07960480297206024,0.6591614441182797,0.0041828969918824115,0.029905379377139756,0.17815444235095856,0.005006457069560665,0.17045199896368207,46.86121484364454,0.0,51.3037801316004
50,2023,1,-0.16104284703896868,-0.8014872793613005,1.1008698537660402,1,30,51.3037801316004,0,1.490322388755798,-0.0361351420654878,0.18249848115623024,0.6724404594435232,0.07128996038523108,0.03892428663071013,0.18809499849324646,0.037533212775715516,0.17815444235095856,50.04617869863372,0.0,58.15253084661866
50,2024,1,-0.16104284703896868,-0.8014872793613005,1.1008698537660402,1,31,58.15253084661866,0,1.5892452921049185,0.05045548511999256,0.1277356639807344,0.5718330600234713,-0.0045682090429344895,0.058727148216683275,0.18110867490442153,0.011331176695368629,0.18809499849324646,51.3037801316004,0.0,
51,2015,0,0.1145466399703571,-0.2571470930434562,1.6635971860781409,0,14,55.4709933527921,0,1.281949334962826,-0.09730993938336036,0.26140620847133195,0.6540709733990041,0.008074434634251731,0.040851029528775,0.14020294313048615,0.027322799388914017,,,,50.69994652325106
51,2016,0,0.1145466399703571,-0.2571470930434562,1.6635971860781409,0,15,50.69994652325106,0,0.9011073300929993,0.025303197450039283,0.10195168319462594,0.3967325544653253,1.7211169077109567e-05,0.02413462237213632,0.0526621487816297,-0.03966855240122116,0.14020294313048615,55.4709933527921,0.0,53.35179272266211
51,2017,0,0.1145466399703571,-0.2571470930434562,1.6635971860781409,0,16,53.35179272266211,0,1.3907776729916572,0.09540777479214088,0.1848423148957497,0.4590628194311991,0.01490369507865317,0.018722555286184755,0.12575639986100176,-0.004579592733587574,0.0526621487816297,50.69994652325106,0.0,57.19486974761335
51,2018,0,0.1145466399703571,-0.2571470930434562,1.6635971860781409,0,17,57.19486974761335,0,1.0109470325597898,-0.038639810296326606,0.23727106471719225,0.6011064761093925,0.04242304524379721,0.05644029990322953,0.03483286791701408,-0.07037301143895079,0.12575639986100176,53.35179272266211,0.0,58.1242184431671
51,2019,0,0.1145466399703571,-0.2571470930434562,1.6635971860781409,0,18,58.1242184431671,0,2.0135765112471975,0.1369498174356154,0.18739703938808985,0.6735259992166029,0.006789613674607113,0.07084851433882824,0.17899207098226044,-0.0076495173614183915,0.03483286791701408,57.19486974761335,0.0,55.4555705064501
51,2020,0,0.1145466399703571,-0.2571470930434562,1.6635971860781409,0,19,55.4555705064501,0,1.1620814190097775,0.023674196755148945,0.16374568069937553,0.5777796039824725,0.03412544610766634,0.05709092314845649,0.10330614412951274,-0.019012079900119164,0.17899207098226044,58.1242184431671,0.0,53.24967496042048
51,2021,0,0.1145466399703571,-0.2571470930434562,1.6635971860781409,0,20,53.24967496042048,0,1.3144874551576444,0.03295125603075754,0.24250043771241628,0.4744969237837344,-0.004163922300619783,0.06430190998316976,0.06376504743046753,-0.07454240284635731,0.10330614412951274,55.4555705064501,0.0,54.00689529616054
51,2022,0,0.1145466399703571,-0.2571470930434562,1.6635971860781409,0,21,54.00689529616054,0,1.2744690550221556,-0.0037294703798805284,0.16218908811981486,0.4385626988235969,-0.002934196434765342,0.03556016430656013,0.17224093399496873,0.048644447284971366,0.06376504743046753,53.24967496042048,0.0,62.07525452372619
51,2023,0,0.1145466399703571,-0.2571470930434562,1.6635971860781409,0,22,62.07525452372619,0,2.0721762954052285,0.041558052596250346,0.0974686716000093,0.48072704655456266,0.010207144021141616,0.04308636075927031,0.16147960265199407,-0.024856463484558514,0.17224093399496873,54.00689529616054,0.0,66.22496310233036
51,2024,0,0.1145466399703571,-0.2571470930434562,1.6635971860781409,0,23,66.22496310233036,0,2.3766007371430087,0.0063407536689025,0.19448269104596633,0.5980030290110653,0.0020387138416465243,0.06295686486461807,0.21769556668775183,0.006212994705488351,0.16147960265199407,62.07525452372619,0.0,
52,2015,0,-0.05044403375765655,-0.7796942672705968,-2.3901656723952973,0,10,56.095292106952925,0,0.8963374055276239,-0.0029000736824423834,0.3130800609725959,0.17255850877205486,0.07214297693999074,0.05169020412261957,0.06367182391229173,-0.05101748261805201,,,,59.26343919111223
52,2016,0,-0.05044403375765655,-0.7796942672705968,-2.3901656723952973,0,11,59.26343919111223,0,0.7870124324646345,0.06409551639554689,0.3348106732259475,0.21970073473974797,0.08835243140183273,0.019551786528264305,0.1498379995831631,0.04622808275970209,0.06367182391229173,56.095292106952925,0.0,63.56096856406232
52,2017,0,-0.05044403375765655,-0.7796942672705968,-2.3901656723952973,0,12,63.56096856406232,0,0.9295971485910838,0.12339954889784835,0.10915871250589448,0.27383022807421553,0.048963175413920895,0.0690820776374027,0.15065022067285683,0.026075937684511715,0.1498379995831631,59.26343919111223,0.0,63.626165461075985
52,2018,0,-0.05044403375765655,-0.7796942672705968,-2.3901656723952973,0,13,63.626165461075985,0,0.9439499886946225,0.012942874423315147,0.5897467966959002,0.22399048960190865,0.0667087005861274,0.005607372170303115,0.08351102110998147,-0.03793065381987948,0.15065022067285683,63.56096856406232,0.0,63.7431578480131
52,2019,0,-0.05044403375765655,-0.7796942672705968,-2.3901656723952973,0,14,63.7431578480131,0,2.302069012108115,-0.23802983174305398,0.1944952801261689,0.3674994712037948,0.06939259157910449,0.015160881444829966,0.17962842818571656,-0.002489095820277167,0.08351102110998147,63.626165461075985,0.0,66.6113588238148
52,2020,0,-0.05044403375765655,-0.7796942672705968,-2.3901656723952973,0,15,66.6113588238148,0,0.8347736824884902,0.040283598326440205,0.236955183888518,0.2979931153827935,0.07017971884298956,0.024496766074706442,0.0785945072187792,-0.030934424718035418,0.17962842818571656,63.7431578480131,0.0,75.95636608946181
52,2021,0,-0.05044403375765655,-0.7796942672705968,-2.3901656723952973,0,16,75.95636608946181,0,1.6885368480660257,-0.16030548332380154,0.3812646600598263,0.157679380224337,0.07880493881598039,0.025117774706874027,0.15098650443594785,-0.008444791617929867,0.0785945072187792,66.6113588238148,0.0,72.34422870445239
52,2022,0,-0.05044403375765655,-0.7796942672705968,-2.3901656723952973,0,17,72.34422870445239,0,1.5875938712492697,-0.011245057958557587,0.30926391665918296,0.21245661706322302,0.08223602726367929,0.04706301343613968,0.1733085815397064,0.004688653432398786,0.15098650443594785,75.95636608946181,0.0,71.629907762668
52,2023,0,-0.05044403375765655,-0.7796942672705968,-2.3901656723952973,0,18,71.629907762668,0,1.4501908093172822,0.02150289706282834,0.4445572651274956,0.2332657406349694,0.057027607302249296,0.01282797930011622,0.13032190801629837,-0.02940382020181976,0.1733085815397064,72.34422870445239,0.0,73.45705754263926
52,2024,0,-0.05044403375765655,-0.7796942672705968,-2.3901656723952973,0,19,73.45705754263926,0,1.5600657874454817,0.1340737947252974,0.4250359383512753,0.5021403970930765,0.0495637972196835,0.01555380620133548,0.1937253312410603,0.02326612086873554,0.13032190801629837,71.629907762668,0.0,
53,2015,4,0.7123792623968902,0.005389872670568999,0.3773048178662371,0,22,68.52341285014523,0,0.7900269203285553,0.011224683463598312,0.2678660071512271,0.24568486569002151,0.05152522350977467,0.06428820618896942,0.13926977962455997,0.017556162243736077,,,,67.46607506265941
53,2016,4,0.7123792623968902,0.005389872670568999,0.3773048178662371,0,23,67.46607506265941,0,1.4658326412647007,0.050320283659917794,0.12081246574762516,0.4922138006717411,0.02871357143104411,0.051160384045415355,0.16268435590577313,0.0016615196296499734,0.13926977962455997,68.52341285014523,0.0,69.46768040649353
53,2017,4,0.7123792623968902,0.005389872670568999,0.3773048178662371,0,24,69.46768040649353,0,1.562917734642276,0.007754573246884541,0.2985059164665257,0.3052496483276029,0.008368186392861202,0.0033762130299599055,0.16598969180117193,0.0009495509159522657,0.16268435590577313,67.46607506265941,0.0,70.18198415077005
53,2018,4,0.7123792623968902,0.005389872670568999,0.3773048178662371,0,25,70.18198415077005,0,1.749672374282602,0.01040932844483436,0.36181926520296037,0.754409261165199,0.04352381862794033,0.06886255762281841,0.1519913615897339,-0.03662935089754968,0.16598969180117193,69.46768040649353,0.0,63.3945718220724
53,2019,4,0.7123792623968902,0.005389872670568999,0.3773048178662371,0,26,63.3945718220724,0,0.9897917270238833,-0.08594291488036129,0.23944231084363057,0.5710269190718766,0.030499625038383063,0.025374342396629015,0.11319313026976473,-0.004534976355698295,0.1519913615897339,70.18198415077005,0.0,63.2109731697483
53,2020,4,0.7123792623968902,0.005389872670568999,0.3773048178662371,0,27,63.2109731697483,0,1.8883380004915429,0.07177123775040706,0.45192815780732587,0.41452078728199954,0.05978504396961009,0.043397852640761306,0.19742158174854824,-0.009074909742857247,0.11319313026976473,63.3945718220724,0.0,72.41015905783705
53,2021,4,0.7123792623968902,0.005389872670568999,0.3773048178662371,0,28,72.41015905783705,0,1.7939633879400623,0.08817277248086632,0.22729775635040372,0.427783263330636,0.047439230577259295,0.04548372215208385,0.18373931290631218,-0.013708027980767971,0.19742158174854824,63.2109731697483,0.0,74.99853204612974
53,2022,4,0.7123792623968902,0.005389872670568999,0.3773048178662371,0,29,74.99853204612974,0,1.875555038008852,0.00353736665614221,0.40303920168755786,0.3702048518338872,0.08238737991453138,0.05580059225132315,0.2217560623529495,0.014863598690819739,0.18373931290631218,72.41015905783705,0.0,78.76711908396156
53,2023,4,0.7123792623968902,0.005389872670568999,0.3773048178662371,0,30,78.76711908396156,0,2.2729303238054515,0.14664565244469013,0.3478157539009123,0.66119374677083,0.0751493146169601,0.05057862185081003,0.23039696885547603,-0.009003798503673482,0.2217560623529495,74.99853204612974,0.0,83.11341668993198
53,2024,4,0.7123792623968902,0.005389872670568999,0.3773048178662371,0,31,83.11341668993198,0,1.756302191705578,-0.049735591966296705,0.24868999178680815,0.7002655933320481,0.044557330682666846,0.06580719747379513,0.2007251694530688,0.011584655462954991,0.23039696885547603,78.76711908396156,0.0,
54,2015,4,-0.6798267082570127,1.038377415057301,0.5077838782066082,1,9,50.00953222355938,0,2.122148103404169,0.0893209794676764,0.3178714395077672,0.5438095826672876,-0.0014856614240756072,0.052099829296614414,0.22948370002714774,0.016477030304963,,,,47.133035218038955
54,2016,4,-0.6798267082570127,1.038377415057301,0.5077838782066082,1,10,47.133035218038955,0,1.655538004249719,0.06319919082153372,0.3352532977466297,0.6352053407407944,0.04000301447595429,0.07272309589077731,0.13229310012614148,-0.054630250717415715,0.22948370002714774,50.00953222355938,0.0,41.413800410717755
54,2017,4,-0.6798267082570127,1.038377415057301,0.5077838782066082,1,11,41.413800410717755,0,1.6870476998703623,0.11930732652922083,0.21809948540165106,0.8017324227482951,0.037302557071168564,0.0756095816271673,0.17968266333936123,-0.004818826190342784,0.13229310012614148,47.133035218038955,0.0,42.811663209440844
54,2018,4,-0.6798267082570127,1.038377415057301,0.5077838782066082,1,12,42.811663209440844,1,1.9127044379463882,0.17391017807913775,0.3798145898916478,0.27784054081585763,0.009039217929791976,0.056830859696597305,0.21243573627737597,-0.0053865499842589894,0.17968266333936123,41.413800410717755,0.0,42.20914948499975
54,2019,4,-0.6798267082570127,1.038377415057301,0.5077838782066082,1,13,42.20914948499975,0,1.9275700503215207,0.34031599639847493,0.13037269098456847,0.3326446761538915,-0.038304443112862296,0.05992818896060257,0.216148499970263,-0.008336617917300853,0.21243573627737597,42.811663209440844,1.0,45.32315981878737
54,2020,4,-0.6798267082570127,1.038377415057301,0.5077838782066082,1,14,45.32315981878737,0,1.6457944553265742,0.20345877807478688,0.0807755790592033,0.4486884493790556,0.02822542692331973,0.04429036431285567,0.1434429518095518,-0.0447621432789177,0.216148499970263,42.20914948499975,0.0,50.84678574838296
54,2021,4,-0.6798267082570127,1.038377415057301,0.5077838782066082,1,15,50.84678574838296,0,1.8717201388950593,-0.05262612812883427,0.3079828065681593,0.49945263028739645,0.03822232934674896,0.03436601067816861,0.1860303570502585,-0.001994370107593787,0.1434429518095518,45.32315981878737,0.0,50.96505458670547
54,2022,4,-0.6798267082570127,1.038377415057301,0.5077838782066082,1,16,50.96505458670547,0,2.3141150842621845,0.07387910818048676,0.2091136827523539,0.2910309648115675,0.04274346919679256,0.11356341536816347,0.2157507202622802,-0.03372667870160523,0.1860303570502585,50.84678574838296,0.0,58.02583039072409
54,2023,4,-0.6798267082570127,1.038377415057301,0.5077838782066082,1,17,58.02583039072409,0,1.987543072602098,0.2252062744941673,0.1578276290488436,0.39519748611138167,0.004771482766208306,0.06260098804429433,0.24394006674174096,0.019324325955624222,0.2157507202622802,50.96505458670547,0.0,61.630432584514075
54,2024,4,-0.6798267082570127,1.038377415057301,0.5077838782066082,1,18,61.630432584514075,0,1.764423011962912,0.19905797408665285,0.2601865546818697,0.3704904108437703,0.021085268106480305,0.0709333100351786,0.22482459682929695,0.009858031881829364,0.24394006674174096,58.02583039072409,0.0,
55,2015,7,0.23883856517522217,-0.5871893998437916,1.9251351136678636,1,17,58.865892298905116,0,1.0752712368530317,-0.06408508562842236,0.20627244488378982,0.6206131733250069,0.03416374051915947,0.047958713106842486,0.15503838648025128,0.022271252188590673,,,,65.09742159823055
55,2016,7,0.23883856517522217,-0.5871893998437916,1.9251351136678636,1,18,65.09742159823055,0,0.5706578579927603,0.04692479582660797,0.16228197439927794,0.5856065410151514,0.019321974299756114,0.04938740945211182,0.08441209706002874,-0.023003238421380346,0.15503838648025128,58.865892298905116,0.0,72.22399447956484
55,2017,7,0.23883856517522217,-0.5871893998437916,1.9251351136678636,1,19,72.22399447956484,0,1.3913891123092204,0.01802369751290069,0.19667405280138214,0.712567714212818,0.06504454699050966,0.02601840905668016,0.1473183340897895,-0.007452238226102358,0.08441209706002874,65.09742159823055,0.0,76.53723032760736
55,2018,7,0.23883856517522217,-0.5871893998437916,1.9251351136678636,1,20,76.53723032760736,0,1.2214133495501287,0.0014439949568551798,0.13028166453417828,0.4026668816517896,0.021060093600218852,0.0666894843726489,0.16915069906436928,0.011711360817856465,0.1473183340897895,72.22399447956484,0.0,80.74759286254643
55,2019,7,0.23883856517522217,-0.5871893998437916,1.9251351136678636,1,21,80.74759286254643,0,1.1144092406292314,0.1345713408864635,0.23684220880502826,0.672404420960279,0.0367341655869128,0.024713437826609765,0.15042213435563176,-0.0004954526215871348,0.16915069906436928,76.53723032760736,0.0,81.73282813608137
55,2020,7,0.23883856517522217,-0.5871893998437916,1.9251351136678636,1,22,81.73282813608137,0,1.2275894932953928,-0.008197361884115632,0.21089356908558352,0.48571104173099094,0.012959557872239756,0.02985111603397969,0.1763445174972056,0.024233520882312967,0.15042213435563176,80.74759286254643,0.0,83.04487131884575
55,2021,7,0.23883856517522217,-0.5871893998437916,1.9251351136678636,1,23,83.04487131884575,0,1.709252458364483,0.137760295638162,0.1910966480506636,0.5120243791111614,0.04408745978699739,0.040641491985861415,0.18652592963068365,-0.013470836423038743,0.1763445174972056,81.73282813608137,0.0,84.17131534775827
55,2022,7,0.23883856517522217,-0.5871893998437916,1.9251351136678636,1,24,84.17131534775827,0,1.3514019438410079,-0.045416333889072874,0.31277395705662714,0.734231071982333,0.043661961607482445,0.02246752165526382,0.14818112643764791,-0.0104631779770505,0.18652592963068365,83.04487131884575,0.0,94.58398946502184
55,2023,7,0.23883856517522217,-0.5871893998437916,1.9251351136678636,1,25,94.58398946502184,0,1.3186218534659437,-0.013276593727315072,0.3766651412390238,0.4918916343803039,0.03758501428583177,0.026905435789072354,0.2050261381723405,0.03898900610952462,0.14818112643764791,84.17131534775827,0.0,100.0
55,2024,7,0.23883856517522217,-0.5871893998437916,1.9251351136678636,1,26,100.0,0,1.5707863036016705,0.026001822705486847,0.2309611232287765,0.6140048961456543,0.01714637589030775,0.05133927309760662,0.19114353895080655,0.0031973354964874995,0.2050261381723405,94.58398946502184,0.0,
56,2015,0,0.5151267347346372,1.3805499515080548,-0.9963954402697806,0,19,54.95383492560134,0,1.9421864540198746,0.10199378664450215,0.24465454874803336,0.3352194143926053,0.05846305684618498,0.054670149053731916,0.21127912260776882,0.007840044700933258,,,,53.37597222504573
56,2016,0,0.5151267347346372,1.3805499515080548,-0.9963954402697806,0,20,53.37597222504573,0,2.304631796658395,0.15976040800009775,0.39530807535226653,0.32913196318659294,0.05487440207147433,0.060287729685973526,0.19803655875612208,-0.04597545012662345,0.21127912260776882,54.95383492560134,0.0,53.89485845219739
56,2017,0,0.5151267347346372,1.3805499515080548,-0.9963954402697806,0,21,53.89485845219739,0,2.1272369253082113,0.25528207943179626,0.2165451620041695,0.19987970709688405,0.06101414768117503,0.08847277478073151,0.23928613312448468,-0.0025612694005434635,0.19803655875612208,53.37597222504573,0.0,59.47861655760295
56,2018,0,0.5151267347346372,1.3805499515080548,-0.9963954402697806,0,22,59.47861655760295,0,2.2711469402826268,0.15952612131899868,0.5697521489605206,0.3602902419602953,0.09189206020428188,0.07847676943923192,0.3433329228638324,0.08897400735877632,0.23928613312448468,53.89485845219739,0.0,66.18206470356418
56,2019,0,0.5151267347346372,1.3805499515080548,-0.9963954402697806,0,23,66.18206470356418,0,2.522099131301547,0.2393238003045572,0.2563726582190355,0.2406339720997823,0.07196897986927328,0.0646062606163977,0.29320347982174094,0.022656133728281083,0.3433329228638324,59.47861655760295,0.0,63.35407913705473
56,2020,0,0.5151267347346372,1.3805499515080548,-0.9963954402697806,0,24,63.35407913705473,0,2.237654496237496,0.21923433475380905,0.3306962564336299,0.3891747961402336,0.04678167019267366,0.12492361110493033,0.2828123642943707,0.020636801361028453,0.29320347982174094,66.18206470356418,0.0,63.65237795065085
56,2021,0,0.5151267347346372,1.3805499515080548,-0.9963954402697806,0,25,63.65237795065085,0,2.787088275233804,0.20484957094236192,0.27811413662091305,0.2547800401183443,0.0487816288032638,0.06772382086260527,0.3078294676215996,0.02021330682861813,0.2828123642943707,63.35407913705473,0.0,65.7646372675147
56,2022,0,0.5151267347346372,1.3805499515080548,-0.9963954402697806,0,26,65.7646372675147,1,2.7761818443118083,0.16687871709978513,0.4582524258998244,0.35826503115391534,0.035493650753453385,0.036716093164020386,0.3121189590013365,0.02892813087918795,0.3078294676215996,63.65237795065085,0.0,66.73644866874625
56,2023,0,0.5151267347346372,1.3805499515080548,-0.9963954402697806,0,27,66.73644866874625,0,2.4236001615651546,0.25192733070894946,0.25368891155855805,0.6148693472586642,0.06835311697111121,0.05341556630752341,0.2928487124961719,0.03474754581613498,0.3121189590013365,65.7646372675147,1.0,68.43786570606257
56,2024,0,0.5151267347346372,1.3805499515080548,-0.9963954402697806,0,28,68.43786570606257,0,2.023712795307685,0.07300304170390856,0.32411971500619075,0.24619826365711403,0.07479816571835818,0.07905486714482621,0.19767001744719806,-0.03434345010983179,0.2928487124961719,66.73644866874625,0.0,
57,2015,2,0.13996695872340506,1.4875971528729888,0.672056791768449,1,30,61.239040868394056,0,2.116810391016383,0.14691609140787557,0.28919644139093303,0.5527720258734513,0.01590195011136438,0.09075050225179293,0.2535714417544644,0.025698514657775687,,,,52.96257605731478
57,2016,2,0.13996695872340506,1.4875971528729888,0.672056791768449,1,31,52.96257605731478,0,1.3590687377260613,0.169969623630516,0.3150381921904934,0.536462321064399,0.023509413548266588,0.04755851072142165,0.17479191469098054,0.0012930100339478869,0.2535714417544644,61.239040868394056,0.0,53.980908078757075
57,2017,2,0.13996695872340506,1.4875971528729888,0.672056791768449,1,32,53.980908078757075,1,2.252495354875645,0.2626352399809462,0.226390635430448,0.4172372409158039,0.060922695192476645,0.07511300372389526,0.30837428696571073,0.06176196098250484,0.17479191469098054,52.96257605731478,0.0,54.78932787493392
57,2018,2,0.13996695872340506,1.4875971528729888,0.672056791768449,1,33,54.78932787493392,0,2.122802720214714,0.2704373685143701,0.179167688277771,0.49660581020136113,0.020662026470607088,0.0259292320775157,0.25716554640321854,0.027764867052806525,0.30837428696571073,53.980908078757075,1.0,53.953031153317866
57,2019,2,0.13996695872340506,1.4875971528729888,0.672056791768449,1,34,53.953031153317866,0,2.2666824634960756,0.2228407420599888,0.28596114341646567,0.6009288390660036,0.03416896585501146,0.06944292373424017,0.2467098022377285,-0.00026851172995035643,0.25716554640321854,54.78932787493392,0.0,57.271760539288
57,2020,2,0.13996695872340506,1.4875971528729888,0.672056791768449,1,35,57.271760539288,0,2.0003310032849244,0.22458326134124543,0.308127146025837,0.4302066036343857,0.058680825256549086,0.07218159278888849,0.30897640081359895,0.0753992469487323,0.2467098022377285,53.953031153317866,0.0,58.60136512843915
57,2021,2,0.13996695872340506,1.4875971528729888,0.672056791768449,1,36,58.60136512843915,0,2.038291296479307,0.24978084644404125,0.22564876564207265,0.48146020995990946,0.04491189969531354,0.09270847166063338,0.23100054047099008,-0.011214857663558609,0.30897640081359895,57.271760539288,0.0,61.40385210233881
57,2022,2,0.13996695872340506,1.4875971528729888,0.672056791768449,1,37,61.40385210233881,0,2.865854475069347,0.3017461261310108,0.38812367095982686,0.3522498527489663,0.020442037960996307,0.06716602358749175,0.3160435612029483,0.011592854643469621,0.23100054047099008,58.60136512843915,0.0,65.38247098365142
57,2023,2,0.13996695872340506,1.4875971528729888,0.672056791768449,1,38,65.38247098365142,0,2.6839781891919885,0.2897828505659865,0.12314777165074549,0.4218787194938796,0.027520844577848737,0.07603790625115159,0.23508205225503423,-0.051229631286686596,0.3160435612029483,61.40385210233881,0.0,66.1501458401209
57,2024,2,0.13996695872340506,1.4875971528729888,0.672056791768449,1,39,66.1501458401209,0,2.2192361596634815,0.08071977869726416,0.3344577242505103,0.6459858674718183,0.017174598362633284,0.060007574536497715,0.28335272471462214,0.04741142306020949,0.23508205225503423,65.38247098365142,0.0,
58,2015,6,-1.038014197673169,0.9775094045299513,-1.402243086322138,1,12,51.451671322404714,0,1.6408839763132705,0.03463959449674346,0.2731242720785655,0.3669478740227464,0.037897816603979534,0.07156292496824647,0.22282220258858765,0.021920691320450783,,,,47.795756830425276
58,2016,6,-1.038014197673169,0.9775094045299513,-1.402243086322138,1,13,47.795756830425276,0,1.613054621229105,0.011315753870775686,0.2880654257704108,0.36595724854155565,0.04425488425002372,0.07721086588493271,0.2194871107745527,0.015844367269940596,0.22282220258858765,51.451671322404714,0.0,47.23887311644038
58,2017,6,-1.038014197673169,0.9775094045299513,-1.402243086322138,1,14,47.23887311644038,0,1.8732008189668259,0.1395807033444535,0.1801990347999033,0.39412017471908933,0.01548330664655925,0.07345605512885084,0.1872058289481604,-0.040004428566064586,0.2194871107745527,47.795756830425276,0.0,49.841910927205646
58,2018,6,-1.038014197673169,0.9775094045299513,-1.402243086322138,1,15,49.841910927205646,0,1.3055437481582854,0.07608111262505662,0.2823794057591801,0.31434023896770924,0.010140110848027083,0.09139369191306476,0.17500517964168896,-0.016714777035528455,0.1872058289481604,47.23887311644038,0.0,52.77640023807799
58,2019,6,-1.038014197673169,0.9775094045299513,-1.402243086322138,1,16,52.77640023807799,0,1.2665462745597442,0.07756175803057094,0.5271896558905282,0.45032706048283055,0.0495764962039322,0.06897960688007114,0.1923320147808007,0.0016924991660576191,0.17500517964168896,49.841910927205646,0.0,56.81137731352574
58,2020,6,-1.038014197673169,0.9775094045299513,-1.402243086322138,1,17,56.81137731352574,0,1.762095315927146,0.18767614474635563,0.3065233918922524,0.2695339276546304,0.028746362429037314,0.046979422376761504,0.19250080922361357,-0.03316307223560712,0.1923320147808007,52.77640023807799,0.0,53.78333792131945
58,2021,6,-1.038014197673169,0.9775094045299513,-1.402243086322138,1,18,53.78333792131945,0,1.9321668880169398,0.07021883378485115,0.11872238147254048,0.3617921833111541,0.05956258530694312,0.05950531363611678,0.16904728029361796,-0.05536549171841829,0.19250080922361357,56.81137731352574,0.0,57.55470851737532
58,2022,6,-1.038014197673169,0.9775094045299513,-1.402243086322138,1,19,57.55470851737532,0,1.6098583052181703,0.18829539436759496,0.17322984887579881,0.33178503475136023,0.01079813914150702,0.07094793944342243,0.2513414135463778,0.035375679830228865,0.16904728029361796,53.78333792131945,0.0,64.82270825388697
58,2023,6,-1.038014197673169,0.9775094045299513,-1.402243086322138,1,20,64.82270825388697,0,2.2887073984692137,0.1220372368443588,0.22358615013293903,0.22399481512883784,0.0329316769720654,0.048680623416582115,0.2728536567589894,0.0118763418546316,0.2513414135463778,57.55470851737532,0.0,72.96885854001323
58,2024,6,-1.038014197673169,0.9775094045299513,-1.402243086322138,1,21,72.96885854001323,0,2.085240850866565,0.25348818385743144,0.23036716540875582,0.36117996625522025,0.0019198694636663703,0.0591656182113524,0.245491828290936,-0.013034129436834161,0.2728536567589894,64.82270825388697,0.0,
59,2015,7,0.23221527486141003,0.6059156026965594,-0.05363694397580453,0,34,62.02120633107053,0,1.4095754650160794,0.13642144708252663,0.31737963736914754,0.33909833413195584,0.07546263621145723,0.0416955862668735,0.1596556898660005,-0.021364626757131102,,,,59.459277302184546
59,2016,7,0.23221527486141003,0.6059156026965594,-0.05363694397580453,0,35,59.459277302184546,0,1.3620566779745673,0.03852446582515355,0.3496888351798166,0.48900233143823096,0.055313005389457416,0.0315957439512644,0.15206831800898177,-0.016780945311521415,0.1596556898660005,62.02120633107053,0.0,57.442433359113174
59,2017,7,0.23221527486141003,0.6059156026965594,-0.05363694397580453,0,36,57.442433359113174,0,1.620648255424452,0.23754834863888208,0.3733612166095631,0.6053182090743268,0.05108569377748106,0.06509263254187865,0.26544015644243774,0.05638911757597597,0.15206831800898177,59.459277302184546,0.0,57.58856123502854
59,2018,7,0.23221527486141003,0.6059156026965594,-0.05363694397580453,0,37,57.58856123502854,0,1.9317338472025116,0.22863188641709806,0.29712305708624903,0.5831480106699536,0.060490837612663474,0.08115612857939164,0.2882363615312552,0.05168471948520137,0.26544015644243774,57.442433359113174,0.0,61.949971786406934
59,2019,7,0.23221527486141003,0.6059156026965594,-0.05363694397580453,0,38,61.949971786406934,0,2.1348054415476843,-0.028409958461394297,0.23438140078409994,0.33952377225697994,0.04485677976977791,0.045754376713378196,0.2779672154195587,0.05063395756544591,0.2882363615312552,57.58856123502854,0.0,69.91697027154504
59,2020,7,0.23221527486141003,0.6059156026965594,-0.05363694397580453,0,39,69.91697027154504,0,1.7042604366039518,0.16221728543810396,0.3539154222551849,0.6198318819221752,0.06278755385828634,0.07313230521170647,0.23254960619611012,0.014981807177375645,0.2779672154195587,61.949971786406934,0.0,69.0103957868125
59,2021,7,0.23221527486141003,0.6059156026965594,-0.05363694397580453,0,40,69.0103957868125,0,1.9962013534567338,0.07111148495149475,0.1446782617909146,0.3524535554960916,0.042997150135248435,0.000803086606268176,0.22974332838349157,0.01830842756420951,0.23254960619611012,69.91697027154504,0.0,80.15875107983118
59,2022,7,0.23221527486141003,0.6059156026965594,-0.05363694397580453,0,41,80.15875107983118,0,1.5838180123828516,0.09269163854877965,0.18570332391439984,0.47109062735496304,0.05010715834679901,0.07979297579211314,0.15884474135640325,-0.043711701777668435,0.22974332838349157,69.0103957868125,0.0,85.24848436235462
59,2023,7,0.23221527486141003,0.6059156026965594,-0.05363694397580453,0,42,85.24848436235462,0,1.7317040480751402,0.15564792377477998,0.24262406369972575,0.5942787355935466,0.026538448848225028,0.06441089745547472,0.2541706946474437,0.041784996242144774,0.15884474135640325,80.15875107983118,0.0,82.9723292302704
59,2024,7,0.23221527486141003,0.6059156026965594,-0.05363694397580453,0,43,82.9723292302704,0,2.2647023895454725,0.005128721888249352,0.2872083760786538,0.47761889287163195,0.038979941045448774,0.06705506908516276,0.23585202744093764,-0.011159510668066306,0.2541706946474437,85.24848436235462,0.0,
60,2015,4,1.7046712525026044,1.1509982837982717,-1.5700370448960292,0,12,72.2728774472302,0,2.0027740789306074,0.17803983665805392,0.4079945062041631,0.20823983710265787,0.11959810554020105,0.05292046812413432,0.22855924691881965,0.007511472077379647,,,,71.70798332613542
60,2016,4,1.7046712525026044,1.1509982837982717,-1.5700370448960292,0,13,71.70798332613542,0,2.014274121582693,0.18880825866808673,0.29448511384861115,0.3286627758760718,0.11041012379691144,0.06052086074701985,0.20585036754954997,-0.01721726424334508,0.22855924691881965,72.2728774472302,0.0,73.40016996458344
60,2017,4,1.7046712525026044,1.1509982837982717,-1.5700370448960292,0,14,73.40016996458344,0,2.082109263203428,0.21350725607942062,0.3787492169997348,0.32430261854587095,0.10207932400068426,0.05198229106145755,0.2551096951708497,0.024172134022023978,0.20585036754954997,71.70798332613542,0.0,70.84903017330357
60,2018,4,1.7046712525026044,1.1509982837982717,-1.5700370448960292,0,15,70.84903017330357,0,2.0284063844937177,0.12837786789665726,0.43249060455240673,0.38479193479173424,0.10903055820367921,0.058641976347742764,0.20810662273394506,-0.017734977746002717,0.2551096951708497,73.40016996458344,0.0,70.47945995952995
60,2019,4,1.7046712525026044,1.1509982837982717,-1.5700370448960292,0,16,70.47945995952995,1,2.7622144022980057,0.14523550099583743,0.5371974605443692,0.36917581427536966,0.1325150999258772,0.0683937427451725,0.34046163879625296,0.056445525722435955,0.20810662273394506,70.84903017330357,0.0,77.24813093756211
60,2020,4,1.7046712525026044,1.1509982837982717,-1.5700370448960292,0,17,77.24813093756211,0,3.069475816298248,0.14221127979057324,0.49311296541266075,0.41062046322850715,0.09053719350402499,0.10362896359095211,0.33441660887653135,0.017671448067148484,0.34046163879625296,70.47945995952995,1.0,81.62365305134574
60,2021,4,1.7046712525026044,1.1509982837982717,-1.5700370448960292,0,18,81.62365305134574,0,2.1328845735402453,0.221497671473983,0.35678617797976203,0.4363862866745136,0.11583484231551752,0.060838563839546146,0.185512995907027,-0.057328666913358195,0.33441660887653135,77.24813093756211,0.0,80.91335558256671
60,2022,4,1.7046712525026044,1.1509982837982717,-1.5700370448960292,0,19,80.91335558256671,0,3.079073344225329,0.13190302383036978,0.4044809424286415,0.2410711485472709,0.08209502705965777,0.0633858551419416,0.3337957299591818,0.02988121197649217,0.185512995907027,81.62365305134574,0.0,78.60014028633425
60,2023,4,1.7046712525026044,1.1509982837982717,-1.5700370448960292,0,20,78.60014028633425,1,2.481952429563552,0.10531555564776006,0.2874409129239308,0.38881135027765285,0.1309616771854287,0.03043010789874747,0.1971608095040803,-0.05481553350066812,0.3337957299591818,80.91335558256671,0.0,81.90289752442665
60,2024,4,1.7046712525026044,1.1509982837982717,-1.5700370448960292,0,21,81.90289752442665,1,2.438972272481089,0.12074440332810411,0.5672877443840555,0.2481797932347621,0.08703359776337112,0.06475476892931453,0.27130477089064425,0.0047414183566640575,0.1971608095040803,78.60014028633425,1.0,
61,2015,9,0.48135841383453226,1.6874345259972041,0.13581442860847023,1,17,60.883861522807265,0,1.7230520130885985,0.27921746303237943,0.44164292485701134,0.49344417305342886,0.03825020627074496,0.06738464299524007,0.26479670479714074,0.02470926350250092,,,,64.79225126390159
61,2016,9,0.48135841383453226,1.6874345259972041,0.13581442860847023,1,18,64.79225126390159,0,1.8176810565367985,0.16768953157798908,0.4224069859380418,0.4681090129221536,0.033456227062996315,0.07044488440077307,0.23843880946715365,-0.0064625852211524105,0.26479670479714074,60.883861522807265,0.0,64.3913500893526
61,2017,9,0.48135841383453226,1.6874345259972041,0.13581442860847023,1,19,64.3913500893526,0,2.269456579807084,0.18672578503227563,0.1361053381133739,0.44079547003884495,0.07026205550077586,0.08816463582702241,0.34840670291393533,0.07582919999811383,0.23843880946715365,64.79225126390159,0.0,63.36699832353949
61,2018,9,0.48135841383453226,1.6874345259972041,0.13581442860847023,1,20,63.36699832353949,0,2.284395177325334,0.29497393088333956,0.18222179026246524,0.5293422166477539,0.0687390491095273,0.07487474754986116,0.23686106970520732,-0.046693182328869584,0.34840670291393533,64.3913500893526,0.0,65.69595589355421
61,2019,9,0.48135841383453226,1.6874345259972041,0.13581442860847023,1,21,65.69595589355421,0,2.9400670797632698,0.1814916491281887,0.19231174904368278,0.5391092508621774,0.08026383565983186,0.06348380007596086,0.30578608208686814,-0.009807358846408409,0.23686106970520732,63.36699832353949,0.0,66.68366463498792
61,2020,9,0.48135841383453226,1.6874345259972041,0.13581442860847023,1,22,66.68366463498792,0,2.3437533535870396,0.22792671037754614,0.2061028767459659,0.4582180992070189,0.0677352905993905,0.10345827997243816,0.3278969535012182,0.03601760779765541,0.30578608208686814,65.69595589355421,0.0,67.1088513063061
61,2021,9,0.48135841383453226,1.6874345259972041,0.13581442860847023,1,23,67.1088513063061,0,2.7253270433467613,0.34131364656133373,0.4412967594909614,0.583295100126014,0.05980394723798875,0.10437194387881892,0.40406687104002503,0.06900892376199473,0.3278969535012182,66.68366463498792,0.0,73.67445333870123
61,2022,9,0.48135841383453226,1.6874345259972041,0.13581442860847023,1,24,73.67445333870123,0,2.607739992224575,0.310237923284323,0.26251966016489825,0.33853536113381716,0.08112236223515878,0.09590570303045938,0.2799584922215227,-0.04440487077636156,0.40406687104002503,67.1088513063061,0.0,83.58513483457958
61,2023,9,0.48135841383453226,1.6874345259972041,0.13581442860847023,1,25,83.58513483457958,0,3.4043274728364685,0.10076685945434499,0.13845354396745854,0.5845072235146148,0.013195969050447363,0.0718971992671143,0.320208457320319,-0.026570142819167863,0.2799584922215227,73.67445333870123,0.0,79.36839387239894
61,2024,9,0.48135841383453226,1.6874345259972041,0.13581442860847023,1,26,79.36839387239894,0,2.3223853210295577,0.1856055201244184,0.20220501258208284,0.36839270244688826,0.054814366893024685,0.06946812682010443,0.25614581760271676,-0.029231156356918288,0.320208457320319,83.58513483457958,0.0,
62,2015,7,0.15897869336051162,-0.3199072297007622,0.25739279035409546,1,26,58.68828784634967,0,0.7770905630961256,0.011597709494419808,0.32224533500320385,0.37029002447577775,0.027423439446260356,0.04747332198929438,0.1406777556991308,0.011297119977918858,,,,58.76980200446491
62,2016,7,0.15897869336051162,-0.3199072297007622,0.25739279035409546,1,27,58.76980200446491,0,0.9662958821025287,0.034440727096799136,0.312163490564033,0.56690878274031,0.07501141370416482,0.03145533217308211,0.15676289898694615,0.01827708302749934,0.1406777556991308,58.68828784634967,0.0,62.10579610349629
62,2017,7,0.15897869336051162,-0.3199072297007622,0.25739279035409546,1,28,62.10579610349629,1,0.959730935146013,0.11536964531980302,0.3305728221468021,0.3946255814349171,0.0496518436408635,0.047068501835318605,0.12472856941272771,-0.02826680239277023,0.15676289898694615,58.76980200446491,0.0,60.190168782066635
62,2018,7,0.15897869336051162,-0.3199072297007622,0.25739279035409546,1,29,60.190168782066635,0,1.4415836585215365,0.06340558541602237,0.28312150635508815,0.45535438406213524,0.05614694881903725,0.04639895192126868,0.19164817827107056,0.011849532837398605,0.12472856941272771,62.10579610349629,1.0,65.55371173129862
62,2019,7,0.15897869336051162,-0.3199072297007622,0.25739279035409546,1,30,65.55371173129862,1,1.8236125430171162,0.0737198556125668,0.30537119477671704,0.3712229980529309,0.054083588011557854,0.025279325714880948,0.21289341625556632,0.00480140231696737,0.19164817827107056,60.190168782066635,0.0,70.24976121266826
62,2020,7,0.15897869336051162,-0.3199072297007622,0.25739279035409546,1,31,70.24976121266826,0,1.2461919671015718,0.0014362013022484361,0.1680111714463198,0.3342769259994687,-0.023846371507665068,0.04546461879427554,0.17849009868793939,0.01399516991858592,0.21289341625556632,65.55371173129862,1.0,75.27845247355143
62,2021,7,0.15897869336051162,-0.3199072297007622,0.25739279035409546,1,32,75.27845247355143,0,1.9839991732569942,0.057118916790932645,0.19369031157807173,0.5050147926828782,0.039692465988379916,0.009119933789929938,0.22139185612664208,0.011812124626314268,0.17849009868793939,70.24976121266826,0.0,76.25158759530059
62,2022,7,0.15897869336051162,-0.3199072297007622,0.25739279035409546,1,33,76.25158759530059,0,1.342677026940745,0.189857513490782,0.4047191016739743,0.5315950103098869,0.013475063842740442,0.05156900333323294,0.21998931632855623,0.026174329076492402,0.22139185612664208,75.27845247355143,0.0,83.13509629628247
62,2023,7,0.15897869336051162,-0.3199072297007622,0.25739279035409546,1,34,83.13509629628247,0,1.7991589741801863,0.06764578854447195,0.28431906275433716,0.3986210011721024,0.04715256644291814,0.06398804006268664,0.2046775724224032,-0.013912092122582407,0.21998931632855623,76.25158759530059,0.0,93.3153328285061
62,2024,7,0.15897869336051162,-0.3199072297007622,0.25739279035409546,1,35,93.3153328285061,0,1.6749115897418592,-0.012232727350280796,0.4187349470055652,0.5180965504439563,0.04763343864155063,0.01472859898527764,0.14699571125940444,-0.04859416126017203,0.2046775724224032,83.13509629628247,0.0,
63,2015,5,1.7410908345127332,-0.4314574666470421,-0.03095117842680659,1,19,67.15311656873487,0,1.1571163661051789,0.1023468443210879,0.25109347755470246,0.37413869755243756,0.06144224373273752,0.04694981074251349,0.09596966172097104,-0.053223441292294706,,,,66.01380892654899
63,2016,5,1.7410908345127332,-0.4314574666470421,-0.03095117842680659,1,20,66.01380892654899,1,1.8426625771195737,-0.07185690131236103,0.34434970845035323,0.3262066764073194,0.06945217872809925,0.054343914518928324,0.2230015202685408,0.03289913691600676,0.09596966172097104,67.15311656873487,0.0,65.40204029426863
63,2017,5,1.7410908345127332,-0.4314574666470421,-0.03095117842680659,1,21,65.40204029426863,0,1.2921962627965324,-0.02093732384925754,0.34691773182121527,0.5022417239112696,0.07976645917791196,-0.0015322057462217875,0.11982480626967337,-0.025079760741069986,0.2230015202685408,66.01380892654899,1.0,68.02472213741532
63,2018,5,1.7410908345127332,-0.4314574666470421,-0.03095117842680659,1,22,68.02472213741532,1,1.6116442884433533,0.027863464890821834,0.38829060576993735,0.405775399896278,0.08966731550288624,0.038975014270196395,0.22570174156762207,0.04488583357180435,0.11982480626967337,65.40204029426863,0.0,68.22254199244615
63,2019,5,1.7410908345127332,-0.4314574666470421,-0.03095117842680659,1,23,68.22254199244615,0,1.7433737209271825,0.11347049722349689,0.335281340173597,0.41734286452055896,0.08345919507450796,0.02198268370706268,0.12866257938792594,-0.06652883435350895,0.22570174156762207,68.02472213741532,1.0,73.20942267558524
63,2020,5,1.7410908345127332,-0.4314574666470421,-0.03095117842680659,1,24,73.20942267558524,1,1.675329861374477,0.058069326939625555,0.3783779236830745,0.2797654666161472,0.0876947161461219,0.05359303399201282,0.18221365328656924,-0.012918385989246231,0.12866257938792594,68.22254199244615,0.0,81.45967412100163
63,2021,5,1.7410908345127332,-0.4314574666470421,-0.03095117842680659,1,25,81.45967412100163,1,1.9436890872546961,0.10988747919637543,0.6472973612807034,0.4043288462774124,0.09813892398946275,0.060875961530366784,0.27252108296689,0.04299813605791476,0.18221365328656924,73.20942267558524,1.0,90.3733988996511
63,2022,5,1.7410908345127332,-0.4314574666470421,-0.03095117842680659,1,26,90.3733988996511,1,1.8935144082696338,0.16091489798105277,0.31763482598908643,0.25523030479058495,0.08142690895795379,0.029589706962838455,0.2286599538938127,0.010711671605105036,0.27252108296689,81.45967412100163,1.0,91.20853279456227
63,2023,5,1.7410908345127332,-0.4314574666470421,-0.03095117842680659,1,27,91.20853279456227,1,1.728806535552823,0.03749278921296348,0.2806527730949611,0.3917238109949075,0.07667109010402899,0.012498001065928119,0.2712554602717797,0.08231087406767476,0.2286599538938127,90.3733988996511,1.0,91.28986508241051
63,2024,5,1.7410908345127332,-0.4314574666470421,-0.03095117842680659,1,28,91.28986508241051,0,2.4170341327553624,-0.06390268723676931,0.19733888528529633,0.5032125205467758,0.07860393587548495,0.024303836137950573,0.22945371235144738,-0.0003455468676275132,0.2712554602717797,91.20853279456227,1.0,
64,2015,0,-0.31934788345758347,-0.04183997296291406,0.49475758180230234,1,13,54.835066703296754,0,1.00323540584715,-0.007790914341678397,0.26522665575175497,0.44411821213359154,-0.0006910153664089723,0.02783570860206542,0.17604827826788705,0.06400077136147875,,,,59.23882635336382
64,2016,0,-0.31934788345758347,-0.04183997296291406,0.49475758180230234,1,14,59.23882635336382,0,0.8992892376578661,0.12957191988936564,0.09226245493591856,0.5269090256669919,0.012671804992474266,0.04578456190518256,0.16563568290021435,0.051016250872790096,0.17604827826788705,54.835066703296754,0.0,55.232663492296616
64,2017,0,-0.31934788345758347,-0.04183997296291406,0.49475758180230234,1,15,55.232663492296616,0,1.5758545459329865,0.15230412208622837,0.17870764045885065,0.48342733801627646,0.014690377503581452,0.04745159162465634,0.2212102391320442,0.05269909249197089,0.16563568290021435,59.23882635336382,0.0,60.421277898694015
64,2018,0,-0.31934788345758347,-0.04183997296291406,0.49475758180230234,1,16,60.421277898694015,0,1.5038949417821548,0.04523683094555418,0.2628858629276371,0.6129720707293946,0.032278687980363166,0.03768782970281677,0.17003079385797853,0.013272989520351629,0.2212102391320442,55.232663492296616,0.0,63.19472040771576
64,2019,0,-0.31934788345758347,-0.04183997296291406,0.49475758180230234,1,17,63.19472040771576,0,0.5508113312911623,0.09630791160137413,0.3573272614057963,0.42334570092883056,-0.005793937872360277,0.010147891029080737,0.1429166071804654,0.04945106740442733,0.17003079385797853,60.421277898694015,0.0,58.976056090849426
64,2020,0,-0.31934788345758347,-0.04183997296291406,0.49475758180230234,1,18,58.976056090849426,0,1.5551547547694131,-0.01622605489463729,0.5417119464369984,0.5419226571477168,0.0566897258178163,0.03276520521851968,0.13613378914621072,-0.02876780728011415,0.1429166071804654,63.19472040771576,0.0,63.436939151591304
64,2021,0,-0.31934788345758347,-0.04183997296291406,0.49475758180230234,1,19,63.436939151591304,0,1.7088134824319274,0.08936107280470221,0.31795092488091525,0.5833906733406513,0.04103993244885518,0.05365603482615557,0.18726022927333974,0.006694055200566831,0.13613378914621072,58.976056090849426,0.0,68.99900013494164
64,2022,0,-0.31934788345758347,-0.04183997296291406,0.49475758180230234,1,20,68.99900013494164,0,1.2264165320389862,-0.025962032574935366,0.19200725422985096,0.5986233521633674,0.007257618455030819,0.04883166410323775,0.16501575836091342,0.029869000272536913,0.18726022927333974,63.436939151591304,0.0,76.01247655937651
64,2023,0,-0.31934788345758347,-0.04183997296291406,0.49475758180230234,1,21,76.01247655937651,0,1.8412979100051297,0.0760301138645996,0.45074945607466865,0.5627270910134531,0.0008149689317542876,0.04374981758393123,0.24148520276829866,0.04689260865543534,0.16501575836091342,68.99900013494164,0.0,72.93487584393671
64,2024,0,-0.31934788345758347,-0.04183997296291406,0.49475758180230234,1,22,72.93487584393671,0,1.681134747127205,0.08535965903725112,0.15002982230788112,0.33087179254060217,0.03951328145675075,0.04836633642623452,0.22181762477604217,0.039350298098022665,0.24148520276829866,76.01247655937651,0.0,
65,2015,7,-1.4392310001593402,-1.5144473641420568,-0.12513033757838937,0,16,51.05145945930286,0,0.8624997773884078,-0.017061389045018874,0.20275019036902187,0.5131969418753729,-0.00470678670543667,0.018708685447216915,0.1049269251084134,0.0017507291640524757,,,,48.997986516207924
65,2016,7,-1.4392310001593402,-1.5144473641420568,-0.12513033757838937,0,17,48.997986516207924,0,-0.2160420516832623,-0.10659441982532528,0.19498127921296654,0.4901295954163946,0.029414933336005845,0.018173770732574535,0.02024523807740581,-0.0012107648636416335,0.1049269251084134,51.05145945930286,0.0,50.22857258564103
65,2017,7,-1.4392310001593402,-1.5144473641420568,-0.12513033757838937,0,18,50.22857258564103,0,0.4343434041719057,0.05396714444617155,0.22630370341716588,0.3560243081224549,0.04250541386989207,0.026885044959310492,0.10512430460640813,0.022549288390634765,0.02024523807740581,48.997986516207924,0.0,55.753952024500514
65,2018,7,-1.4392310001593402,-1.5144473641420568,-0.12513033757838937,0,19,55.753952024500514,0,0.21194411346470687,-0.04479310295348618,0.23588061364819826,0.5485761597006525,0.023305986348874545,0.023412812958241165,-0.009878153477428146,-0.06951961328667099,0.10512430460640813,50.22857258564103,0.0,57.43071661192716
65,2019,7,-1.4392310001593402,-1.5144473641420568,-0.12513033757838937,0,20,57.43071661192716,0,0.9385653906097848,-0.20739898313972177,0.16554962137912665,0.42341863824007236,0.029625496680499287,0.03181267782379119,0.04540325568088495,-0.05160438605756086,-0.009878153477428146,55.753952024500514,0.0,57.36113354963914
65,2020,7,-1.4392310001593402,-1.5144473641420568,-0.12513033757838937,0,21,57.36113354963914,0,0.5631632710499922,-0.07978728346365915,0.22275104851279798,0.49939586757460863,0.0015624514230257987,-0.003691217138325053,0.0492292763342691,-0.026474507811606984,0.04540325568088495,57.43071661192716,0.0,62.26964992326567
65,2021,7,-1.4392310001593402,-1.5144473641420568,-0.12513033757838937,0,22,62.26964992326567,0,1.112701280330427,0.09804037244393966,0.3039524876715895,0.36537871162706637,0.0005454152707631719,0.018604072540423303,0.13325239829066413,-0.005772307224506324,0.0492292763342691,57.36113354963914,0.0,66.27469158191123
65,2022,7,-1.4392310001593402,-1.5144473641420568,-0.12513033757838937,0,23,66.27469158191123,0,0.7329759819059545,-0.19644769565862386,0.3261942968185869,0.37173070102536154,-0.011699748677249298,0.014293546436936725,0.10239978607626024,0.008428940782847618,0.13325239829066413,62.26964992326567,0.0,70.20333894299827
65,2023,7,-1.4392310001593402,-1.5144473641420568,-0.12513033757838937,0,24,70.20333894299827,0,0.6026235313215232,-0.040623170972473255,0.25430601497721417,0.4293189768343852,-0.015654999391613328,0.017544569140925833,0.080801027772074,-0.01284720029729263,0.10239978607626024,66.27469158191123,0.0,76.36853463441852
65,2024,7,-1.4392310001593402,-1.5144473641420568,-0.12513033757838937,0,25,76.36853463441852,0,0.9720514081285896,-0.18496350063305506,0.43295134552822,0.6986052460063534,0.00017660088591968815,0.004290283725154569,0.11593687206321712,0.00865322580398364,0.080801027772074,70.20333894299827,0.0,
66,2015,0,-0.04138435109801948,1.0231072130485306,-0.562441178530022,1,22,57.071963885128,0,1.708774870978292,0.2593471758137869,0.08936161037519834,0.22825901957491873,0.06539628202253864,0.05648730102506144,0.22582266364232698,0.042675600603094076,,,,58.61808906006266
66,2016,0,-0.04138435109801948,1.0231072130485306,-0.562441178530022,1,23,58.61808906006266,0,1.5586799253865646,0.20100568135883295,0.3834254896168623,0.23052509737569588,0.07470231131980917,0.08110681648490205,0.16077355499676663,-0.028108977923212815,0.22582266364232698,57.071963885128,0.0,57.10778916904725
66,2017,0,-0.04138435109801948,1.0231072130485306,-0.562441178530022,1,24,57.10778916904725,0,1.6307239579316226,0.03701244137470955,0.29342904131593617,0.46459329220778783,0.015321398456920536,0.058584678835125546,0.18695142667393422,0.01914521813416325,0.16077355499676663,58.61808906006266,0.0,65.44295106110192
66,2018,0,-0.04138435109801948,1.0231072130485306,-0.562441178530022,1,25,65.44295106110192,0,1.9106763054161626,0.24857064287794167,0.2786236208630891,0.37778303775229505,0.0472419056641948,0.0392535349998445,0.2611226296904513,0.059338434423084695,0.18695142667393422,57.10778916904725,0.0,66.88456298176658
66,2019,0,-0.04138435109801948,1.0231072130485306,-0.562441178530022,1,26,66.88456298176658,0,2.1588627585959292,0.26554728502954006,0.17984758884088636,0.35251570165376067,0.05934266930558419,0.05763378810009956,0.2080972196694524,-0.01715437672950107,0.2611226296904513,65.44295106110192,0.0,65.72778761529223
66,2020,0,-0.04138435109801948,1.0231072130485306,-0.562441178530022,1,27,65.72778761529223,0,2.026797743522456,0.1319027890020594,0.22132268508646896,0.2722849035494023,0.05671390123830897,0.07241834934498861,0.2700931505538195,0.05866909994200684,0.2080972196694524,66.88456298176658,0.0,67.24702706501256
66,2021,0,-0.04138435109801948,1.0231072130485306,-0.562441178530022,1,28,67.24702706501256,0,2.695608554379384,0.2512109643521368,0.3823976126364288,0.43141863536365543,0.067671061828703,0.029846263860026465,0.2524374816461038,-0.01090293208795321,0.2700931505538195,65.72778761529223,0.0,68.20779120213201
66,2022,0,-0.04138435109801948,1.0231072130485306,-0.562441178530022,1,29,68.20779120213201,0,2.0809784023583084,0.2912660364402901,0.1579449576050109,0.2229298831430631,0.01892202006669729,0.06625858352741802,0.17308010950107175,-0.05489416372372253,0.2524374816461038,67.24702706501256,0.0,71.02978208023454
66,2023,0,-0.04138435109801948,1.0231072130485306,-0.562441178530022,1,30,71.02978208023454,1,1.9063558090171029,0.07024584722490573,0.15893617138499697,0.489787879744156,0.060139507131838146,0.08081783326167034,0.17197136467778906,-0.024005180779248722,0.17308010950107175,68.20779120213201,0.0,76.60743868253891
66,2024,0,-0.04138435109801948,1.0231072130485306,-0.562441178530022,1,31,76.60743868253891,0,2.2092789005204887,0.12553916322021758,0.32411720581800585,0.35033044320069023,0.047556271691951806,0.061899678559412245,0.26062720466881995,0.034397455694293276,0.17197136467778906,71.02978208023454,1.0,
67,2015,4,-0.8576959586333625,-1.6713041795811572,0.9840340051660205,0,4,55.586155038466536,0,-0.01607762121395584,-0.18402607772921215,0.22376045059181748,0.6829573300897898,-0.008398416381820118,0.019020356783567203,0.04107828451876465,0.019360177513502125,,,,56.430144912826606
67,2016,4,-0.8576959586333625,-1.6713041795811572,0.9840340051660205,0,5,56.430144912826606,0,0.45940942683366753,-0.07047949728624989,0.14810992596890404,0.5454482358388967,-0.005207357525905008,0.04155803478960543,0.08633054936022166,0.01956355422414366,0.04107828451876465,55.586155038466536,0.0,52.47405983238745
67,2017,4,-0.8576959586333625,-1.6713041795811572,0.9840340051660205,0,6,52.47405983238745,0,0.6053518807208579,-0.05298499666837388,0.15990590187419343,0.514906806434101,0.023970204007046435,0.041178579417169583,0.08163378660837674,-0.0001204272659074755,0.08633054936022166,56.430144912826606,0.0,54.724493809494845
67,2018,4,-0.8576959586333625,-1.6713041795811572,0.9840340051660205,0,7,54.724493809494845,0,0.7042103722548779,-0.159242097101878,0.3331995815258383,0.536157988991193,0.021333056056693007,0.027736974717435706,0.11007422055544483,0.02594239308176548,0.08163378660837674,52.47405983238745,0.0,64.76324337231337
67,2019,4,-0.8576959586333625,-1.6713041795811572,0.9840340051660205,0,8,64.76324337231337,0,0.4868272264139399,-0.10853335290446697,0.2674572964449221,0.3343851846928071,-0.0123095223558743,0.018118067535210114,0.06826636049967806,-0.0055657996157158695,0.11007422055544483,54.724493809494845,0.0,73.49798425721944
67,2020,4,-0.8576959586333625,-1.6713041795811572,0.9840340051660205,0,9,73.49798425721944,0,0.6103050375039732,0.07106902326100546,0.154779351730349,0.5062170301989299,0.021847602561939777,-0.0006184643495323397,0.06748224280085767,-0.01665416358368613,0.06826636049967806,64.76324337231337,0.0,71.07421815849686
67,2021,4,-0.8576959586333625,-1.6713041795811572,0.9840340051660205,0,10,71.07421815849686,0,0.5493900300316452,-0.09573696851734892,0.21657059578728827,0.3069869680786679,0.0003472774724954178,0.0021076557101399017,0.05649053913512119,-0.018219765497406552,0.06748224280085767,73.49798425721944,0.0,68.67124143581937
67,2022,4,-0.8576959586333625,-1.6713041795811572,0.9840340051660205,0,11,68.67124143581937,0,1.0219268310175318,-0.10385221850387882,0.26564174652391853,0.6315135070609463,0.029423526951830557,0.005777277127094898,0.06181847763404359,-0.04269607519020642,0.05649053913512119,71.07421815849686,0.0,75.94480142626684
67,2023,4,-0.8576959586333625,-1.6713041795811572,0.9840340051660205,0,12,75.94480142626684,0,0.6943075354460333,-0.15738561848262264,0.49555336645090675,0.6848687421024645,0.032651249771619435,0.021747321933291756,0.0929068070182337,0.0033945092628095666,0.06181847763404359,68.67124143581937,0.0,82.10998996109804
67,2024,4,-0.8576959586333625,-1.6713041795811572,0.9840340051660205,0,13,82.10998996109804,0,1.2229694364415211,-0.19557201454484907,0.2713995856295972,0.5289813185916449,-0.010398739517573906,-0.0064479335806391855,0.13111362544234825,0.016895200267215495,0.0929068070182337,75.94480142626684,0.0,
68,2015,1,0.22529467294168987,-0.7499790144546437,-1.5437192821146177,0,15,62.40303395456734,0,1.159916573096,0.18644432937593153,0.3273159624266506,0.39810523026634115,0.0672934588351323,0.04966995327028924,0.0756483040502856,-0.06432193516196084,,,,53.472958371309254
68,2016,1,0.22529467294168987,-0.7499790144546437,-1.5437192821146177,0,16,53.472958371309254,0,0.5898787392294764,0.16366473310014054,0.39752730006910286,0.2213884838116392,0.0680157671231086,0.06421346574839618,0.13647619073577927,0.029686072849478752,0.0756483040502856,62.40303395456734,0.0,53.89707583701139
68,2017,1,0.22529467294168987,-0.7499790144546437,-1.5437192821146177,0,17,53.89707583701139,0,0.8524288269501625,0.14088327148097804,0.3302375383692993,0.18690151007913577,0.037928582761671,0.03248471377655127,0.15000086263356183,0.032443861280090566,0.13647619073577927,53.472958371309254,0.0,58.420978872534555
68,2018,1,0.22529467294168987,-0.7499790144546437,-1.5437192821146177,0,18,58.420978872534555,0,0.7708703519382396,0.004850667184905745,0.2648891144480878,0.3108540451157359,0.057119948489230396,-0.015413115101993238,0.08305760366089535,-0.004526381525991819,0.15000086263356183,53.89707583701139,0.0,63.15099148841962
68,2019,1,0.22529467294168987,-0.7499790144546437,-1.5437192821146177,0,19,63.15099148841962,0,1.3733669742827206,-0.12340953126400943,0.2240662084185687,0.35101927165846053,0.07550028471450348,0.046208025848403875,0.14625904813138058,0.015441741698302609,0.08305760366089535,58.420978872534555,0.0,65.23535189163194
68,2020,1,0.22529467294168987,-0.7499790144546437,-1.5437192821146177,0,20,65.23535189163194,0,1.3638968694265026,0.028860626377478885,0.32248041698597324,0.2497971778955836,0.08798421458092867,0.05522816676319029,0.11758610454674089,-0.03454173432397227,0.14625904813138058,63.15099148841962,0.0,65.4887573081406
68,2021,1,0.22529467294168987,-0.7499790144546437,-1.5437192821146177,0,21,65.4887573081406,0,1.3679046306066176,-0.08472768427289415,0.4278236541455297,0.32235079976822956,0.04659918828385738,0.040660000636878045,0.14458176164708963,0.0016656859201837522,0.11758610454674089,65.23535189163194,0.0,72.67797645677048
68,2022,1,0.22529467294168987,-0.7499790144546437,-1.5437192821146177,0,22,72.67797645677048,1,1.5090251748531471,-0.04800238254735102,0.38320773379287093,0.28397444364085683,0.04646902203209889,0.04035653223969634,0.16345057295046983,0.0068973940317811,0.14458176164708963,65.4887573081406,0.0,72.72431387571329
68,2023,1,0.22529467294168987,-0.7499790144546437,-1.5437192821146177,0,23,72.72431387571329,0,1.0900794860447087,0.06258164743275457,0.3538860027586733,0.2908788460425985,0.08370606109405074,0.026651748178948474,0.10850223105878473,-0.024376320124039254,0.16345057295046983,72.67797645677048,1.0,73.58751842670786
68,2024,1,0.22529467294168987,-0.7499790144546437,-1.5437192821146177,0,24,73.58751842670786,0,1.5927262074061617,-0.06485724598613699,0.3784944967226369,0.32284566695700895,0.03976794932065571,0.023010718594665535,0.14478621023862565,-0.012244960174768463,0.10850223105878473,72.72431387571329,0.0,
69,2015,9,-0.5963614365752898,-0.5500156262581906,0.19103221490561398,1,19,55.62232699837291,0,1.0440996900858903,0.09820790878151502,0.3782640867842723,0.4622736900252931,0.039317648365056045,0.032596694237359225,0.14320577961239234,-0.018068576909808867,,,,53.2279535903248
69,2016,9,-0.5963614365752898,-0.5500156262581906,0.19103221490561398,1,20,53.2279535903248,0,1.2375369175418016,0.05674027376247869,0.17102460641424963,0.35060536916346685,0.013801223749201532,0.039242953757791396,0.12775048224498275,-0.0420518975113997,0.14320577961239234,55.62232699837291,0.0,58.4545090259459
69,2017,9,-0.5963614365752898,-0.5500156262581906,0.19103221490561398,1,21,58.4545090259459,0,1.0037832500484185,-0.05592243931861358,0.41901221168238556,0.5297259866271402,0.0037067664783531074,0.028629853618413414,0.14795623460396037,-0.0005071315769257642,0.12775048224498275,53.2279535903248,0.0,63.1843026925655
69,2018,9,-0.5963614365752898,-0.5500156262581906,0.19103221490561398,1,22,63.1843026925655,0,1.4549308316373173,-0.06000266146110791,0.16146758083394322,0.588929250337855,0.030465946844866282,0.004931020575539152,0.21679368606976734,0.05087925693213059,0.14795623460396037,58.4545090259459,0.0,68.59212196420944
69,2019,9,-0.5963614365752898,-0.5500156262581906,0.19103221490561398,1,23,68.59212196420944,0,0.4344622100437715,-0.059383844130477405,0.2771433159370969,0.4719502096819884,0.01486217810648642,0.04965130874855696,0.06662879253317902,-0.04774849493422011,0.21679368606976734,63.1843026925655,0.0,70.1147800699732
69,2020,9,-0.5963614365752898,-0.5500156262581906,0.19103221490561398,1,24,70.1147800699732,0,0.9974330290468635,0.0006561401231428678,0.26015894040697934,0.45718435792345996,-0.02057988760804989,0.041309357647026416,0.1364487812303064,-0.015336374547297478,0.06662879253317902,68.59212196420944,0.0,80.43181837126642
69,2021,9,-0.5963614365752898,-0.5500156262581906,0.19103221490561398,1,25,80.43181837126642,0,1.1384755595227245,0.05515318431418515,0.22846773794523456,0.42066494303053037,0.0389672071952546,0.041340125580054427,0.12815929883364707,-0.040585046002502824,0.1364487812303064,70.1147800699732,0.0,82.02619362090827
69,2022,9,-0.5963614365752898,-0.5500156262581906,0.19103221490561398,1,26,82.02619362090827,0,1.3177199165357698,0.01912955602742298,0.19048121399088772,0.48772522615320096,0.018021032288019743,0.022498180518995596,0.22770368557301485,0.05527440054999572,0.12815929883364707,80.43181837126642,0.0,81.41692468885958
69,2023,9,-0.5963614365752898,-0.5500156262581906,0.19103221490561398,1,27,81.41692468885958,0,1.0756549148409573,-0.19638180108389883,0.28606548853502234,0.4512861898954985,0.02188243587337073,0.03269881661833124,0.11258832422850909,-0.037564610992932394,0.22770368557301485,82.02619362090827,0.0,91.43429680843259
69,2024,9,-0.5963614365752898,-0.5500156262581906,0.19103221490561398,1,28,91.43429680843259,0,1.5386232075310589,-0.03699875999555576,0.40955912104327696,0.5806725216741174,-0.003750741217278329,0.03647804634748698,0.18349184602376645,-0.010856106124029798,0.11258832422850909,81.41692468885958,0.0,
70,2015,2,-0.7445395971643085,0.25732896432747426,1.4114722747456803,0,33,55.478674507945904,0,1.8033903504022932,0.12617512164614025,0.1790811527032838,0.4906088755245771,0.013301205754836912,0.0322718042174049,0.17606252109909817,-0.004307246554987391,,,,51.8623311327976
70,2016,2,-0.7445395971643085,0.25732896432747426,1.4114722747456803,0,34,51.8623311327976,0,1.2508746818240508,0.1266573571816318,0.22834695570051183,0.5628741032952831,0.02110965281257124,0.04841821189773976,0.14106598188626848,-0.007763247642477701,0.17606252109909817,55.478674507945904,0.0,50.965056827865894
70,2017,2,-0.7445395971643085,0.25732896432747426,1.4114722747456803,0,35,50.965056827865894,0,1.0931074313183404,0.1548139786941034,0.2658564822739432,0.4051456515982615,-0.01476370646392857,0.048768400792155796,0.13835119292173342,-0.005553685818931558,0.14106598188626848,51.8623311327976,0.0,50.65982570436442
70,2018,2,-0.7445395971643085,0.25732896432747426,1.4114722747456803,0,36,50.65982570436442,0,1.1574784494404522,0.18556305172720242,0.1665931139479603,0.5663651830419213,0.016006220838373282,0.039890035423027256,0.15761110808963677,0.014407288708995122,0.13835119292173342,50.965056827865894,0.0,56.92694780871584
70,2019,2,-0.7445395971643085,0.25732896432747426,1.4114722747456803,0,37,56.92694780871584,0,1.6448724332471396,0.11128913139156768,0.196314983714895,0.7006106209359251,0.03906624193676475,0.03989267737194741,0.19657516968870922,0.024525763227893134,0.15761110808963677,50.65982570436442,0.0,53.48755418886364
70,2020,2,-0.7445395971643085,0.25732896432747426,1.4114722747456803,0,38,53.48755418886364,0,1.7483176991149367,-0.04245381258454084,0.1929017998292711,0.4312690656956539,-0.0051610951645162054,0.023488752283796186,0.18376417421971308,0.012684794002338547,0.19657516968870922,56.92694780871584,0.0,56.366918029677436
70,2021,2,-0.7445395971643085,0.25732896432747426,1.4114722747456803,0,39,56.366918029677436,0,2.1322425619558008,-0.0011009202122377049,0.16633653179700178,0.45653249624375164,0.014896013580792615,0.03504907634125761,0.20751143789548562,0.004629886790521785,0.18376417421971308,53.48755418886364,0.0,55.77882285354383
70,2022,2,-0.7445395971643085,0.25732896432747426,1.4114722747456803,0,40,55.77882285354383,0,1.4464098313336444,-0.058081894702555856,0.23333173559514522,0.6270348963962044,0.030027744731663465,0.06471263543537914,0.1574126205254019,-0.0011166280997279756,0.20751143789548562,56.366918029677436,0.0,60.39034493614295
70,2023,2,-0.7445395971643085,0.25732896432747426,1.4114722747456803,0,41,60.39034493614295,0,1.61698665919525,0.10898247689619656,0.23191818714915333,0.501374599928107,0.015846646236674103,0.06087548439143161,0.18021373186887868,-0.0033621303692251956,0.1574126205254019,55.77882285354383,0.0,61.260625795972665
70,2024,2,-0.7445395971643085,0.25732896432747426,1.4114722747456803,0,42,61.260625795972665,0,1.498704052683832,0.11981769426385629,0.25839086352532636,0.6049942984006592,-0.024411041229873198,0.03032035115574824,0.16616541085335498,-0.0037750575849987513,0.18021373186887868,60.39034493614295,0.0,
71,2015,2,1.554329735946108,-0.200094909272284,0.8632900677073987,0,15,71.1152869228256,0,1.0477880137568847,0.20578856979075802,0.276553404703742,0.40065890513170305,0.05998757256892403,0.06049435399220629,0.09104001627766928,-0.048768096772579365,,,,74.42022809306809
71,2016,2,1.554329735946108,-0.200094909272284,0.8632900677073987,0,16,74.42022809306809,0,1.7299626618196962,-0.07136534667400574,0.41371039106687085,0.6440351146693681,0.059161826305237246,0.00898527745701111,0.15264884966624137,-0.0026839807312018116,0.09104001627766928,71.1152869228256,0.0,73.18455499209614
71,2017,2,1.554329735946108,-0.200094909272284,0.8632900677073987,0,17,73.18455499209614,0,1.536395232692877,0.10904608682158473,0.2773899235651443,0.3815683398082469,0.07072447623817522,0.007127320726087412,0.16007147845561276,0.0020753458794503096,0.15264884966624137,74.42022809306809,0.0,74.72922547467459
71,2018,2,1.554329735946108,-0.200094909272284,0.8632900677073987,0,18,74.72922547467459,0,2.182255529565446,0.015387692712153518,0.33969889038043405,0.4080833927905507,0.07473013680752356,0.06071103633064117,0.253629152828504,0.04215958954794001,0.16007147845561276,73.18455499209614,0.0,69.50411495798633
71,2019,2,1.554329735946108,-0.200094909272284,0.8632900677073987,0,19,69.50411495798633,0,2.1075984901436384,-0.03541758497216316,0.2422823773727148,0.6670509361977157,0.07367074821328731,0.03723241539263371,0.2376025216171234,0.0443659048716993,0.253629152828504,74.72922547467459,0.0,70.63117546654007
71,2020,2,1.554329735946108,-0.200094909272284,0.8632900677073987,0,20,70.63117546654007,0,2.1503598298722006,0.13352666178992054,0.2690268029099802,0.5382696668574463,0.0318770484940681,0.003979732275648296,0.1779385098579263,-0.027007287708277594,0.2376025216171234,69.50411495798633,0.0,81.79590987767142
71,2021,2,1.554329735946108,-0.200094909272284,0.8632900677073987,0,21,81.79590987767142,1,1.9814242591653477,0.04205378574390728,0.4467353001258879,0.5315248538570059,0.0760694322668941,0.06491164096117838,0.1791683832389939,-0.02635876129694397,0.1779385098579263,70.63117546654007,0.0,85.93610592268098
71,2022,2,1.554329735946108,-0.200094909272284,0.8632900677073987,0,22,85.93610592268098,0,1.8063907280549834,0.009266553125823751,0.25769302492248497,0.47497636252379244,0.06440876181652247,0.06336296941918115,0.1722099463921252,-0.01369405284528765,0.1791683832389939,81.79590987767142,1.0,81.76536859190034
71,2023,2,1.554329735946108,-0.200094909272284,0.8632900677073987,0,23,81.76536859190034,0,1.8946562632300221,0.177893211875139,0.42913464708502524,0.45323530604794254,0.0472913916982694,0.048467522378075924,0.19131489084839215,-0.017136992940631673,0.1722099463921252,85.93610592268098,0.0,91.2120960526296
71,2024,2,1.554329735946108,-0.200094909272284,0.8632900677073987,0,24,91.2120960526296,0,2.021993340793921,0.3065311704045157,0.22692190955423885,0.5760386445196335,0.06558934667801346,0.039647840219244376,0.29609893900811685,0.07873337264654674,0.19131489084839215,81.76536859190034,0.0,
72,2015,9,1.0876412845975023,1.9879517427827023,-1.010906629493781,1,16,64.5384468131927,0,2.515250171486506,0.37567795247362135,0.35145321127980605,0.38713893450302556,0.0575567875701062,0.12003627367566846,0.30435561516191456,-0.011568238710003,,,,71.07115068282494
72,2016,9,1.0876412845975023,1.9879517427827023,-1.010906629493781,1,17,71.07115068282494,1,2.280170354751099,0.42182374128493183,0.1429789968790188,0.41639820894047985,0.09160621940443474,0.0755980966413852,0.3496075129624898,0.05726991073232238,0.30435561516191456,64.5384468131927,0.0,78.36477489169616
72,2017,9,1.0876412845975023,1.9879517427827023,-1.010906629493781,1,18,78.36477489169616,0,2.726844671589734,0.2537529689350536,0.3968244610785497,0.500527366121431,0.07268599685990719,0.05938016586214661,0.29158527855242844,-0.025638176691724343,0.3496075129624898,71.07115068282494,1.0,80.06400446866907
72,2018,9,1.0876412845975023,1.9879517427827023,-1.010906629493781,1,19,80.06400446866907,1,2.7164127922549475,0.2605469165467014,0.5235987438336296,0.37910108082618926,0.08393168727229113,0.07634686104869959,0.3052185856425599,-0.021278518839328586,0.29158527855242844,78.36477489169616,0.0,84.82055514724792
72,2019,9,1.0876412845975023,1.9879517427827023,-1.010906629493781,1,20,84.82055514724792,0,2.723238602368516,0.3083197424610084,0.4025957025442083,0.47427423431362886,0.0464314266490898,0.06732969642688205,0.3186218442731946,-0.005391023537449578,0.3052185856425599,80.06400446866907,1.0,92.96210700663283
72,2020,9,1.0876412845975023,1.9879517427827023,-1.010906629493781,1,21,92.96210700663283,0,2.9455165626908695,0.23421755203796468,0.2745026613275535,0.4727507320693462,0.08136189193103557,0.0961700007170114,0.33258120658196644,-0.00508000480613034,0.3186218442731946,84.82055514724792,0.0,99.53941036052902
72,2021,9,1.0876412845975023,1.9879517427827023,-1.010906629493781,1,22,99.53941036052902,0,2.804649906593211,0.28925484232892956,0.5235195601657814,0.16562447772065422,0.07187957718143821,0.0982328422879603,0.29379810343698376,-0.05433713407583909,0.33258120658196644,92.96210700663283,0.0,100.0
72,2022,9,1.0876412845975023,1.9879517427827023,-1.010906629493781,1,23,100.0,0,3.0452443139927077,0.25445520933159677,0.4191213564556064,0.32426621627775015,0.06080535694844147,0.0731445574685977,0.3568903842967897,0.007160713283213722,0.29379810343698376,99.53941036052902,0.0,99.10837926183862
72,2023,9,1.0876412845975023,1.9879517427827023,-1.010906629493781,1,24,99.10837926183862,0,2.4651719664162104,0.36703580599967256,0.4517778086076621,0.2179640602074071,0.04151343723243397,0.058474392827103594,0.29529185665983526,-0.025166801370629266,0.3568903842967897,100.0,0.0,97.52300453302588
72,2024,9,1.0876412845975023,1.9879517427827023,-1.010906629493781,1,25,97.52300453302588,0,2.719484807002011,0.2847116848255481,0.554376469751236,0.36988542075026937,0.06364853052312756,0.03972873523000886,0.32914443862094145,0.001669271901901837,0.29529185665983526,99.10837926183862,0.0,
73,2015,6,0.8414156971766357,0.34008522861820695,-0.03885353564014035,0,3,64.0534992165063,0,1.3351706777028127,0.14986642579777806,0.3502053922903135,0.42137189516117834,0.05517623144710188,0.05648763785908882,0.16493822791087343,-0.013639335657751512,,,,68.94898621238197
73,2016,6,0.8414156971766357,0.34008522861820695,-0.03885353564014035,0,4,68.94898621238197,0,2.266971490584969,0.09690099835179652,0.2510508762932268,0.44063704958909,0.08194718033622127,0.05687585414243018,0.21841425404253975,-0.02026190625183618,0.16493822791087343,64.0534992165063,0.0,74.29315751138965
73,2017,6,0.8414156971766357,0.34008522861820695,-0.03885353564014035,0,5,74.29315751138965,0,1.5883980077477935,0.023615913016806087,0.30997075117851447,0.2878019807136967,0.057244127841391525,0.016118279739419074,0.14681817639615652,-0.03717210436215076,0.21841425404253975,68.94898621238197,0.0,80.95256004527482
73,2018,6,0.8414156971766357,0.34008522861820695,-0.03885353564014035,0,6,80.95256004527482,0,1.8854935011550453,0.1705924314251093,0.4893557595556461,0.25602852397844245,0.09017580386553073,0.0500379720626696,0.2653018915646467,0.036345623356050634,0.14681817639615652,74.29315751138965,0.0,84.05960865549292
73,2019,6,0.8414156971766357,0.34008522861820695,-0.03885353564014035,0,7,84.05960865549292,0,1.9525733121551068,0.16002254723153508,0.5265260433514602,0.40932631570689176,0.043075078218051524,0.08145711241332074,0.24814340115993586,0.004369355502565257,0.2653018915646467,80.95256004527482,0.0,86.32315311827354
73,2020,6,0.8414156971766357,0.34008522861820695,-0.03885353564014035,0,8,86.32315311827354,0,1.7723916319733681,0.03987073733007081,0.3726255298636055,0.5882365588857137,0.0604633422437162,0.051851742725775134,0.17680537480156616,-0.030327882958878838,0.24814340115993586,84.05960865549292,0.0,92.78507763205256
73,2021,6,0.8414156971766357,0.34008522861820695,-0.03885353564014035,0,9,92.78507763205256,0,1.9021874332616378,0.32092685834570267,0.24551014625253395,0.20887414778255287,0.04609977872207166,0.0559624021523045,0.2615704005131658,0.022444121867341318,0.17680537480156616,86.32315311827354,0.0,96.24102604959627
73,2022,6,0.8414156971766357,0.34008522861820695,-0.03885353564014035,0,10,96.24102604959627,0,1.6708572629114338,0.14992849681120485,0.3731329851174895,0.2111703677109158,0.0724481927122306,0.05858277553616132,0.239711967842264,0.020608749056285187,0.2615704005131658,92.78507763205256,0.0,100.0
73,2023,6,0.8414156971766357,0.34008522861820695,-0.03885353564014035,0,11,100.0,0,1.766415016687562,0.24477681251953273,0.23661184150744363,0.43259808827856716,0.06986801592749968,0.07097559467009541,0.25499486088693396,0.027767611397747607,0.239711967842264,96.24102604959627,0.0,100.0
73,2024,6,0.8414156971766357,0.34008522861820695,-0.03885353564014035,0,12,100.0,0,2.1315969661354486,0.1431341675275043,0.26022932996707426,0.7151210473848261,0.03440010058214454,0.05778253524821871,0.2448980684588477,0.005489584461005228,0.25499486088693396,100.0,0.0,
74,2015,6,0.24158627560385623,1.1705199388198688,-0.2346613089878662,0,12,59.366528158574766,0,2.153890932687518,0.1507709365989817,0.19882550368333363,0.5936938563801356,0.053987330053632945,0.051594859617029254,0.18921564098968868,-0.04125800428910381,,,,63.754711625744
74,2016,6,0.24158627560385623,1.1705199388198688,-0.2346613089878662,0,13,63.754711625744,0,1.9461021402816296,0.20081241516346443,0.21248518974606267,0.4362333840888953,0.08645708271360625,0.07385051765339185,0.2390173979697094,0.007482130970552525,0.18921564098968868,59.366528158574766,0.0,64.92861092510879
74,2017,6,0.24158627560385623,1.1705199388198688,-0.2346613089878662,0,14,64.92861092510879,0,1.6538161690408832,0.19881097228389782,0.2331464401634574,0.2568940534202379,0.03374284286950878,0.061418468095181276,0.2442865018807843,0.02952641927189023,0.2390173979697094,63.754711625744,0.0,69.32545054205885
74,2018,6,0.24158627560385623,1.1705199388198688,-0.2346613089878662,0,15,69.32545054205885,0,2.2906366339225217,0.11643789577590173,0.3555727033176261,0.3389556097115923,0.013582243397392155,0.06795110955808273,0.3221986202267119,0.0635443484436964,0.2442865018807843,64.92861092510879,0.0,77.1463766299059
74,2019,6,0.24158627560385623,1.1705199388198688,-0.2346613089878662,0,16,77.1463766299059,0,2.5997868644017634,0.14300106221229278,0.22736402275837164,0.3887875027391569,0.044110224430074306,0.08863596497365384,0.26197936457026405,-0.023407823822646442,0.3221986202267119,69.32545054205885,0.0,73.68936284008268
74,2020,6,0.24158627560385623,1.1705199388198688,-0.2346613089878662,0,17,73.68936284008268,0,2.148603482439791,0.29891467266790095,0.3592278130382292,0.4135020597781247,0.03630726144163595,0.043021789036787834,0.23509626684035317,-0.02297304181902858,0.26197936457026405,77.1463766299059,0.0,79.26607733577339
74,2021,6,0.24158627560385623,1.1705199388198688,-0.2346613089878662,0,18,79.26607733577339,1,2.586737574419831,0.1855091544754601,0.23907722268726556,0.5607916906845707,0.06112908253967858,0.07037144712354067,0.27638916962040844,-0.003337140533949607,0.23509626684035317,73.68936284008268,0.0,87.4425492189206
74,2022,6,0.24158627560385623,1.1705199388198688,-0.2346613089878662,0,19,87.4425492189206,0,2.4093152901261563,0.22663053408586165,0.34956690731454354,0.5913590737216741,0.05931497743386812,0.04915033935020846,0.2098730117379009,-0.06139916486340242,0.27638916962040844,79.26607733577339,1.0,87.01013999553378
74,2023,6,0.24158627560385623,1.1705199388198688,-0.2346613089878662,0,20,87.01013999553378,0,1.9881162811337587,0.14039405255145684,0.4486253070647723,0.4255427110043705,0.053669230614617286,0.06785109871279821,0.2732860063955075,0.028540648891075018,0.2098730117379009,87.4425492189206,0.0,87.23236385402177
74,2024,6,0.24158627560385623,1.1705199388198688,-0.2346613089878662,0,21,87.23236385402177,0,2.3712339009070025,0.18073837118043182,0.5729123355207684,0.45685193382457223,0.038776937284619103,0.049352984303637076,0.29753337892582427,0.020192595655986172,0.2732860063955075,87.01013999553378,0.0,
75,2015,4,-0.14076319358488507,1.9978604578232506,0.7925874574916969,1,18,59.97431722727911,0,1.9476804064291124,0.35361459630337777,0.17375488929779673,0.46106714088456546,0.026274978158008833,0.09005573807622584,0.19602687815427927,-0.04410649632209854,,,,61.76718558984626
75,2016,4,-0.14076319358488507,1.9978604578232506,0.7925874574916969,1,19,61.76718558984626,0,2.0464063275663933,0.29356748605067323,0.08805570714877048,0.2713814886294984,0.03473297523754663,0.089535910962161,0.1797587093068716,-0.06673819724470313,0.19602687815427927,59.97431722727911,0.0,65.81639214375289
75,2017,4,-0.14076319358488507,1.9978604578232506,0.7925874574916969,1,20,65.81639214375289,1,2.8687081420250293,0.28058650350712294,0.20239808486291785,0.38503460967298825,-0.004144999577546819,0.05229389063540996,0.2840865809876211,-0.012819055341692226,0.1797587093068716,61.76718558984626,0.0,61.13925961161139
75,2018,4,-0.14076319358488507,1.9978604578232506,0.7925874574916969,1,21,61.13925961161139,0,2.1471240963771274,0.1425263416096838,0.13303472743607428,0.6584568385435821,0.02142979638815504,0.09600049106071512,0.33988624010607477,0.09649132313738636,0.2840865809876211,65.81639214375289,1.0,57.83920038722329
75,2019,4,-0.14076319358488507,1.9978604578232506,0.7925874574916969,1,22,57.83920038722329,0,1.9546550727873906,0.12169578634823797,0.2378168131184554,0.3540256055920359,0.010683314137552927,0.06075249820638045,0.21841834035649105,-0.013934538220967456,0.33988624010607477,61.13925961161139,0.0,55.541479374953106
75,2020,4,-0.14076319358488507,1.9978604578232506,0.7925874574916969,1,23,55.541479374953106,0,3.184000361345553,0.2958272622414526,0.29102823686079665,0.3011480750034935,0.027762158939688433,0.08348438905599137,0.35513647350100014,0.018878410246728244,0.21841834035649105,57.83920038722329,0.0,56.25479845103587
75,2021,4,-0.14076319358488507,1.9978604578232506,0.7925874574916969,1,24,56.25479845103587,0,2.1482356922415566,0.29939491992965545,0.13160969045787807,0.48639229954219043,0.029958281779147868,0.07649421319844472,0.3132758534169682,0.05399039362633756,0.35513647350100014,55.541479374953106,0.0,60.64520474672782
75,2022,4,-0.14076319358488507,1.9978604578232506,0.7925874574916969,1,25,60.64520474672782,0,2.4665660578685245,0.1952858049904754,0.19941848484414576,0.5009519557670412,0.03967523516483973,0.0625971804310414,0.22936296391700217,-0.04284723259910596,0.3132758534169682,56.25479845103587,0.0,61.51000344985309
75,2023,4,-0.14076319358488507,1.9978604578232506,0.7925874574916969,1,26,61.51000344985309,0,2.899598690365057,0.3338167615819274,0.3650659430011606,0.35801564547070264,-0.003564241837758879,0.09604732665189054,0.34820104919130596,0.0211616495369556,0.22936296391700217,60.64520474672782,0.0,71.33466266186643
75,2024,4,-0.14076319358488507,1.9978604578232506,0.7925874574916969,1,27,71.33466266186643,1,3.047049978631321,0.17534880925820975,0.10759074224115768,0.5736221524165187,0.020511210027295158,0.06645653154961198,0.29033856383215934,-0.02059823053600245,0.34820104919130596,61.51000344985309,0.0,
76,2015,3,0.7118728446497224,-1.076335390570134,0.5479251389074198,0,13,61.64302057773416,0,0.9713446403357758,-0.020113193167075882,0.40023243895627225,0.565592819423371,0.059687446786984504,0.03249246345333961,0.11562705311789064,0.0003080582448990936,,,,61.74318962414052
76,2016,3,0.7118728446497224,-1.076335390570134,0.5479251389074198,0,14,61.74318962414052,0,1.1385474147096533,0.05778508829270462,0.3817542487912838,0.4365368181502559,0.07323182745097925,-0.0011234225143939812,0.07671978585692656,-0.05093733878540889,0.11562705311789064,61.64302057773416,0.0,63.671756027556846
76,2017,3,0.7118728446497224,-1.076335390570134,0.5479251389074198,0,15,63.671756027556846,1,1.1109449353287149,-0.11400492004992982,0.29564270010114235,0.3074982098083156,0.030124558266359375,0.050883497760655524,0.1027133781860203,-0.021035950329079452,0.07671978585692656,61.74318962414052,0.0,59.783105741234166
76,2018,3,0.7118728446497224,-1.076335390570134,0.5479251389074198,0,16,59.783105741234166,0,1.0114268368800365,-0.003192623615915123,0.34739298441845273,0.46105905100760014,0.05441019930200414,0.06329819074176923,0.14406040984499885,0.01515410606206227,0.1027133781860203,63.671756027556846,1.0,62.852810954015325
76,2019,3,0.7118728446497224,-1.076335390570134,0.5479251389074198,0,17,62.852810954015325,0,1.3010246367817055,-0.03335614077663414,0.1232186842102543,0.4601034645078446,0.03671392407248883,0.04876626389647025,0.11584915495321044,-0.022342634019143222,0.14406040984499885,59.783105741234166,0.0,60.028311477157914
76,2020,3,0.7118728446497224,-1.076335390570134,0.5479251389074198,0,18,60.028311477157914,0,1.0784022301827152,-0.056424987571957186,0.3151669302593147,0.6284286439276603,0.05494555358517082,0.033706721793563495,0.12369002892357753,0.0025747251455231776,0.11584915495321044,62.852810954015325,0.0,65.5756266502528
76,2021,3,0.7118728446497224,-1.076335390570134,0.5479251389074198,0,19,65.5756266502528,1,1.0735656374892422,-0.16190890315610337,0.27941381445380253,0.3895542649666525,0.062606534794873,-0.0030190739660102654,0.1294514158496046,0.02071008989653822,0.12369002892357753,60.028311477157914,0.0,69.7605562915369
76,2022,3,0.7118728446497224,-1.076335390570134,0.5479251389074198,0,20,69.7605562915369,1,1.6545129730719725,-0.060531330173720796,0.28547680910284573,0.6444788903478275,0.014991379119264708,0.002634421797577658,0.12360160660276595,-0.03153486493866175,0.1294514158496046,65.5756266502528,1.0,70.77148912865074
76,2023,3,0.7118728446497224,-1.076335390570134,0.5479251389074198,0,21,70.77148912865074,0,1.182111072623798,0.03730839763577409,0.21198926810948981,0.6641417678424425,0.03842399538350253,0.018496471198343908,0.13968766543785505,0.008763815033221087,0.12360160660276595,69.7605562915369,1.0,77.08177040801833
76,2024,3,0.7118728446497224,-1.076335390570134,0.5479251389074198,0,22,77.08177040801833,0,1.717606867684509,-0.11700720001703936,0.4422565569385569,0.3901514091981433,0.06894572147588637,0.020697078609103754,0.17325085973774382,0.0013556401745034585,0.13968766543785505,70.77148912865074,0.0,
77,2015,1,-0.422033180288377,-0.5353292529731905,-0.907439491756201,1,6,54.997996653339634,0,0.9996542646777548,-0.004261028327868595,0.44922288295933155,0.3129637247384544,0.053285790956852104,0.043271042820630115,0.07743292861393516,-0.044245076876965064,,,,58.61900962917692
77,2016,1,-0.422033180288377,-0.5353292529731905,-0.907439491756201,1,7,58.61900962917692,0,0.8362393573156116,0.043437843005394564,0.2422310422011928,0.3596563078072895,0.029919367659051156,0.018299341360383817,0.08893136522453496,-0.010566492344867194,0.07743292861393516,54.997996653339634,0.0,57.642159558660026
77,2017,1,-0.422033180288377,-0.5353292529731905,-0.907439491756201,1,8,57.642159558660026,0,1.1181197851722673,-0.049191559274064545,0.4820071330762498,0.2871233197875512,0.05805982205818593,0.04789502032093885,0.15062091301669797,0.020431422261008445,0.08893136522453496,58.61900962917692,0.0,63.351502100882165
77,2018,1,-0.422033180288377,-0.5353292529731905,-0.907439491756201,1,9,63.351502100882165,0,1.2641191264195486,-0.1049393317141202,0.46505511395497323,0.5896007078079372,0.004021485199492539,0.04619480284922023,0.12855647690591732,-0.004402055304696496,0.15062091301669797,57.642159558660026,0.0,58.54507405463095
77,2019,1,-0.422033180288377,-0.5353292529731905,-0.907439491756201,1,10,58.54507405463095,0,1.5123078905920904,0.05998206308568514,0.3134684556436595,0.4280798764869238,0.020592346649268706,0.061284546277545746,0.18080123987675262,0.016800161916555638,0.12855647690591732,63.351502100882165,0.0,62.24312577623482
77,2020,1,-0.422033180288377,-0.5353292529731905,-0.907439491756201,1,11,62.24312577623482,0,1.2046074138033536,-0.19032091190220976,0.34254584144514155,0.5308209992035325,0.03903919436859218,0.06176868206522243,0.15664492001374752,0.03084731232355644,0.18080123987675262,58.54507405463095,0.0,64.93244165885676
77,2021,1,-0.422033180288377,-0.5353292529731905,-0.907439491756201,1,12,64.93244165885676,0,0.9535434351552556,-0.04255906277348801,0.20175479895006704,0.22661440875714992,0.04388125615158481,0.02484553552622849,0.1280965099050601,0.016581004794048258,0.15664492001374752,62.24312577623482,0.0,66.23324075214369
77,2022,1,-0.422033180288377,-0.5353292529731905,-0.907439491756201,1,13,66.23324075214369,0,0.9188261995516129,-0.003423362366842814,0.24621137176129146,0.44932561586901687,0.024724048495294384,0.06138851923185856,0.09129717869277189,-0.026676167675353482,0.1280965099050601,64.93244165885676,0.0,65.47623280587369
77,2023,1,-0.422033180288377,-0.5353292529731905,-0.907439491756201,1,14,65.47623280587369,0,1.5788994816431092,0.04796914820114542,0.29777399696126433,0.46417913472318634,0.020306628538002695,-0.004466951002461826,0.15699864255648907,0.0028631343530595896,0.09129717869277189,66.23324075214369,0.0,68.04277728658654
77,2024,1,-0.422033180288377,-0.5353292529731905,-0.907439491756201,1,15,68.04277728658654,0,1.62223047168491,-0.07110800627038656,0.25086599267558995,0.32046775190344723,0.045386601701040134,1.599978235956867e-05,0.1460162066540519,-0.0074973389234344445,0.15699864255648907,65.47623280587369,0.0,
78,2015,9,0.23288254330450017,2.14748907823535,0.33385374884407726,1,20,59.277542614583375,0,2.1271564203038595,0.23682499691022665,0.16060168413794873,0.4137141472259769,0.06376813489443303,0.0793327296883751,0.2362033693702071,-0.021946465552242028,,,,54.1269822409366
78,2016,9,0.23288254330450017,2.14748907823535,0.33385374884407726,1,21,54.1269822409366,0,2.1835560433034376,0.41869072316043077,0.15414217980236739,0.44255619070266633,0.016707910271653185,0.08591905313975758,0.27495884367891205,-0.006615627209722289,0.2362033693702071,59.277542614583375,0.0,61.94832033411518
78,2017,9,0.23288254330450017,2.14748907823535,0.33385374884407726,1,22,61.94832033411518,0,2.3073793961474243,0.21583144893959058,0.36776159193310237,0.5915812819211531,0.05272630144689412,0.08366041987240558,0.2531611196061755,-0.02849772414693166,0.27495884367891205,54.1269822409366,0.0,65.437117525423
78,2018,9,0.23288254330450017,2.14748907823535,0.33385374884407726,1,23,65.437117525423,1,2.275090313447201,0.21213339821262311,0.36347663180534867,0.3388864318525505,0.04804721815145127,0.0971702115827732,0.24062877482993225,-0.04623534477723892,0.2531611196061755,61.94832033411518,0.0,72.30949898410896
78,2019,9,0.23288254330450017,2.14748907823535,0.33385374884407726,1,24,72.30949898410896,0,2.5311813868278996,0.26988035024697404,0.23721613651498974,0.4233287397699959,0.004117153075935208,0.09805065648811266,0.2525192863442171,-0.05142702118556223,0.24062877482993225,65.437117525423,1.0,70.942328408604
78,2020,9,0.23288254330450017,2.14748907823535,0.33385374884407726,1,25,70.942328408604,0,3.1060633272148612,0.26876839172903777,0.09138653528942264,0.4239744064907759,0.04752471526550833,0.09883733865354452,0.3348881138031091,-0.005697979422092666,0.2525192863442171,72.30949898410896,0.0,84.38190010854257
78,2021,9,0.23288254330450017,2.14748907823535,0.33385374884407726,1,26,84.38190010854257,0,2.8406355997742527,0.2923768742813962,0.2173712331671187,0.41781618415231153,0.024619767557637836,0.08507816118323694,0.3660967718041717,0.03708137273768342,0.3348881138031091,70.942328408604,0.0,90.23223078320589
78,2022,9,0.23288254330450017,2.14748907823535,0.33385374884407726,1,27,90.23223078320589,1,3.1500271130844837,0.2659039362798219,0.19145625744095524,0.4760012444380963,0.05766722255817744,0.07678728001118215,0.3331667519477157,-0.013751627825275468,0.3660967718041717,84.38190010854257,0.0,91.20757447632568
78,2023,9,0.23288254330450017,2.14748907823535,0.33385374884407726,1,28,91.20757447632568,0,2.7413635413225856,0.3395115648842456,0.41180666476885136,0.3891034669541961,0.06355822573854239,0.09919310761304537,0.35745554452940176,0.019345828729772547,0.3331667519477157,90.23223078320589,1.0,96.34447323352605
78,2024,9,0.23288254330450017,2.14748907823535,0.33385374884407726,1,29,96.34447323352605,1,2.6736910749622895,0.27240722017393654,0.27288658581751835,0.4870816901511513,0.028820456254695412,0.10240199154719011,0.3224162017880133,-0.00188595577749245,0.35745554452940176,91.20757447632568,0.0,
79,2015,7,1.3546927444119963,-0.047835407903816386,-0.3027242259588968,1,15,66.51989255212854,1,1.244397844271033,0.015189334093584167,0.5676908014313364,0.27208999759331365,0.10070466288069538,0.07076948889221424,0.16434667403753847,-0.005130132409633206,,,,72.95065480367508
79,2016,7,1.3546927444119963,-0.047835407903816386,-0.3027242259588968,1,16,72.95065480367508,1,1.6913092284729885,0.02749687558489751,0.42355821885480754,0.4686218041121704,0.08500234266171548,0.07199607094554629,0.22512795340710295,0.029192249897883604,0.16434667403753847,66.51989255212854,1.0,74.63555202610648
79,2017,7,1.3546927444119963,-0.047835407903816386,-0.3027242259588968,1,17,74.63555202610648,0,1.8449413049119163,0.25958871542963596,0.1578236482002029,0.55660320617742,0.04971693369904689,0.031189687964948205,0.21987752091174323,0.01292318258113201,0.22512795340710295,72.95065480367508,1.0,83.40474940377594
79,2018,7,1.3546927444119963,-0.047835407903816386,-0.3027242259588968,1,18,83.40474940377594,1,1.6106144364880897,0.02525365614684389,0.4772968418167518,0.28974983235883955,0.06275257540554356,0.03410997081306663,0.2532095713366749,0.06276042081889759,0.21987752091174323,74.63555202610648,0.0,83.20339167664243
79,2019,7,1.3546927444119963,-0.047835407903816386,-0.3027242259588968,1,19,83.20339167664243,0,1.9048952301850872,0.09337394881735371,0.349303452404158,0.44941975843191895,0.08670213961585516,0.0448571814419045,0.2588755109279559,0.045433029990351516,0.2532095713366749,83.40474940377594,1.0,90.90358589858656
79,2020,7,1.3546927444119963,-0.047835407903816386,-0.3027242259588968,1,20,90.90358589858656,0,1.557436556720299,0.16196270946521496,0.22084148689827507,0.2206259088096694,0.07118465347993444,0.05180900389313072,0.2138618297419567,0.01717795134832641,0.2588755109279559,83.20339167664243,0.0,98.00080253153952
79,2021,7,1.3546927444119963,-0.047835407903816386,-0.3027242259588968,1,21,98.00080253153952,0,1.7007791694414724,0.0516286562271268,0.45618979796431514,0.33491881476872365,0.07737660701385307,0.03943703303242403,0.19243143325918413,-0.008770260472647607,0.2138618297419567,90.90358589858656,0.0,100.0
79,2022,7,1.3546927444119963,-0.047835407903816386,-0.3027242259588968,1,22,100.0,0,2.4895463788215557,0.025208828402110146,0.18942748107119495,0.12673583132073474,0.09073606558773793,0.04234709583336636,0.2708036700725704,0.021039895592884755,0.19243143325918413,98.00080253153952,0.0,100.0
79,2023,7,1.3546927444119963,-0.047835407903816386,-0.3027242259588968,1,23,100.0,1,2.0426831870681936,0.024399023062636603,0.2693699149423494,0.32477327488909985,0.06963516727267169,0.044660948967982124,0.22877610074584806,0.006844959378668347,0.2708036700725704,100.0,0.0,100.0
79,2024,7,1.3546927444119963,-0.047835407903816386,-0.3027242259588968,1,24,100.0,0,1.481239480780256,0.04261141050998879,0.31525870895387204,0.3331093138420294,0.07169860151830862,0.04814177050004624,0.20199232049014898,0.016210626389383438,0.22877610074584806,100.0,1.0,
80,2015,4,-0.1360412646439276,-1.0654405102443592,0.7047702262014596,1,35,61.452893573817455,1,0.8776549307482588,-0.033077192615167075,0.38293588765428777,0.40296632350620504,0.015303120928317543,0.058533887750468444,0.1607415327280127,0.03855231096443906,,,,55.10890702913152
80,2016,4,-0.1360412646439276,-1.0654405102443592,0.7047702262014596,1,36,55.10890702913152,1,0.5300104529077811,-0.073947154244772,0.3341996093292016,0.5064140497444561,0.03194511892055815,0.03687898393359387,0.13786033483746746,0.049193976691014864,0.1607415327280127,61.452893573817455,1.0,49.2080976767728
80,2017,4,-0.1360412646439276,-1.0654405102443592,0.7047702262014596,1,37,49.2080976767728,0,1.262547559691375,-0.20516547439385419,0.18442913886802867,0.2997340472330601,0.029330667164205907,0.04080199282336044,0.09708642823532214,-0.03259587707234217,0.13786033483746746,55.10890702913152,1.0,44.83128870140444
80,2018,4,-0.1360412646439276,-1.0654405102443592,0.7047702262014596,1,38,44.83128870140444,1,0.9694697533282671,-0.044842206801460616,0.12572420519191568,0.5049908310596443,0.043683658229199,0.014350676952911461,0.09782077727606671,-0.01111014248678871,0.09708642823532214,49.2080976767728,0.0,36.9315014725265
80,2019,4,-0.1360412646439276,-1.0654405102443592,0.7047702262014596,1,39,36.9315014725265,0,1.0923320811453687,-0.020062074485619898,0.2628319642702564,0.6493825591424778,-0.03221996637301454,0.02283068040811252,0.12373446617041937,-0.0008311499366944496,0.09782077727606671,44.83128870140444,1.0,46.66717490852819
80,2020,4,-0.1360412646439276,-1.0654405102443592,0.7047702262014596,1,40,46.66717490852819,0,0.7849523170497664,0.04463702165406812,0.22955889353030667,0.5837051575494415,0.007541049839802992,0.04082657103347782,0.0548432451017477,-0.059121889437063334,0.12373446617041937,36.9315014725265,0.0,55.83296634181194
80,2021,4,-0.1360412646439276,-1.0654405102443592,0.7047702262014596,1,41,55.83296634181194,0,1.121240745193648,-0.014708054320253454,0.25104679911817956,0.5248186336982535,0.017059166255589474,-0.013746318692478925,0.10490553051408724,-0.01599799004724476,0.0548432451017477,46.66717490852819,0.0,69.53170972049088
80,2022,4,-0.1360412646439276,-1.0654405102443592,0.7047702262014596,1,42,69.53170972049088,1,1.0840933155765942,-0.0989077281538518,0.4124569870057623,0.5753765973616851,0.028871893180158783,0.018407313528052256,0.11184066213323944,-0.015034391447656626,0.10490553051408724,55.83296634181194,0.0,69.81271533079077
80,2023,4,-0.1360412646439276,-1.0654405102443592,0.7047702262014596,1,43,69.81271533079077,0,1.5710374144190826,-0.12098084053468501,0.17944508678867246,0.4612156564945247,0.04375203617342109,0.023599007246984903,0.17462070467100124,0.018978748009657882,0.11184066213323944,69.53170972049088,1.0,70.01117070411559
80,2024,4,-0.1360412646439276,-1.0654405102443592,0.7047702262014596,1,44,70.01117070411559,0,0.46121437946292854,-0.14241911117245892,0.32431420501710906,0.5706518173545166,0.034557313142800195,0.009305827101939404,0.09454683086653658,0.015189918651980449,0.17462070467100124,69.81271533079077,0.0,
81,2015,5,0.27943488511012227,0.719270261379559,-1.0206780294590698,0,5,59.25318287253302,0,0.6888801787316678,0.1837851594728026,0.19805863665381704,0.1887991514053833,0.08645957410798862,0.04795660711449486,0.11458461274534472,-0.011486729920214203,,,,55.686557522623005
81,2016,5,0.27943488511012227,0.719270261379559,-1.0206780294590698,0,6,55.686557522623005,0,1.4546692332236897,0.2087807570997472,0.40949919382213573,0.4099712504041944,0.03775958180160679,0.062275427962878147,0.1977712305072702,0.008696872245121121,0.11458461274534472,59.25318287253302,0.0,58.3007970444077
81,2017,5,0.27943488511012227,0.719270261379559,-1.0206780294590698,0,7,58.3007970444077,0,1.7212581453168432,0.01702000160549247,0.33266080572400364,0.26753359211773964,0.05164470500899104,0.061725930760720644,0.16642562033004749,-0.030587586647445972,0.1977712305072702,55.686557522623005,0.0,66.59716203068409
81,2018,5,0.27943488511012227,0.719270261379559,-1.0206780294590698,0,8,66.59716203068409,0,1.423686539890155,0.20441158733056503,0.3249446164775579,0.3971624115042465,0.09650165813225975,0.03834598036290225,0.1496654770018705,-0.03249421620485146,0.16642562033004749,58.3007970444077,0.0,71.04798708600835
81,2019,5,0.27943488511012227,0.719270261379559,-1.0206780294590698,0,9,71.04798708600835,0,2.2718809409397482,0.0965028259989068,0.145993301293713,0.4161751169209195,0.064476125001135,0.08873673971102626,0.250629390362492,0.011791501277525259,0.1496654770018705,66.59716203068409,0.0,68.40655443761318
81,2020,5,0.27943488511012227,0.719270261379559,-1.0206780294590698,0,10,68.40655443761318,0,2.0904506917523342,0.17606239383081443,0.30215539473407416,0.45470656525251324,0.0476943753344215,0.05695275972329543,0.23676901178588605,0.0026687437857575926,0.250629390362492,71.04798708600835,0.0,64.61273928347924
81,2021,5,0.27943488511012227,0.719270261379559,-1.0206780294590698,0,11,64.61273928347924,0,1.948945930685626,0.09535822348752504,0.3214614564850415,0.19585170146758057,0.06480097677219902,0.037212650068066816,0.22283718746071718,0.003385304272476117,0.23676901178588605,68.40655443761318,0.0,70.60129718782271
81,2022,5,0.27943488511012227,0.719270261379559,-1.0206780294590698,0,12,70.60129718782271,0,2.2917898442616007,0.058893548119278605,0.38151973132475353,0.36184928195665383,0.0552138937294935,0.10311791243532695,0.19647266846532743,-0.05902811768428887,0.22283718746071718,64.61273928347924,0.0,75.9506652340654
81,2023,5,0.27943488511012227,0.719270261379559,-1.0206780294590698,0,13,75.9506652340654,0,1.9827202242907074,0.1584826421660961,0.4431880245220514,0.5462549742163436,0.06265970716075198,0.07249201218071614,0.2258635479646565,-0.007343919418340478,0.19647266846532743,70.60129718782271,0.0,75.96399891893802
81,2024,5,0.27943488511012227,0.719270261379559,-1.0206780294590698,0,14,75.96399891893802,0,1.8117371224326047,0.22441480614810141,0.17787794265864232,0.3693912168185387,0.052978206770032926,0.05103634621389731,0.24420784418411848,0.027032709254488956,0.2258635479646565,75.9506652340654,0.0,
82,2015,2,0.288208742286825,-0.7595628691860014,1.4954282920159252,0,12,57.57639144976728,0,1.1114472364800139,0.1015887534002548,0.21861437559441171,0.40658149247282765,-0.02102790118894965,0.014298234098937126,0.14402181733034386,0.02640937633410459,,,,51.76313812132085
82,2016,2,0.288208742286825,-0.7595628691860014,1.4954282920159252,0,13,51.76313812132085,0,0.892439278515652,-0.047031542365744014,0.21557806291320356,0.42652384361661183,0.029182919261456313,0.05956373996101623,0.07954644372005326,-0.02337551472664061,0.14402181733034386,57.57639144976728,0.0,47.81217348067617
82,2017,2,0.288208742286825,-0.7595628691860014,1.4954282920159252,0,14,47.81217348067617,0,1.086771205684356,-0.11771721945937208,0.23734784701245834,0.4778826000923235,0.05183258852172347,0.019551208052777942,0.059017390717665354,-0.041584341260471815,0.07954644372005326,51.76313812132085,0.0,47.4013627105564
82,2018,2,0.288208742286825,-0.7595628691860014,1.4954282920159252,0,15,47.4013627105564,0,1.1077931069701008,0.0685959662435865,0.27389062823475924,0.520127584327001,0.060152107938962925,0.036816226942387856,0.12788105681176076,0.007063277699816519,0.059017390717665354,47.81217348067617,0.0,48.97988464032068
82,2019,2,0.288208742286825,-0.7595628691860014,1.4954282920159252,0,16,48.97988464032068,0,1.6605663913053157,-0.058884432388882774,0.1990333712767806,0.5058910386125902,0.028274665265177572,0.009538577970343156,0.13439655182718777,-0.010326950169839502,0.12788105681176076,47.4013627105564,0.0,48.92657019367947
82,2020,2,0.288208742286825,-0.7595628691860014,1.4954282920159252,0,17,48.92657019367947,0,0.9506311655171358,0.13065023713860768,0.2638527343563841,0.6569058939893878,0.018780410199756806,0.03204027332387107,0.12481952278411013,0.009622543809838527,0.13439655182718777,48.97988464032068,0.0,54.30178763583974
82,2021,2,0.288208742286825,-0.7595628691860014,1.4954282920159252,0,18,54.30178763583974,0,1.000829117421748,0.04819666352107297,0.1913961939118853,0.6855502208405492,0.03303826819189259,0.0357415958476606,0.09015895957963899,-0.02083238937172591,0.12481952278411013,48.92657019367947,0.0,56.59716002844372
82,2022,2,0.288208742286825,-0.7595628691860014,1.4954282920159252,0,19,56.59716002844372,0,1.1376746803342432,-0.010792793567326346,0.21278525497535491,0.5783063797432649,0.0036068201250999757,0.0563092908426264,0.2066925437967285,0.08334975830946069,0.09015895957963899,54.30178763583974,0.0,56.57880513929181
82,2023,2,0.288208742286825,-0.7595628691860014,1.4954282920159252,0,20,56.57880513929181,0,1.2644154442733901,-0.002181432856056752,0.13890591559079418,0.6260311407753202,0.03309904027774168,0.023245547311799068,0.14179840831163948,0.014908725436814967,0.2066925437967285,56.59716002844372,0.0,53.53961786328027
82,2024,2,0.288208742286825,-0.7595628691860014,1.4954282920159252,0,21,53.53961786328027,0,1.5043411607706134,0.07487741512622736,0.1675543654943575,0.6703435501437237,0.013680566811437667,0.03698328148343122,0.19414540483120363,0.04258805170741139,0.14179840831163948,56.57880513929181,0.0,
83,2015,9,-1.1453922284198494,0.6416284306828205,-0.20596719647476155,1,18,60.53686896536063,0,1.0100194238379772,0.04014695072155822,0.3338718022631977,0.4288179844159919,0.05038526686813024,0.05208956532635633,0.14217656291930858,-0.014044061484667142,,,,69.52063645597248
83,2016,9,-1.1453922284198494,0.6416284306828205,-0.20596719647476155,1,19,69.52063645597248,0,1.1966041007729273,0.20615706694982405,0.18811618546207493,0.504793319149963,0.00296542134275099,0.06718602818774286,0.13422685149172978,-0.04628482256185634,0.14217656291930858,60.53686896536063,0.0,68.19022583718007
83,2017,9,-1.1453922284198494,0.6416284306828205,-0.20596719647476155,1,20,68.19022583718007,0,0.868264066309818,0.0925009480090927,0.19743480572097005,0.5139117948497917,0.013114475518144752,0.053628950198107594,0.1083232118279513,-0.038446102201545346,0.13422685149172978,69.52063645597248,0.0,69.53880661275508
83,2018,9,-1.1453922284198494,0.6416284306828205,-0.20596719647476155,1,21,69.53880661275508,0,1.4720098207539765,0.21657207396894976,0.2872000763881886,0.42502482859517615,0.04921195014019676,0.03857844235573245,0.21431121400043446,0.014600857038900227,0.1083232118279513,68.19022583718007,0.0,71.76650715369495
83,2019,9,-1.1453922284198494,0.6416284306828205,-0.20596719647476155,1,22,71.76650715369495,0,1.1150603201010392,-0.05388007868579317,0.2592689760353873,0.6487877855794238,0.003663436814743711,0.053036419674897264,0.13750917172011862,-0.019960401867984583,0.21431121400043446,69.53880661275508,0.0,79.14903809119672
83,2020,9,-1.1453922284198494,0.6416284306828205,-0.20596719647476155,1,23,79.14903809119672,1,1.4509037969327132,0.059620001155753735,0.24284188751725577,0.465046706218061,0.025099376981992806,0.0682023487619856,0.18939018605043928,-0.004633420444586345,0.13750917172011862,71.76650715369495,0.0,76.60627253061052
83,2021,9,-1.1453922284198494,0.6416284306828205,-0.20596719647476155,1,24,76.60627253061052,0,1.7445498672809403,0.058950924969615195,0.18153055758636782,0.418138303909774,0.004071665916776806,0.040221017160804076,0.253049569289852,0.043442334657153324,0.18939018605043928,79.14903809119672,1.0,81.0485721205869
83,2022,9,-1.1453922284198494,0.6416284306828205,-0.20596719647476155,1,25,81.0485721205869,0,1.8105032468791873,0.15013879255798918,0.14873383509553903,0.5284233519776015,0.029049702662535863,0.05856663082898136,0.21431011812577103,-0.011067496552593302,0.253049569289852,76.60627253061052,0.0,83.17332607490489
83,2023,9,-1.1453922284198494,0.6416284306828205,-0.20596719647476155,1,26,83.17332607490489,0,1.313120680966572,0.13346412500029564,0.2064342973827956,0.2943376811087229,0.04961051971750325,0.0683075676119719,0.16954648050333532,-0.02788134741935771,0.21431011812577103,81.0485721205869,0.0,88.97108446608861
83,2024,9,-1.1453922284198494,0.6416284306828205,-0.20596719647476155,1,27,88.97108446608861,0,2.2292995833819322,0.08746782469259125,0.2739970977180359,0.34833868767059956,0.016593566851548027,0.05965752982606684,0.22118179288701056,-0.035765279567756054,0.16954648050333532,83.17332607490489,0.0,
84,2015,0,1.257655444056757,-2.4707730577318285,-0.6061446812815263,0,26,68.43836933042803,0,-0.3028379202810553,-0.11852060889879176,0.2504938596959451,0.39651495869410164,0.059005367895899566,0.0038100803344361177,-0.02549311162929967,-0.005891770896624966,,,,71.50513337989803
84,2016,0,1.257655444056757,-2.4707730577318285,-0.6061446812815263,0,27,71.50513337989803,0,-0.04055212348962012,-0.17803194262787797,0.32989188025392485,0.43594891365223737,0.07129103142070699,-0.004118862166999287,0.07591640119058818,0.08546788232961666,-0.02549311162929967,68.43836933042803,0.0,74.14835722231349
84,2017,0,1.257655444056757,-2.4707730577318285,-0.6061446812815263,0,28,74.14835722231349,0,0.6969871981738484,0.016836282023629107,0.4054906990574232,0.34727254226625337,0.06982407851477562,0.021054365327112776,0.04621626919125149,-0.025056427650437862,0.07591640119058818,71.50513337989803,0.0,71.03115802456833
84,2018,0,1.257655444056757,-2.4707730577318285,-0.6061446812815263,0,29,71.03115802456833,0,0.6821771557470041,-0.2644239935551491,0.48962033900208235,0.29755043561905553,0.08376584759339675,0.028026580514089152,0.08345236909588453,0.028907255701742223,0.04621626919125149,74.14835722231349,0.0,73.47818280961367
84,2019,0,1.257655444056757,-2.4707730577318285,-0.6061446812815263,0,30,73.47818280961367,0,0.7892602751808243,-0.16385645707700294,0.38502353986435817,0.4244553997395408,0.10189154662863711,0.017434417747703015,0.08001374292520336,0.016508357198428407,0.08345236909588453,71.03115802456833,0.0,75.91777556580693
84,2020,0,1.257655444056757,-2.4707730577318285,-0.6061446812815263,0,31,75.91777556580693,1,0.29126955336381133,-0.10898736546518972,0.4095842685594758,0.20189423070035986,0.09041754502948249,-0.023819889810699827,0.08597816054014455,0.05696005957704666,0.08001374292520336,73.47818280961367,0.0,76.022703052617
84,2021,0,1.257655444056757,-2.4707730577318285,-0.6061446812815263,0,32,76.022703052617,0,0.2549065194951963,-0.02920640634988597,0.6105215822913155,0.3851385640112173,0.0793943333929872,0.023545502295350837,-0.004436873118010054,-0.05273033642588624,0.08597816054014455,75.91777556580693,1.0,80.60231410428949
84,2022,0,1.257655444056757,-2.4707730577318285,-0.6061446812815263,0,33,80.60231410428949,0,1.1349142857315657,-0.03857477425244865,0.5952698822757834,0.2635279713629804,0.08277445389375548,0.007174870176406277,0.11623704411718372,0.011320255163721893,-0.004436873118010054,76.022703052617,0.0,78.64488916152008
84,2023,0,1.257655444056757,-2.4707730577318285,-0.6061446812815263,0,34,78.64488916152008,0,0.6105563692109954,-0.22372946115458336,0.4209185094661759,0.40836789009136126,0.08492501018685432,0.04038558525444319,0.021914736514730332,-0.03656303175036462,0.11623704411718372,80.60231410428949,0.0,82.65859710985559
84,2024,0,1.257655444056757,-2.4707730577318285,-0.6061446812815263,0,35,82.65859710985559,0,1.2684675065897868,-0.038769898759397375,0.25543477296769773,0.3818727592760989,0.05601795269911488,0.007049637549607777,0.13120710219606688,0.028087154295787585,0.021914736514730332,78.64488916152008,0.0,
85,2015,0,0.4596819472094368,0.17974832746712532,0.6700419127941828,0,33,65.25789569406707,0,1.2370343994460598,0.011566388167606051,0.10534072709716975,0.27683994794693456,0.03932680280911505,0.05391148669992554,0.10656325282606441,-0.01529924228805913,,,,63.76423820663661
85,2016,0,0.4596819472094368,0.17974832746712532,0.6700419127941828,0,34,63.76423820663661,0,1.7704055208308862,0.021478734826574322,0.2976649402090273,0.4589924694732684,0.06260038806770656,0.022257626629986774,0.15772926499900397,0.001085437284252604,0.10656325282606441,65.25789569406707,0.0,61.55699095560923
85,2017,0,0.4596819472094368,0.17974832746712532,0.6700419127941828,0,35,61.55699095560923,0,1.8941253754407448,0.03740936478223781,0.3206729757372789,0.44189729220743684,0.026921861292054112,0.04473903922995808,0.18949819053537328,0.013924645992937025,0.15772926499900397,63.76423820663661,0.0,65.0094761326863
85,2018,0,0.4596819472094368,0.17974832746712532,0.6700419127941828,0,36,65.0094761326863,0,1.6000567104949819,0.07263366267074856,0.2107398844092269,0.7512316852512306,0.027619327202670886,0.048743572990520206,0.13874798437540203,-0.012499853849901264,0.18949819053537328,61.55699095560923,0.0,67.37308810798496
85,2019,0,0.4596819472094368,0.17974832746712532,0.6700419127941828,0,37,67.37308810798496,0,1.8885407482891334,0.18709441547560532,0.2729031593520226,0.38860476413226774,0.06209823895816595,0.058748644062302555,0.159691351257997,-0.03056283440731132,0.13874798437540203,65.0094761326863,0.0,64.16305338763826
85,2020,0,0.4596819472094368,0.17974832746712532,0.6700419127941828,0,38,64.16305338763826,0,2.008314709928036,-0.04416300965734292,0.4069066035767935,0.5192093975514259,0.028676601242271088,0.071052215311597,0.22175899894065973,0.033562866471048676,0.159691351257997,67.37308810798496,0.0,64.93247976105432
85,2021,0,0.4596819472094368,0.17974832746712532,0.6700419127941828,0,39,64.93247976105432,0,2.0011086991632623,-0.0019291290882266637,0.2675639453093201,0.30453692356044343,0.06252003670433863,0.07282719337130014,0.21838590031635255,0.0249589234424909,0.22175899894065973,64.16305338763826,0.0,68.88935937617448
85,2022,0,0.4596819472094368,0.17974832746712532,0.6700419127941828,0,40,68.88935937617448,0,1.6173005197249315,0.03460098865532352,0.2936794371197209,0.6244903133201914,0.048221117303659765,0.01355287238321884,0.1085634528137612,-0.04314043924876267,0.21838590031635255,64.93247976105432,0.0,70.16941466947013
85,2023,0,0.4596819472094368,0.17974832746712532,0.6700419127941828,0,41,70.16941466947013,0,1.4520064087378879,0.13286441676891675,0.2829679051281687,0.33365993853017234,0.03345659399087032,0.06184142458570031,0.11584199318025448,-0.0447836926921919,0.1085634528137612,68.88935937617448,0.0,67.53267337632502
85,2024,0,0.4596819472094368,0.17974832746712532,0.6700419127941828,0,42,67.53267337632502,0,1.911436719558029,0.09649050492788208,0.35577266803771473,0.649717212539187,0.04162024872358879,0.05302519848952077,0.16716092842874952,-0.018982988493406936,0.11584199318025448,70.16941466947013,0.0,
86,2015,7,0.01431688226488747,-0.6390587625193958,-0.32152229611699673,1,28,58.84956522945077,0,0.7893417408015627,-0.009618234704791635,0.21657667948778014,0.4044250301707825,0.03354448383685317,0.0299838487523153,0.10318951163893052,-0.008282380071024099,,,,62.605279971258284
86,2016,7,0.01431688226488747,-0.6390587625193958,-0.32152229611699673,1,29,62.605279971258284,0,1.4002407432364745,0.05753599128478511,0.300364989965373,0.3383246672116658,0.024506036586464056,0.019663505971011068,0.15599505326462923,-0.005436687032629915,0.10318951163893052,58.84956522945077,0.0,65.81678083096959
86,2017,7,0.01431688226488747,-0.6390587625193958,-0.32152229611699673,1,30,65.81678083096959,0,0.9496547967400931,-0.060151490845587095,0.5103496038056627,0.48433087445652667,0.05111246550358648,0.0580125462630726,0.12686778016151998,-0.010586205699290818,0.15599505326462923,62.605279971258284,0.0,65.63191158364091
86,2018,7,0.01431688226488747,-0.6390587625193958,-0.32152229611699673,1,31,65.63191158364091,0,1.626639638199502,-0.016595035430485024,0.23877080371965256,0.36546955806771286,0.064187594588898,0.011248477461073814,0.17865469874802636,0.008685984520004544,0.12686778016151998,65.81678083096959,0.0,70.91224756966042
86,2019,7,0.01431688226488747,-0.6390587625193958,-0.32152229611699673,1,32,70.91224756966042,0,0.9762931541794362,0.015348815355638146,0.17811422963042534,0.237198704988013,0.053839004848852526,0.04752931082503914,0.11212862730757445,-0.0260546509345534,0.17865469874802636,65.63191158364091,0.0,74.76243534844288
86,2020,7,0.01431688226488747,-0.6390587625193958,-0.32152229611699673,1,33,74.76243534844288,1,0.936370383968513,0.04954924884539936,0.4454319099574309,0.3142976943939845,0.022382273436320356,0.027364480425748787,0.1631884479506726,0.02323271760169217,0.11212862730757445,70.91224756966042,0.0,76.92287563803028
86,2021,7,0.01431688226488747,-0.6390587625193958,-0.32152229611699673,1,34,76.92287563803028,0,1.1488628890584986,0.039911386786180725,0.3229126720931948,0.3036124889781104,0.023825010526411904,0.05854611448879399,0.20662493736721604,0.04665454138713172,0.1631884479506726,74.76243534844288,1.0,74.81543596125213
86,2022,7,0.01431688226488747,-0.6390587625193958,-0.32152229611699673,1,35,74.81543596125213,0,1.4150566594264251,0.013344932065565775,0.3330019022240699,0.3636133130937997,0.008214246737942042,0.04065739121115435,0.16282140134138062,-0.011469053456632565,0.20662493736721604,76.92287563803028,0.0,81.38269140855243
86,2023,7,0.01431688226488747,-0.6390587625193958,-0.32152229611699673,1,36,81.38269140855243,0,1.731431336831915,0.10787413355842698,0.31891998246425846,0.3430381798696549,0.0386859464645721,0.032628525265827636,0.19696316388885485,-0.004060930717619022,0.16282140134138062,74.81543596125213,0.0,85.41951667821546
86,2024,7,0.01431688226488747,-0.6390587625193958,-0.32152229611699673,1,37,85.41951667821546,1,1.7092004859175465,-0.010401336903912903,0.27472703382901525,0.47405378338302057,0.04068075373332226,0.01048896295687186,0.19350950449988988,0.009714401449469622,0.19696316388885485,81.38269140855243,0.0,
87,2015,1,2.3617289876782195,0.06742379950575814,-0.07653961855649213,0,22,73.06078491708865,0,1.5446399444170358,0.222973752610386,0.486176106340353,0.36442112606844207,0.11328954380522548,0.06669968935883652,0.18394878927355535,0.0004707455993269275,,,,70.29838959451214
87,2016,1,2.3617289876782195,0.06742379950575814,-0.07653961855649213,0,23,70.29838959451214,1,1.5122612153853703,0.08347217102478739,0.33184295704643785,0.405568365766513,0.11014167468021073,0.0672961509583079,0.1588892730089193,-0.009092724266773171,0.18394878927355535,73.06078491708865,0.0,72.13639749456999
87,2017,1,2.3617289876782195,0.06742379950575814,-0.07653961855649213,0,24,72.13639749456999,0,1.651438211673932,0.12320727781663351,0.5519830876583407,0.33880473034245523,0.08356699692481907,0.0669277476805861,0.18683219178397248,-0.0028171624272191366,0.1588892730089193,70.29838959451214,1.0,73.98363743315836
87,2018,1,2.3617289876782195,0.06742379950575814,-0.07653961855649213,0,25,73.98363743315836,1,2.1877761672226432,0.1766398580019821,0.6958400622143793,0.4757793613675614,0.10136146072189309,0.041855407345432874,0.2175467114673825,-0.01243455777717112,0.18683219178397248,72.13639749456999,0.0,72.23135066547265
87,2019,1,2.3617289876782195,0.06742379950575814,-0.07653961855649213,0,26,72.23135066547265,0,1.6371049888185736,0.18933391390108298,0.3440958455297185,0.302623785482061,0.07930121156858477,0.06674877163541343,0.15050359819142783,-0.04048897751486423,0.2175467114673825,73.98363743315836,1.0,81.46707222130982
87,2020,1,2.3617289876782195,0.06742379950575814,-0.07653961855649213,0,27,81.46707222130982,0,2.0289542092926744,0.14880019089023827,0.26122884767688836,0.34309868390209525,0.08823892144323635,0.0812964732220486,0.17182796309821274,-0.041924598119311055,0.15050359819142783,72.23135066547265,0.0,87.04804328714076
87,2021,1,2.3617289876782195,0.06742379950575814,-0.07653961855649213,0,28,87.04804328714076,0,2.2867879130472306,0.08698071934131472,0.39211466461413097,0.358833944859522,0.13528662758277651,0.038747279580623774,0.2034129849624674,-0.02000928228148559,0.17182796309821274,81.46707222130982,0.0,85.70894776165774
87,2022,1,2.3617289876782195,0.06742379950575814,-0.07653961855649213,0,29,85.70894776165774,0,1.4765368366938487,0.19566036949812302,0.35029216354264897,0.5124357925298212,0.0821078227582985,0.04135293325080103,0.20246683011254918,0.02913500913774984,0.2034129849624674,87.04804328714076,0.0,94.74959238182645
87,2023,1,2.3617289876782195,0.06742379950575814,-0.07653961855649213,0,30,94.74959238182645,1,2.365105122142557,0.1855586047555266,0.5142018725471911,0.48910471438322495,0.0761725199684702,0.023874431343086925,0.19221912960794002,-0.04565846735585052,0.20246683011254918,85.70894776165774,0.0,98.36193887593944
87,2024,1,2.3617289876782195,0.06742379950575814,-0.07653961855649213,0,31,98.36193887593944,1,1.8974811080068696,0.14967757775609708,0.35235329113718794,0.2905059629886278,0.07835930141582792,0.010354242467007169,0.2033193186793037,0.005424715513375552,0.19221912960794002,94.74959238182645,1.0,
88,2015,2,1.3364901441057142,-0.5812580684954255,-0.21426165003245662,0,12,75.59672483402538,1,1.3561607291341353,0.0057849841534016455,0.4880052822592564,0.444184444753393,0.046743781664666834,0.04107493860655569,0.13485595826646787,-0.016644088211286445,,,,75.53920045298119
88,2016,2,1.3364901441057142,-0.5812580684954255,-0.21426165003245662,0,13,75.53920045298119,1,1.225707748851753,-0.051135478674399285,0.3646587003994635,0.31973920725850496,0.06628509460696326,0.023299096124606188,0.11446873208745689,-0.0189849697367388,0.13485595826646787,75.59672483402538,1.0,77.67242936578914
88,2017,2,1.3364901441057142,-0.5812580684954255,-0.21426165003245662,0,14,77.67242936578914,0,1.4094739607129225,0.06769635192775131,0.1560199711040824,0.20318957960258582,0.0872354991516626,0.010712018825734217,0.15682705182565454,0.009410370798553419,0.11446873208745689,75.53920045298119,1.0,89.39077365637036
88,2018,2,1.3364901441057142,-0.5812580684954255,-0.21426165003245662,0,15,89.39077365637036,0,1.3677723820783025,-0.08589086827317656,0.3857596985230712,0.5070073026593,0.09713667199430404,0.02295776518743786,0.13812792124786366,-0.0027218420584169674,0.15682705182565454,77.67242936578914,0.0,95.13186497914252
88,2019,2,1.3364901441057142,-0.5812580684954255,-0.21426165003245662,0,16,95.13186497914252,1,1.8170279869468335,0.024866164913222712,0.2972566302665791,0.3697872467280711,0.07067358443471715,0.03477380133926761,0.14147788493593566,-0.04156212056260517,0.13812792124786366,89.39077365637036,0.0,92.21071197718116
88,2020,2,1.3364901441057142,-0.5812580684954255,-0.21426165003245662,0,17,92.21071197718116,0,1.3006976084211122,0.08555424754952516,0.38872050202222025,0.309684285356879,0.10249424309985636,0.057159079872433904,0.1770826289301853,0.015085192122882628,0.14147788493593566,95.13186497914252,1.0,97.73196201619506
88,2021,2,1.3364901441057142,-0.5812580684954255,-0.21426165003245662,0,18,97.73196201619506,1,1.4541649044975549,0.008915516572906106,0.5104389325915609,0.2944772339287211,0.07732691934913019,0.03190141007418283,0.16244799756704853,-0.005515019124193429,0.1770826289301853,92.21071197718116,0.0,100.0
88,2022,2,1.3364901441057142,-0.5812580684954255,-0.21426165003245662,0,19,100.0,0,2.005891073845245,0.02605977784376886,0.4115881068099347,0.1837857472760377,0.053426682207038174,0.033946271712937216,0.26638460014721127,0.05902415806972113,0.16244799756704853,97.73196201619506,1.0,98.26302611888977
88,2023,2,1.3364901441057142,-0.5812580684954255,-0.21426165003245662,0,20,98.26302611888977,0,1.6736493580383875,0.12818428209899807,0.10344790266294257,0.47394098834639853,0.10989209996704334,0.021937371768724023,0.14792318185920372,-0.029707710549673985,0.26638460014721127,100.0,0.0,100.0
88,2024,2,1.3364901441057142,-0.5812580684954255,-0.21426165003245662,0,21,100.0,0,1.8984883008142215,0.06966811516859112,0.15418243526643707,0.38496509420102254,0.05595370957935257,0.04488213911183991,0.21104588076673245,0.016556553298751445,0.14792318185920372,98.26302611888977,0.0,
89,2015,9,0.6064839814017937,1.1406925053737698,-0.6258360074404477,1,23,69.3088081168977,1,2.0638519031319467,0.2150249094131907,0.23871278039345734,0.37206566724368106,0.06763192816349216,0.04508946011989237,0.2459533353731983,0.000711896678125921,,,,68.74001937202614
89,2016,9,0.6064839814017937,1.1406925053737698,-0.6258360074404477,1,24,68.74001937202614,0,1.9361298160081837,0.04258336717919317,0.3128021277657353,0.4656992452286133,0.0853885904368471,0.10097849255372426,0.26827696586018207,0.025738621979178717,0.2459533353731983,69.3088081168977,1.0,74.05419919508492
89,2017,9,0.6064839814017937,1.1406925053737698,-0.6258360074404477,1,25,74.05419919508492,0,1.97419778135702,0.010610913221967028,0.40089680753243445,0.3049182331534074,0.04715830583087907,0.08246003026202434,0.20826590903329617,-0.038038711124475426,0.26827696586018207,68.74001937202614,0.0,78.55531681359984
89,2018,9,0.6064839814017937,1.1406925053737698,-0.6258360074404477,1,26,78.55531681359984,0,1.8681978845398948,0.19868200914456444,0.33097065016538507,0.5021261978087158,0.047961963243404904,0.06535702605315878,0.22690092310436338,-0.015057799641781881,0.20826590903329617,74.05419919508492,0.0,83.04459370233964
89,2019,9,0.6064839814017937,1.1406925053737698,-0.6258360074404477,1,27,83.04459370233964,0,2.577565801704866,0.16575426299287715,0.18892925058797733,0.48823587599464513,0.06974703949714035,0.043957518779819224,0.24728159830158197,-0.033872213311798,0.22690092310436338,78.55531681359984,0.0,84.73777078960461
89,2020,9,0.6064839814017937,1.1406925053737698,-0.6258360074404477,1,28,84.73777078960461,0,2.206855001252125,-0.020877089985176678,0.3341308171367384,0.4848367941473173,0.07855275717942256,0.07192919708270223,0.1945401317438215,-0.05995662030853681,0.24728159830158197,83.04459370233964,0.0,88.49049203123609
89,2021,9,0.6064839814017937,1.1406925053737698,-0.6258360074404477,1,29,88.49049203123609,0,2.4050869190806305,0.15194838604321617,0.4451051135204885,0.30911938648705994,0.07907133855058324,0.08419828382271803,0.23997730732231645,-0.050380542012164596,0.1945401317438215,84.73777078960461,0.0,93.88974621243544
89,2022,9,0.6064839814017937,1.1406925053737698,-0.6258360074404477,1,30,93.88974621243544,0,2.627075938762738,0.18914159626183347,0.4152946601792578,0.45449212862819016,0.07261560582875005,0.043307827819038754,0.3626450092562074,0.06443301673866486,0.23997730732231645,88.49049203123609,0.0,99.37227323979461
89,2023,9,0.6064839814017937,1.1406925053737698,-0.6258360074404477,1,31,99.37227323979461,0,2.2176354588172424,0.03964050531247387,0.2867948335304898,0.26110749088733337,0.04255289239205681,0.052358660809989195,0.251390047251042,-0.013307020551347203,0.3626450092562074,93.88974621243544,0.0,100.0
89,2024,9,0.6064839814017937,1.1406925053737698,-0.6258360074404477,1,32,100.0,1,2.2173261828378146,0.2280744391074947,0.29834607164878063,0.4220136641698276,0.08147713005753798,0.06593859641969799,0.24944293778394191,-0.027102469469621433,0.251390047251042,99.37227323979461,0.0,
90,2015,5,-0.7578391387707196,-1.4901542403451022,-0.06261291273595891,1,11,59.94536094311322,0,0.5714887211593104,-0.02745164375074731,0.30743566190423177,0.5057309641073954,0.018062125341809915,0.02423657208885399,0.0993516395391747,0.017131636999093716,,,,53.475503931257975
90,2016,5,-0.7578391387707196,-1.4901542403451022,-0.06261291273595891,1,12,53.475503931257975,0,0.8174415918275065,-0.12783674264253883,0.1126869535549224,0.44037556161210445,0.005963470709784036,0.061419421723852535,0.0939643897375241,-0.0011329865850564335,0.0993516395391747,59.94536094311322,0.0,55.436501949076835
90,2017,5,-0.7578391387707196,-1.4901542403451022,-0.06261291273595891,1,13,55.436501949076835,0,0.013318214545918527,-0.14238477076005818,0.2809976389108357,0.5705000729876394,0.029767371052018127,-0.006134784652849445,0.02914438689026582,0.0026041375132122924,0.0939643897375241,53.475503931257975,0.0,62.016981709899945
90,2018,5,-0.7578391387707196,-1.4901542403451022,-0.06261291273595891,1,14,62.016981709899945,0,0.1339128212346654,-0.1637523760792182,0.1383772492934995,0.31303831184970676,0.04247303171387046,0.01921163573050789,0.03358579169608929,-0.003997084402633687,0.02914438689026582,55.436501949076835,0.0,68.1910269858646
90,2019,5,-0.7578391387707196,-1.4901542403451022,-0.06261291273595891,1,15,68.1910269858646,0,0.7418006677433673,-0.04672146295352765,0.2033306454626924,0.5548735337321574,0.03218260486962579,0.04147975231572312,0.08001055830578799,-0.013099236387811892,0.03358579169608929,62.016981709899945,0.0,70.88872268897197
90,2020,5,-0.7578391387707196,-1.4901542403451022,-0.06261291273595891,1,16,70.88872268897197,0,0.870589491321514,-0.11139482239813366,0.2350367611743727,0.4889869513563224,-0.012030638951315134,0.017551441011268265,0.09061448832978039,-0.0060770498199329654,0.08001055830578799,68.1910269858646,0.0,71.88287268381836
90,2021,5,-0.7578391387707196,-1.4901542403451022,-0.06261291273595891,1,17,71.88287268381836,0,1.0902890320209175,-0.12308675263622826,0.2086242663876357,0.4051104386823934,0.02324401315113333,0.02648546518212222,0.07232166887107266,-0.042883245380472966,0.09061448832978039,70.88872268897197,0.0,76.89380260607835
90,2022,5,-0.7578391387707196,-1.4901542403451022,-0.06261291273595891,1,18,76.89380260607835,0,0.9254595385128973,-0.20047346989028622,0.4506042603197835,0.6093214714565938,0.0050910335744051745,-0.010446840127846732,0.11544514181536535,0.02092347360809356,0.07232166887107266,71.88287268381836,0.0,78.09216160504113
90,2023,5,-0.7578391387707196,-1.4901542403451022,-0.06261291273595891,1,19,78.09216160504113,0,0.6250904233719662,-0.11440208675197054,0.2633055072087178,0.5203232446914899,0.03893107752710731,0.024562280187052678,0.10029968455689572,0.014740569725753794,0.11544514181536535,76.89380260607835,0.0,77.95909997487848
90,2024,5,-0.7578391387707196,-1.4901542403451022,-0.06261291273595891,1,20,77.95909997487848,0,0.8608200979196271,-0.09525186569495035,0.23233450659235053,0.41374200505004993,0.00991465912249691,0.006711466641345679,0.07916725662535258,-0.02152790117581617,0.10029968455689572,78.09216160504113,0.0,
91,2015,4,0.5482803525362356,0.7740783673798293,-1.8380586565474941,1,11,60.460600611716394,1,1.5709372965683215,0.15236836329627712,0.36120535621147803,0.26157351273054164,0.06984897174889189,0.08404752587398695,0.1652864519079119,-0.03437183416135865,,,,66.40010018943188
91,2016,4,0.5482803525362356,0.7740783673798293,-1.8380586565474941,1,12,66.40010018943188,0,1.8124577063564224,-0.035387942610328266,0.3427793915433687,0.35560655299914995,0.09416884649004913,0.0818958154968384,0.25237122213081836,0.050135601377562115,0.1652864519079119,60.460600611716394,1.0,72.67292670253747
91,2017,4,0.5482803525362356,0.7740783673798293,-1.8380586565474941,1,13,72.67292670253747,0,1.6025071812467575,0.11680296718824146,0.39761305121619334,0.49737986485226254,0.06764314704788617,0.08155763595484966,0.15861342349567603,-0.0436774228731335,0.25237122213081836,66.40010018943188,0.0,70.42490546693243
91,2018,4,0.5482803525362356,0.7740783673798293,-1.8380586565474941,1,14,70.42490546693243,0,1.5523214207910554,0.17139109174072636,0.20271409287007763,0.4375878658948742,0.07833250257139843,0.08435620637432786,0.23084797210659264,0.03535907894487696,0.15861342349567603,72.67292670253747,0.0,71.29242367971375
91,2019,4,0.5482803525362356,0.7740783673798293,-1.8380586565474941,1,15,71.29242367971375,0,1.8649260374636039,0.15629172154208082,0.3736293540339675,0.33558200505686725,0.055048392584423664,0.07364400384781115,0.19644821373664087,-0.028673092083358314,0.23084797210659264,70.42490546693243,0.0,77.05006611097609
91,2020,4,0.5482803525362356,0.7740783673798293,-1.8380586565474941,1,16,77.05006611097609,0,2.0929270106748845,0.030839044666106624,0.44608547917334934,0.25853872036604136,0.07781078611347973,0.0620560477005769,0.22746155413627187,-0.0052643910903199705,0.19644821373664087,71.29242367971375,0.0,74.55302832802377
91,2021,4,0.5482803525362356,0.7740783673798293,-1.8380586565474941,1,17,74.55302832802377,0,2.051293121548481,0.02653582260197676,0.49314854712066186,0.2860491150972667,0.08803612833177037,0.024403047280875736,0.17799515734466267,-0.04607097107872086,0.22746155413627187,77.05006611097609,0.0,79.74288803344659
91,2022,4,0.5482803525362356,0.7740783673798293,-1.8380586565474941,1,18,79.74288803344659,0,2.230731909777821,0.13613667505194188,0.49208732309730185,0.19770760734288004,0.07220082164789696,0.06535522807184466,0.27945671676308836,0.02436912723692583,0.17799515734466267,74.55302832802377,0.0,89.23377513949225
91,2023,4,0.5482803525362356,0.7740783673798293,-1.8380586565474941,1,19,89.23377513949225,0,2.2960111216214103,0.13890150839948565,0.36279668229494944,0.23088907749286391,0.073627937742484,0.03420624830302662,0.20505362827261162,-0.047075318925702735,0.27945671676308836,79.74288803344659,0.0,85.91740222900596
91,2024,4,0.5482803525362356,0.7740783673798293,-1.8380586565474941,1,20,85.91740222900596,0,2.153293642544374,0.12808210702974132,0.45432992497204056,0.1106841883314901,0.04470005429485568,0.05780541250235749,0.23566296624785063,-0.014855353479622666,0.20505362827261162,89.23377513949225,0.0,
92,2015,9,-1.264090673280232,-0.5009265296406055,-0.10773233012689305,0,11,55.16488832107814,0,1.092148834287838,0.09611931283670239,0.37955240324246436,0.4764656256088502,0.019663277122451438,0.08473444120967848,0.1599280346178669,-0.015957223995066914,,,,52.55516671952924
92,2016,9,-1.264090673280232,-0.5009265296406055,-0.10773233012689305,0,12,52.55516671952924,0,1.1301085198536798,-0.09422462094128933,0.31471794335747905,0.37573631365209936,0.018504725218358907,0.04716082944245368,0.16075167378918956,0.003185560195585554,0.1599280346178669,55.16488832107814,0.0,47.53185148766489
92,2017,9,-1.264090673280232,-0.5009265296406055,-0.10773233012689305,0,13,47.53185148766489,0,1.1423939095950961,-0.018798052763796754,0.14335240120446072,0.41841722895310457,0.0035467142296534927,0.03280219136771498,0.15092660173826725,-0.004116771913580484,0.16075167378918956,52.55516671952924,0.0,48.73807931596702
92,2018,9,-1.264090673280232,-0.5009265296406055,-0.10773233012689305,0,14,48.73807931596702,0,1.2719466146950016,0.05061021532117257,0.19157386393904127,0.5345548498175354,-0.01635399524351628,0.00045147230874655053,0.12397064308695663,-0.03815977114306277,0.15092660173826725,47.53185148766489,0.0,49.047251065601664
92,2019,9,-1.264090673280232,-0.5009265296406055,-0.10773233012689305,0,15,49.047251065601664,0,1.1717260905489857,0.17739948928768018,0.1984125882513501,0.44094391709106384,0.03687659993740315,0.06773281345905992,0.21295381960792625,0.030874044468856453,0.12397064308695663,48.73807931596702,0.0,47.365167990918835
92,2020,9,-1.264090673280232,-0.5009265296406055,-0.10773233012689305,0,16,47.365167990918835,0,1.3931059218928046,-0.08975696360524321,0.3107957507484831,0.3582867681241485,0.043254516514706756,0.03386881687492259,0.183796852587896,0.004510291889041579,0.21295381960792625,49.047251065601664,0.0,51.808376813898086
92,2021,9,-1.264090673280232,-0.5009265296406055,-0.10773233012689305,0,17,51.808376813898086,0,1.3048713542988915,-0.03574750930793978,0.09866076411774719,0.5851183375415007,0.011249834945436191,0.01789592602655339,0.15740704180773524,-0.004551856709428872,0.183796852587896,47.365167990918835,0.0,56.69582717714426
92,2022,9,-1.264090673280232,-0.5009265296406055,-0.10773233012689305,0,18,56.69582717714426,0,1.188829154656799,-0.024819207756692364,0.21629486113242177,0.404320617178774,0.0401391557234507,0.046480244353803296,0.12126807727609537,-0.0474097920824704,0.15740704180773524,51.808376813898086,0.0,63.720052042673196
92,2023,9,-1.264090673280232,-0.5009265296406055,-0.10773233012689305,0,19,63.720052042673196,0,0.8635282391398658,-0.03587031061990548,0.21594110765455454,0.5801454952001848,-0.015308647344206196,0.018157417653772406,0.12149020232753455,-0.013631427154379675,0.12126807727609537,56.69582717714426,0.0,67.63321969421887
92,2024,9,-1.264090673280232,-0.5009265296406055,-0.10773233012689305,0,20,67.63321969421887,1,1.2922347261695362,0.059067196016192834,0.19321710814239484,0.3301224729268256,0.008266874832531055,0.04447228114038504,0.20480344296480874,0.021786778996394078,0.12149020232753455,63.720052042673196,0.0,
93,2015,9,1.5157605421509484,-1.441297391390592,0.5845431552204895,1,8,68.0883186455292,0,1.0416776578454952,0.08241432607557869,0.2453069284540044,0.4767088021934109,0.10087238351819167,0.010306926671613864,0.16879034072210378,0.030549664054979535,,,,73.93392784652595
93,2016,9,1.5157605421509484,-1.441297391390592,0.5845431552204895,1,9,73.93392784652595,0,0.8144236857807304,0.12919914992149864,0.36266298867839514,0.35879262126215644,0.03867896041588596,0.011226962321409078,0.13930373670350363,0.004312752803126153,0.16879034072210378,68.0883186455292,0.0,77.4825757475131
93,2017,9,1.5157605421509484,-1.441297391390592,0.5845431552204895,1,10,77.4825757475131,0,1.3177380923734692,-0.16218267244887552,0.4187398690793994,0.4053007818065907,0.06583732516660973,0.03292173288835715,0.08262444574070706,-0.07182821995736645,0.13930373670350363,73.93392784652595,0.0,78.30343385420085
93,2018,9,1.5157605421509484,-1.441297391390592,0.5845431552204895,1,11,78.30343385420085,0,0.7208355133906407,-0.0044461386668956104,0.2799533625466138,0.18147665821084863,0.06367166511680743,0.021159383833726675,0.13679402161249568,0.016812105379758698,0.08262444574070706,77.4825757475131,0.0,78.54975122218927
93,2019,9,1.5157605421509484,-1.441297391390592,0.5845431552204895,1,12,78.54975122218927,0,1.2257436494361376,0.0747764327074566,0.3011276819729855,0.5031163874148104,0.08029607202595143,0.024689412810600005,0.14221276317704856,-0.017713843306394795,0.13679402161249568,78.30343385420085,0.0,83.9348559732417
93,2020,9,1.5157605421509484,-1.441297391390592,0.5845431552204895,1,13,83.9348559732417,1,1.152279997880458,-0.06191057694060248,0.23916118361287,0.48488446345201314,0.06560261788396242,0.015776063225370264,0.16577072041492405,0.02393916252509987,0.14221276317704856,78.54975122218927,0.0,88.54154799788645
93,2021,9,1.5157605421509484,-1.441297391390592,0.5845431552204895,1,14,88.54154799788645,0,1.6496335400411841,-0.006010188409322603,0.3848779703934753,0.3375037656996764,0.0521935341517203,0.004968833679193877,0.2076009298759938,0.019670289090504497,0.16577072041492405,83.9348559732417,1.0,96.08054876388958
93,2022,9,1.5157605421509484,-1.441297391390592,0.5845431552204895,1,15,96.08054876388958,0,1.02441033516094,-0.1667079362112649,0.3236250612030306,0.26351941392997874,0.07552761138210615,0.07318156623778765,0.18798019651495745,0.038526658826427945,0.2076009298759938,88.54154799788645,0.0,100.0
93,2023,9,1.5157605421509484,-1.441297391390592,0.5845431552204895,1,16,100.0,0,1.8340265348822204,-0.1342393476939387,0.42607035013775946,0.4733533815332096,0.06584555731743193,0.0260362058350618,0.18726017035884396,-0.010580060584568812,0.18798019651495745,96.08054876388958,0.0,100.0
93,2024,9,1.5157605421509484,-1.441297391390592,0.5845431552204895,1,17,100.0,1,1.5028632844685441,-0.022902662976613145,0.3152779631378517,0.49451843138134804,0.09930857425121116,0.0019757416864073854,0.2651320990011284,0.09094085634479128,0.18726017035884396,100.0,0.0,
94,2015,2,-1.472395204619446,0.9506010265886891,-0.7455863525200548,0,8,53.01258482036615,0,1.680585091453556,0.20127528782868048,0.2680050609386821,0.6941876570467859,0.01462304112459333,0.0650037288262663,0.18368463368030072,-0.004817736289361009,,,,49.15427281563028
94,2016,2,-1.472395204619446,0.9506010265886891,-0.7455863525200548,0,9,49.15427281563028,0,1.2205320871474832,0.14888470751301533,0.13943364053578564,0.24062051740441964,-0.004846745278249399,0.059919517717203365,0.14438409130806446,-0.013709077259684512,0.18368463368030072,53.01258482036615,0.0,50.83709561009793
94,2017,2,-1.472395204619446,0.9506010265886891,-0.7455863525200548,0,10,50.83709561009793,0,1.5187665101877186,0.04394159118897424,0.19009475418426647,0.37051897082499097,0.0255772480347023,0.11343127112221613,0.1925920235905647,0.010126028018051134,0.14438409130806446,49.15427281563028,0.0,50.199589776759076
94,2018,2,-1.472395204619446,0.9506010265886891,-0.7455863525200548,0,11,50.199589776759076,1,1.392005641151306,0.04922147318616464,0.15571815465153627,0.35573585135163593,0.006054147527847223,0.07712961165270846,0.12694692762419418,-0.040442609384335346,0.1925920235905647,50.83709561009793,0.0,45.87173624748609
94,2019,2,-1.472395204619446,0.9506010265886891,-0.7455863525200548,0,12,45.87173624748609,0,1.719020056411033,0.1683408853460901,0.4328160909252415,0.2693266851133189,0.02883109316774451,0.08151290331124954,0.1700526353125531,-0.04012623816066264,0.12694692762419418,50.199589776759076,1.0,42.381919093248804
94,2020,2,-1.472395204619446,0.9506010265886891,-0.7455863525200548,0,13,42.381919093248804,0,1.3448102832851339,0.203538558243813,0.3715844784571429,0.5482560677266216,-0.016295960325316668,0.09129978706113401,0.11300019006692438,-0.07121967246295072,0.1700526353125531,45.87173624748609,0.0,45.76743066183178
94,2021,2,-1.472395204619446,0.9506010265886891,-0.7455863525200548,0,14,45.76743066183178,0,1.865394325653709,-0.0056593395379621325,0.17527993635961878,0.4112655333238152,0.02331876965643047,0.04812609857116681,0.19470317533253972,0.005063885460949809,0.11300019006692438,42.381919093248804,0.0,47.394202418110254
94,2022,2,-1.472395204619446,0.9506010265886891,-0.7455863525200548,0,15,47.394202418110254,0,2.290515272099161,0.16231444667813139,0.4204672161705358,0.4815570801723884,0.005465111118623166,0.07951466381986219,0.2710415595032075,0.020650487972624726,0.19470317533253972,45.76743066183178,0.0,48.960251294645765
94,2023,2,-1.472395204619446,0.9506010265886891,-0.7455863525200548,0,16,48.960251294645765,0,1.8274476115330558,0.1316285088244178,0.35852032190525074,0.28234292278643924,0.005003354626006366,0.06902854173677375,0.21012682216945244,-0.008225816682999721,0.2710415595032075,47.394202418110254,0.0,56.46722442606928
94,2024,2,-1.472395204619446,0.9506010265886891,-0.7455863525200548,0,17,56.46722442606928,0,2.0728330210502177,0.14010880796610234,0.2502854397232779,0.38211295473253715,0.022234523243051557,0.04172284498990507,0.24304393936490254,0.019874706920482807,0.21012682216945244,48.960251294645765,0.0,
95,2015,5,1.2482914321497596,0.7996591225803783,-0.14358497866158104,0,29,71.74992950066648,0,2.030487765318932,0.28295062157810175,0.3819401007858296,0.4241973777954258,0.04931888820376962,0.06542703712089298,0.24284794076323823,0.0010010983727783834,,,,73.25345893836463
95,2016,5,1.2482914321497596,0.7996591225803783,-0.14358497866158104,0,30,73.25345893836463,0,1.4474744800147357,0.030123772087616185,0.24016240308119247,0.3167673958987024,0.09288374566022227,0.049726982393307924,0.10569318090706498,-0.0750409033941622,0.24284794076323823,71.74992950066648,0.0,76.94637982960487
95,2017,5,1.2482914321497596,0.7996591225803783,-0.14358497866158104,0,31,76.94637982960487,0,2.3028372841893723,0.08514575476900248,0.2610090703912058,0.22027417737756344,0.0906255383809908,0.08229769868467338,0.24991357177120724,-0.000979916964627427,0.10569318090706498,73.25345893836463,0.0,78.32944356785559
95,2018,5,1.2482914321497596,0.7996591225803783,-0.14358497866158104,0,32,78.32944356785559,0,1.7740514990289313,0.18500663923299954,0.19242991348013969,0.42238689851538297,0.06664517940348375,0.04588974844919266,0.19588676529241833,-0.017116870470701626,0.24991357177120724,76.94637982960487,0.0,80.38135126775879
95,2019,5,1.2482914321497596,0.7996591225803783,-0.14358497866158104,0,33,80.38135126775879,0,2.158230306426265,0.25300551315880815,0.3107184702992287,0.41997319660524385,0.07896884253549286,0.03980334303357157,0.27202860996097156,0.025139807484902483,0.19588676529241833,78.32944356785559,0.0,84.69240015332306
95,2020,5,1.2482914321497596,0.7996591225803783,-0.14358497866158104,0,34,84.69240015332306,0,2.773875117314266,0.24681077199392032,0.3548028510530017,0.4097056503504872,0.04921835039909381,0.059073985046012696,0.3324587286553372,0.03311441361924609,0.27202860996097156,80.38135126775879,0.0,83.63574669233897
95,2021,5,1.2482914321497596,0.7996591225803783,-0.14358497866158104,0,35,83.63574669233897,0,2.4606628180832484,0.17479116339314016,0.26383272906592836,0.4036427163881237,0.06276580491409899,0.06458332852308138,0.26509408465226003,-0.008231280488404867,0.3324587286553372,84.69240015332306,0.0,82.17693701993014
95,2022,5,1.2482914321497596,0.7996591225803783,-0.14358497866158104,0,36,82.17693701993014,0,2.6770397831614794,0.19980679125853598,0.32144033896473817,0.4710823091710684,0.06775826764850842,0.0490779173741404,0.28171454029941817,-0.0045117310586288584,0.26509408465226003,83.63574669233897,0.0,80.27362648962767
95,2023,5,1.2482914321497596,0.7996591225803783,-0.14358497866158104,0,37,80.27362648962767,0,2.6994406584766035,0.18271692079670046,0.29495211983872255,0.2795863490193388,0.10117122341328932,0.06628633308702042,0.28366270935102095,-0.010909374169380606,0.28171454029941817,82.17693701993014,0.0,91.25628400834366
95,2024,5,1.2482914321497596,0.7996591225803783,-0.14358497866158104,0,38,91.25628400834366,0,2.887155772040864,0.18011133561812837,0.15793611087133305,0.3538357658799227,0.07279006921366961,0.058598647722308994,0.31255914063871076,0.011874449591630577,0.28366270935102095,80.27362648962767,0.0,
96,2015,1,-0.39654275947743584,0.03278119902584081,-0.15709149284253604,0,4,59.85076102001549,0,0.9556899049248214,0.1268315553069081,0.19352791685858053,0.5217248763512653,0.05624262941366627,0.06351325287717148,0.14556689321166089,0.02477427261408821,,,,64.08828132982136
96,2016,1,-0.39654275947743584,0.03278119902584081,-0.15709149284253604,0,5,64.08828132982136,0,1.3189912280019085,-0.05705733108793116,0.17509245775969826,0.6569129905841228,0.028321880864029744,0.05200183694728516,0.1697690035449714,0.0411683683377336,0.14556689321166089,59.85076102001549,0.0,60.56312061364822
96,2017,1,-0.39654275947743584,0.03278119902584081,-0.15709149284253604,0,6,60.56312061364822,1,1.6885207930347088,0.030969082268282704,0.18206766798873592,0.309565067360673,0.03198256612343509,0.07142902859856433,0.171706583096726,-0.002174825582022313,0.1697690035449714,64.08828132982136,0.0,59.09057367467295
96,2018,1,-0.39654275947743584,0.03278119902584081,-0.15709149284253604,0,7,59.09057367467295,0,1.6177749935289027,-0.030448664658165876,0.23802384433029455,0.396286771920213,0.019048308711763592,0.04646510939251305,0.1492922811655498,-0.010754179885110921,0.171706583096726,60.56312061364822,1.0,58.364640948845086
96,2019,1,-0.39654275947743584,0.03278119902584081,-0.15709149284253604,0,8,58.364640948845086,1,1.6506870451232258,0.051639390215278066,0.2639348934019609,0.5320755619252123,0.0038536308829025777,0.0932852745014402,0.1617841801714961,-0.016169554511155954,0.1492922811655498,59.09057367467295,0.0,54.01824981682312
96,2020,1,-0.39654275947743584,0.03278119902584081,-0.15709149284253604,0,9,54.01824981682312,0,1.460463877080284,0.056144329761674036,0.14910211541859317,0.4334067432737199,0.035048477967803325,0.023220255466846938,0.13917851291895467,-0.008876624060231805,0.1617841801714961,58.364640948845086,1.0,60.99582255899561
96,2021,1,-0.39654275947743584,0.03278119902584081,-0.15709149284253604,0,10,60.99582255899561,0,1.361717951649511,0.10145726980254405,0.3297464412163313,0.5439421161709915,-0.015477095387440153,0.03960239695980154,0.15936739918070625,0.0065163975982980415,0.13917851291895467,54.01824981682312,0.0,63.31870823633506
96,2022,1,-0.39654275947743584,0.03278119902584081,-0.15709149284253604,0,11,63.31870823633506,1,2.18570518426442,-0.016266642670420363,0.1465154608089052,0.6199686684207741,0.04919143420974357,0.05893521194365519,0.2315953677888194,0.031522957148148234,0.15936739918070625,60.99582255899561,0.0,61.71887624276671
96,2023,1,-0.39654275947743584,0.03278119902584081,-0.15709149284253604,0,12,61.71887624276671,0,1.3309654151229924,0.13071389127866825,0.27448879631057604,0.5286928289008245,0.049158730277904586,0.06146904588293615,0.1713970061509412,0.009900046742752201,0.2315953677888194,63.31870823633506,1.0,59.68033832215444
96,2024,1,-0.39654275947743584,0.03278119902584081,-0.15709149284253604,0,13,59.68033832215444,0,1.6967294705765654,0.13269199128738032,0.11162771260931588,0.552021220762321,0.029753087317552596,0.04921333828129867,0.14701516117802327,-0.030187835223815844,0.1713970061509412,61.71887624276671,0.0,
97,2015,4,-1.8789258677511957,-0.2771073869312363,0.7790358344176438,0,16,47.53640561862573,0,0.8644068419800531,0.04194917024695416,0.18081690461711344,0.535416601940287,-0.0233858644157079,0.04859881661311018,0.11814332550577272,0.008935081122400532,,,,45.99398229349951
97,2016,4,-1.8789258677511957,-0.2771073869312363,0.7790358344176438,0,17,45.99398229349951,0,0.2553445209469304,0.05689658588436639,0.20850149195923803,0.5106370108246582,0.0013106781289760373,0.025973012927560987,0.0578296319419172,-0.00701138088402371,0.11814332550577272,47.53640561862573,0.0,47.37902570398145
97,2017,4,-1.8789258677511957,-0.2771073869312363,0.7790358344176438,0,18,47.37902570398145,0,0.9775616842761884,-0.03417848480877661,0.3587748254528673,0.4431694097260363,0.011776590246182092,0.02585441882698427,0.08967276148742158,-0.024228550043766315,0.0578296319419172,45.99398229349951,0.0,46.586812084886375
97,2018,4,-1.8789258677511957,-0.2771073869312363,0.7790358344176438,0,19,46.586812084886375,0,0.8514674306880453,0.08321009930469761,0.13888091165417119,0.4944417587435953,-0.01273352613741223,0.02348901097229077,0.15226291129853312,0.045432777247761943,0.08967276148742158,47.37902570398145,0.0,45.00044127088767
97,2019,4,-1.8789258677511957,-0.2771073869312363,0.7790358344176438,0,20,45.00044127088767,0,0.999000508659674,0.07512959778912764,0.18167860361868785,0.6602973890031606,-0.00722169882667875,0.05357171763436036,0.13135669717693038,0.006183089632062121,0.15226291129853312,46.586812084886375,0.0,50.039248590076625
97,2020,4,-1.8789258677511957,-0.2771073869312363,0.7790358344176438,0,21,50.039248590076625,0,0.6467900128235532,-0.04789034841697216,0.18566128565606124,0.5654731167381251,-0.04210884170895068,0.038207948990284055,0.12276312440280417,0.0328899010422368,0.13135669717693038,45.00044127088767,0.0,52.70713775944263
97,2021,4,-1.8789258677511957,-0.2771073869312363,0.7790358344176438,0,22,52.70713775944263,0,0.4721506657339811,-0.06905618686305612,0.0883765234924009,0.727247995383419,-0.001965396127244577,0.023060307490707505,0.037649572132639135,-0.02930981196486148,0.12276312440280417,50.039248590076625,0.0,54.40393925030122
97,2022,4,-1.8789258677511957,-0.2771073869312363,0.7790358344176438,0,23,54.40393925030122,0,0.983655561413923,-0.002457240436010445,0.27798045605477145,0.5749153427716678,0.022355329104516857,0.05517528421223017,0.08961025221214886,-0.03293499126816505,0.037649572132639135,52.70713775944263,0.0,56.4606309002289
97,2023,4,-1.8789258677511957,-0.2771073869312363,0.7790358344176438,0,24,56.4606309002289,0,1.4611626630917809,-0.060756076855459556,0.12850736542246735,0.5207528973492854,0.006386707268049661,0.04361880476487247,0.15377021725193868,0.006267890010270579,0.08961025221214886,54.40393925030122,0.0,57.39633596339901
97,2024,4,-1.8789258677511957,-0.2771073869312363,0.7790358344176438,0,25,57.39633596339901,0,1.1568251341312787,-0.12412377329213783,0.1687242356687382,0.668362648723976,0.013961971377966727,0.03308640880329859,0.16076356643333475,0.03974368081254701,0.15377021725193868,56.4606309002289,0.0,
98,2015,0,-0.32205491115462836,-0.08304914355737648,-0.42070750726863576,0,16,55.45935713481953,0,1.745736524595153,0.15688695477716816,0.2699841473483766,0.5661473401449505,0.04193577752556979,0.02473993585570162,0.163009034496546,-0.008458454185432574,,,,60.040675002507
98,2016,0,-0.32205491115462836,-0.08304914355737648,-0.42070750726863576,0,17,60.040675002507,0,0.838712026920031,0.08627023814012857,0.3232457892456829,0.4163103140935345,0.006836856077299246,0.0766009422919247,0.11478269395571694,-0.006891397764266767,0.163009034496546,55.45935713481953,0.0,59.448250913647385
98,2017,0,-0.32205491115462836,-0.08304914355737648,-0.42070750726863576,0,18,59.448250913647385,0,1.5483077555797335,0.008008094587935825,0.34298158253696454,0.4503787870994859,0.02016657750252132,0.03916568758152293,0.1168869724557295,-0.03936864925278523,0.11478269395571694,60.040675002507,0.0,61.89865162321527
98,2018,0,-0.32205491115462836,-0.08304914355737648,-0.42070750726863576,0,19,61.89865162321527,0,1.4134185761580893,-0.04375951032291959,0.33111247537545113,0.4186628787760072,0.020518683387443094,0.06357698957751208,0.18735867693672692,0.03758415135029386,0.1168869724557295,59.448250913647385,0.0,63.45022426291001
98,2019,0,-0.32205491115462836,-0.08304914355737648,-0.42070750726863576,0,20,63.45022426291001,0,1.448887537267357,0.05192615879987346,0.2682704168214779,0.48305000033250683,0.04419957795276114,0.04495265583195152,0.18230540818762206,0.027047157481380858,0.18735867693672692,61.89865162321527,0.0,62.87314601072404
98,2020,0,-0.32205491115462836,-0.08304914355737648,-0.42070750726863576,0,21,62.87314601072404,0,1.7830822674508982,0.03595427852802439,0.18900923968961333,0.37710654922241427,0.021860877535762477,0.02735008965942443,0.23160550105062178,0.05824412395745486,0.18230540818762206,63.45022426291001,0.0,59.47975390265859
98,2021,0,-0.32205491115462836,-0.08304914355737648,-0.42070750726863576,0,22,59.47975390265859,0,2.30278828635286,0.11932336488547823,0.4058146589200274,0.48978970488625284,0.02336180946655893,0.0294564659841227,0.24619835018056596,0.02143500761145166,0.23160550105062178,62.87314601072404,0.0,65.70859468569606
98,2022,0,-0.32205491115462836,-0.08304914355737648,-0.42070750726863576,0,23,65.70859468569606,0,1.7722218763518165,0.007294928849116256,0.26514640454248917,0.5166883467860404,-0.020187992042213124,0.04299876161236995,0.24948382267804303,0.07104434825509405,0.24619835018056596,59.47975390265859,0.0,72.70226198887005
98,2023,0,-0.32205491115462836,-0.08304914355737648,-0.42070750726863576,0,24,72.70226198887005,0,1.2726626555043903,0.12318832053318393,0.22199937089754254,0.3057343064155612,0.042070248270447204,0.05423128674903467,0.20925385881895153,0.05110602661107728,0.24948382267804303,65.70859468569606,0.0,75.65344408501589
98,2024,0,-0.32205491115462836,-0.08304914355737648,-0.42070750726863576,0,25,75.65344408501589,0,1.4479862408187887,0.14929844028588657,0.32750588122266544,0.40782635946503193,0.037950917267786405,0.08439482514278732,0.15856933139212273,-0.022194046771195883,0.20925385881895153,72.70226198887005,0.0,
99,2015,0,-0.9595887466713141,-0.7703242270745624,-0.7295735634529239,0,26,58.15858179682631,0,0.8185934560858212,-0.08369652247688186,0.4855171982403353,0.4275505341370952,0.02379653026009741,0.04907712206400244,0.12314584945427323,0.02162666234898214,,,,59.78252984560836
99,2016,0,-0.9595887466713141,-0.7703242270745624,-0.7295735634529239,0,27,59.78252984560836,0,0.9474448233327574,0.05065435677929447,0.36814148156308235,0.46765071063929814,0.02811207737660941,-0.016041519330719844,0.08346453978119375,-0.01845342292496602,0.12314584945427323,58.15858179682631,0.0,55.22866189017511
99,2017,0,-0.9595887466713141,-0.7703242270745624,-0.7295735634529239,0,28,55.22866189017511,0,0.47389107159611626,-0.11025141488536222,0.25958737769398116,0.5864596262446732,0.028428782349792504,0.04476688818595109,0.11404045988063136,0.04968005889692447,0.08346453978119375,59.78252984560836,0.0,52.244137396948595
99,2018,0,-0.9595887466713141,-0.7703242270745624,-0.7295735634529239,0,29,52.244137396948595,0,0.6794435609079513,-0.15758944341327616,0.16957040260838788,0.4491235205602884,-0.006851024886531398,0.04117027219278623,0.03761707442911496,-0.03814603996620241,0.11404045988063136,55.22866189017511,0.0,50.513112328839284
99,2019,0,-0.9595887466713141,-0.7703242270745624,-0.7295735634529239,0,30,50.513112328839284,0,0.6431043806739836,-0.07559230902696941,0.3180414141309186,0.18786966725596138,0.007636389744516178,0.004711633566644037,0.09774424138892387,0.018536335143060554,0.03761707442911496,52.244137396948595,0.0,51.93941144687332
99,2020,0,-0.9595887466713141,-0.7703242270745624,-0.7295735634529239,0,31,51.93941144687332,0,1.6476202702154845,-0.08450729538281565,0.29930054077411394,0.3287393107583381,0.007990901916220539,0.001678128676659934,0.1411747218134582,-0.006895833291987744,0.09774424138892387,50.513112328839284,0.0,54.892063508476696
99,2021,0,-0.9595887466713141,-0.7703242270745624,-0.7295735634529239,0,32,54.892063508476696,0,1.006777933849836,0.0973558106089947,0.32647719364795486,0.33481468301841233,0.0273014470368778,0.02054429188758232,0.1406009712038762,0.016048536191365967,0.1411747218134582,51.93941144687332,0.0,62.21398496246094
99,2022,0,-0.9595887466713141,-0.7703242270745624,-0.7295735634529239,0,33,62.21398496246094,0,1.436574333694832,-0.06417019386504302,0.1121218626003246,0.490320220460985,0.04614923733363711,0.053714558903643295,0.16365106849626143,0.022819791948428994,0.1406009712038762,54.892063508476696,0.0,58.11973583753776
99,2023,0,-0.9595887466713141,-0.7703242270745624,-0.7295735634529239,0,34,58.11973583753776,0,1.5729970080750508,0.09918177695856784,0.30458817581298564,0.28514957016176884,0.009479035620769738,0.04704398569183914,0.11422781623406114,-0.05910635956650497,0.16365106849626143,62.21398496246094,0.0,58.878015116169415
99,2024,0,-0.9595887466713141,-0.7703242270745624,-0.7295735634529239,0,35,58.878015116169415,0,1.84450587731031,-0.00899647700092394,0.1339800382142018,0.30031698235248,0.053014445463294646,0.007239575739945919,0.18159118716724879,0.013493885920679035,0.11422781623406114,58.11973583753776,0.0,
100,2015,0,-0.7234031661922401,1.0942465899778748,-0.18218786882568944,0,24,56.287156077211826,0,1.9200209871237524,0.289389472031585,0.33449569640596066,0.43248535005738337,0.05691006441022724,0.07652096644799912,0.2368937214964532,0.021039122430740298,,,,67.14205720910437
100,2016,0,-0.7234031661922401,1.0942465899778748,-0.18218786882568944,0,25,67.14205720910437,0,1.3387388101358892,0.20770604776115792,0.21886777328333523,0.5760058123740647,0.04825651333527023,0.05268165461895872,0.17239991068922392,0.010383427932239056,0.2368937214964532,56.287156077211826,0.0,66.97535750351366
100,2017,0,-0.7234031661922401,1.0942465899778748,-0.18218786882568944,0,26,66.97535750351366,0,1.7440175947310723,0.044226686273412585,0.11317938030591955,0.5337607628309506,0.02040724311388443,0.08059597619227411,0.23513568054964856,0.05478630726140575,0.17239991068922392,67.14205720910437,0.0,57.365742842981476
100,2018,0,-0.7234031661922401,1.0942465899778748,-0.18218786882568944,0,27,57.365742842981476,0,1.9981228604921748,0.21993765480496305,0.2712599132059253,0.43603010962638084,0.03737365270207393,0.10787544619781306,0.19187733557226389,-0.03619972941469366,0.23513568054964856,66.97535750351366,0.0,60.65811031414702
100,2019,0,-0.7234031661922401,1.0942465899778748,-0.18218786882568944,0,28,60.65811031414702,0,1.5877240793053633,0.23027758752624217,0.25752352643271537,0.550524408593386,0.06060634112091681,0.07863299970582197,0.16674124868124118,-0.0236019208909007,0.19187733557226389,57.365742842981476,0.0,61.73297045098394
100,2020,0,-0.7234031661922401,1.0942465899778748,-0.18218786882568944,0,29,61.73297045098394,0,1.9690007052777871,0.2273461517836283,0.21948552919903785,0.40161287542372753,0.0013164709253743884,0.09000955068454286,0.22611369112292926,0.0052150940356186564,0.16674124868124118,60.65811031414702,0.0,67.85576295668717
100,2021,0,-0.7234031661922401,1.0942465899778748,-0.18218786882568944,0,30,67.85576295668717,0,1.9114627779734576,0.21788728483956105,0.3948891291369158,0.47078091405857336,0.03825892822914058,0.07006778745309075,0.20143389178435334,-0.018113166615472784,0.22611369112292926,61.73297045098394,0.0,72.83255767085117
100,2022,0,-0.7234031661922401,1.0942465899778748,-0.18218786882568944,0,31,72.83255767085117,0,1.6917413207520169,0.12851386693146427,0.2595849655790156,0.4023298259982524,0.017126543802745153,0.08427150658491322,0.21068453895292752,0.013321452617681239,0.20143389178435334,67.85576295668717,0.0,72.795285019546
100,2023,0,-0.7234031661922401,1.0942465899778748,-0.18218786882568944,0,32,72.795285019546,0,1.5940456193496493,0.22308558219982177,0.16381275032418954,0.4142862948768782,0.00877547144126309,0.07438767503465246,0.15475056678855997,-0.03834994651425331,0.21068453895292752,72.83255767085117,0.0,78.41072947873286
100,2024,0,-0.7234031661922401,1.0942465899778748,-0.18218786882568944,0,33,78.41072947873286,0,1.9424291107558027,0.3363021882937235,0.37734293408449665,0.4554257274708153,0.03494779249653902,0.07894080809211049,0.27662007446053116,0.043818893079862156,0.15475056678855997,72.795285019546,0.0,
101,2015,9,-0.7976639601872015,1.0429224354925488,1.117873639869634,0,35,65.6976273657544,0,1.2410767067774644,0.06222891999395787,0.293507058653141,0.5368156286500843,0.011325004269618452,0.06809900705008122,0.16267981899478945,-0.015232354321237918,,,,63.35491106038974
101,2016,9,-0.7976639601872015,1.0429224354925488,1.117873639869634,0,36,63.35491106038974,0,2.294499501830967,0.09215961891761854,0.23446875710301665,0.5899201512151819,0.00886527053758154,0.06970721205066137,0.20835130770928764,-0.04538672253428441,0.16267981899478945,65.6976273657544,0.0,66.55997833860118
101,2017,9,-0.7976639601872015,1.0429224354925488,1.117873639869634,0,37,66.55997833860118,0,1.901356528216803,0.07921279175764798,0.1978717929390511,0.5656146426457809,-0.006726227926370775,0.04269967804520915,0.24869963085103466,0.027909246105188027,0.20835130770928764,63.35491106038974,0.0,66.6509592998773
101,2018,9,-0.7976639601872015,1.0429224354925488,1.117873639869634,0,38,66.6509592998773,0,2.1620897457226915,0.12444783142412524,0.23498151794878405,0.4046597231168827,0.03046147493742339,0.0689579917794818,0.19070776878326834,-0.06437420155868095,0.24869963085103466,66.55997833860118,0.0,74.58968777979095
101,2019,9,-0.7976639601872015,1.0429224354925488,1.117873639869634,0,39,74.58968777979095,0,1.599498336640991,0.1642099428234834,0.11566598913529165,0.5430452519002111,-0.02136734305824673,0.06415014259299769,0.186658884813039,-0.023221341736307813,0.19070776878326834,66.6509592998773,0.0,71.55216300960282
101,2020,9,-0.7976639601872015,1.0429224354925488,1.117873639869634,0,40,71.55216300960282,0,1.8044270267440146,0.24614964093597735,0.1758441055014231,0.4560091487341747,-0.0030874320555938327,0.06964182541180942,0.24447969529856345,0.008314723044396007,0.186658884813039,74.58968777979095,0.0,79.09661387437849
101,2021,9,-0.7976639601872015,1.0429224354925488,1.117873639869634,0,41,79.09661387437849,0,2.31296146222249,0.12729286150689886,0.16837162639256184,0.4881783891141629,0.03026616178591956,0.07567600329229722,0.25409827328607465,-0.012320857178260826,0.24447969529856345,71.55216300960282,0.0,85.88388147221205
101,2022,9,-0.7976639601872015,1.0429224354925488,1.117873639869634,0,42,85.88388147221205,0,1.7124137885676114,0.2261381022062662,0.20392813209016258,0.5771962504033102,-0.018560857271336884,0.05048459046480244,0.20447039235548992,-0.022508575480907053,0.25409827328607465,79.09661387437849,0.0,88.85239073940849
101,2023,9,-0.7976639601872015,1.0429224354925488,1.117873639869634,0,43,88.85239073940849,0,1.5749793579590983,0.21250124914975843,0.15871778485625593,0.5926372131034484,0.027650120484411657,0.0679457149424553,0.17300065975948123,-0.04475391727058221,0.20447039235548992,85.88388147221205,0.0,93.80655501810864
101,2024,9,-0.7976639601872015,1.0429224354925488,1.117873639869634,0,44,93.80655501810864,0,2.5108021750284095,0.35234075566419293,0.1798088877358227,0.5905878576982488,0.00892174218980719,0.05092555419627165,0.3087176133804043,0.018208476781310667,0.17300065975948123,88.85239073940849,0.0,
102,2015,6,-0.7121853119172169,-0.7102266295550035,0.5936255544929933,0,33,55.24960746171321,0,0.5752841327832467,-0.018755059075106547,0.09455807019399827,0.34230205942874564,0.03800711449374059,0.020663969070519855,0.10728423676672741,0.009333440010665897,,,,58.37601825023772
102,2016,6,-0.7121853119172169,-0.7102266295550035,0.5936255544929933,0,34,58.37601825023772,0,0.6113322619206174,-0.032462118223097164,0.09686185512817129,0.42122995959032355,-0.019456158712505323,0.02850831683201875,0.14807184999223594,0.047606635090889936,0.10728423676672741,55.24960746171321,0.0,57.18492844158278
102,2017,6,-0.7121853119172169,-0.7102266295550035,0.5936255544929933,0,35,57.18492844158278,0,1.4632610628208629,-0.06429054394847786,0.2589016698595948,0.6111592988371952,0.009429781493586024,0.032775751691411746,0.14326758653443658,-0.020107254390232376,0.14807184999223594,58.37601825023772,0.0,56.47550125528919
102,2018,6,-0.7121853119172169,-0.7102266295550035,0.5936255544929933,0,36,56.47550125528919,0,1.1652367405378574,-0.10613284033904989,0.1726749994688115,0.6127986574269273,0.024666726537184998,0.031087999755439983,0.09382278926740598,-0.042948402783570615,0.14326758653443658,57.18492844158278,0.0,60.895919600141724
102,2019,6,-0.7121853119172169,-0.7102266295550035,0.5936255544929933,0,37,60.895919600141724,0,1.6166437109355603,-0.11322225818434947,0.09111114961543201,0.5852624719412536,-0.003600205608662404,0.04225324967623081,0.2144149841526456,0.04709865434091759,0.09382278926740598,56.47550125528919,0.0,69.82406921706628
102,2020,6,-0.7121853119172169,-0.7102266295550035,0.5936255544929933,0,38,69.82406921706628,0,1.7069809972165455,-0.07745335992953876,0.15426910366379912,0.6304889918418133,0.005969013736520798,0.006009367126705252,0.19247303582670722,0.017869343738124127,0.2144149841526456,60.895919600141724,0.0,66.93505934249536
102,2021,6,-0.7121853119172169,-0.7102266295550035,0.5936255544929933,0,39,66.93505934249536,0,1.309396838538028,-0.20342569088539408,0.19659427416748843,0.7163095339512512,0.031116986281996994,0.05455522125978782,0.1806868921861844,0.03202782655792629,0.19247303582670722,69.82406921706628,0.0,75.01674755654436
102,2022,6,-0.7121853119172169,-0.7102266295550035,0.5936255544929933,0,40,75.01674755654436,0,1.0976388372610464,-0.13187118075312138,0.24385898210395088,0.49920464045429896,0.0193421838225019,0.052708954292602334,0.10003081178232445,-0.044896778447315704,0.1806868921861844,66.93505934249536,0.0,78.46640016170727
102,2023,6,-0.7121853119172169,-0.7102266295550035,0.5936255544929933,0,41,78.46640016170727,0,0.8155731149778623,-0.07697577175948106,0.20585284036631682,0.49977303800915707,-0.0002779148781319289,0.03700691706585871,0.13437948181271234,0.011854213961462806,0.10003081178232445,75.01674755654436,0.0,82.54095901583248
102,2024,6,-0.7121853119172169,-0.7102266295550035,0.5936255544929933,0,42,82.54095901583248,0,1.070345524317203,-0.1407749894044764,0.22157729425837974,0.5862810298595064,0.0061592032641372,0.009114875175996781,0.11786076758261417,-0.01249387344832582,0.13437948181271234,78.46640016170727,0.0,
103,2015,4,0.9095528761006255,1.2771661103647907,-0.09559553932106477,1,21,65.72876200755715,0,1.9692872408905693,0.0803743874333624,0.2037135623956497,0.5622777318751647,0.05838753657199967,0.07406751533156604,0.22524539536010088,0.01553897640163493,,,,66.0046755362595
103,2016,4,0.9095528761006255,1.2771661103647907,-0.09559553932106477,1,22,66.0046755362595,1,2.060865774984363,0.19666315316244087,0.3303043264431653,0.48771256204625163,0.09431785257116293,0.08458286857381833,0.2401147962889011,0.002401252632283636,0.22524539536010088,65.72876200755715,0.0,72.81284917125774
103,2017,4,0.9095528761006255,1.2771661103647907,-0.09559553932106477,1,23,72.81284917125774,1,1.7306494063987947,0.41893682976377883,0.27233612651384803,0.22262031266029508,0.08045560456509428,0.09112091175997626,0.30258182545145274,0.0655459493939793,0.2401147962889011,66.0046755362595,1.0,75.66101526648632
103,2018,4,0.9095528761006255,1.2771661103647907,-0.09559553932106477,1,24,75.66101526648632,0,1.972342993627526,0.2012230332669423,0.2857507891332069,0.5378467680792846,0.04889257303424871,0.033875761170955594,0.2214617474961244,-0.000979543309447805,0.30258182545145274,72.81284917125774,1.0,71.92983066812549
103,2019,4,0.9095528761006255,1.2771661103647907,-0.09559553932106477,1,25,71.92983066812549,0,1.8823291900818042,0.24501418728268023,0.34350551449650724,0.5908552451144153,0.03793430161843737,0.05302894243268323,0.20231405942928252,-0.020743893442113557,0.2214617474961244,75.66101526648632,0.0,72.32543911507794
103,2020,4,0.9095528761006255,1.2771661103647907,-0.09559553932106477,1,26,72.32543911507794,0,2.6659218513503307,0.34655412789950724,0.23234476244626526,0.3927082108256864,0.06317244284961417,0.04909269264649148,0.3409052198630271,0.05627977139429709,0.20231405942928252,71.92983066812549,0.0,75.62180890361395
103,2021,4,0.9095528761006255,1.2771661103647907,-0.09559553932106477,1,27,75.62180890361395,0,2.614750731113222,0.2662295876227495,0.34114560489511697,0.4837108678346577,0.07387847799098715,0.04918243673291402,0.2724907404210587,-0.010569702524923424,0.3409052198630271,72.32543911507794,0.0,77.94987125369204
103,2022,4,0.9095528761006255,1.2771661103647907,-0.09559553932106477,1,28,77.94987125369204,0,2.438059342434475,0.17193541212858687,0.17947611670370575,0.32820570986952285,0.04382896986751837,0.08851615434977075,0.2695995518020106,0.0011866601975217353,0.2724907404210587,75.62180890361395,0.0,87.6696148644879
103,2023,4,0.9095528761006255,1.2771661103647907,-0.09559553932106477,1,29,87.6696148644879,0,2.0732771787027757,0.309745207764004,0.48124777106637406,0.42964197261411524,0.0817798262976098,0.0460989567035052,0.28141684067948114,0.028323957750572018,0.2695995518020106,77.94987125369204,0.0,94.45239412624137
103,2024,4,0.9095528761006255,1.2771661103647907,-0.09559553932106477,1,30,94.45239412624137,0,2.8526019324535246,0.1436392414298447,0.4013333091271921,0.5046492559067554,0.06434981072311777,0.1015845206662658,0.2794915008419089,-0.02572431492949834,0.28141684067948114,87.6696148644879,0.0,
104,2015,2,-0.06662702108295986,1.3826393394360526,0.5521856617957221,1,22,57.31140196273709,0,2.1414044102495375,0.2078839127538252,0.20982074710979975,0.4147335689633239,0.043420958795761216,0.08909203379887114,0.18210107892630373,-0.04846764901658417,,,,55.93133177416684
104,2016,2,-0.06662702108295986,1.3826393394360526,0.5521856617957221,1,23,55.93133177416684,1,2.016753444637791,0.18672605526868696,0.12513954659459411,0.5865487648293126,0.024291645225936038,0.07330155834132258,0.180391155881841,-0.03335037802040381,0.18210107892630373,57.31140196273709,0.0,57.04292443962365
104,2017,2,-0.06662702108295986,1.3826393394360526,0.5521856617957221,1,24,57.04292443962365,1,2.76296144353097,0.11193249646619968,0.2940291624009749,0.46652495974907326,0.049860057653198606,0.07170187434909427,0.3320485287879628,0.06303816145348307,0.180391155881841,55.93133177416684,1.0,58.850834265102705
104,2018,2,-0.06662702108295986,1.3826393394360526,0.5521856617957221,1,25,58.850834265102705,0,1.8054097584662476,0.18492847431009785,0.15522705501040487,0.7410172732892688,0.032532367041717095,0.06481105032585954,0.19479065525168027,-0.00758997559053797,0.3320485287879628,57.04292443962365,1.0,54.68521300295281
104,2019,2,-0.06662702108295986,1.3826393394360526,0.5521856617957221,1,26,54.68521300295281,0,1.455746449192854,0.18223444238468448,0.22645481658749678,0.3221999024699541,0.011079717133278877,0.06023790769112083,0.1326079390848877,-0.05027004366397312,0.19479065525168027,58.850834265102705,0.0,55.215751884791025
104,2020,2,-0.06662702108295986,1.3826393394360526,0.5521856617957221,1,27,55.215751884791025,0,1.9046050158295988,0.11065705128230127,0.28701733854004047,0.3698970425482678,0.03270181526681306,0.037743153097822696,0.1643293360917482,-0.039511393113639014,0.1326079390848877,54.68521300295281,0.0,55.03045570708353
104,2021,2,-0.06662702108295986,1.3826393394360526,0.5521856617957221,1,28,55.03045570708353,1,1.9424657518326536,0.2391475396701483,0.2745410865275316,0.5332869160227257,0.019358142099987465,0.07108115522842885,0.2072944873554356,-0.015233582841555505,0.1643293360917482,55.215751884791025,0.0,57.15668175057953
104,2022,2,-0.06662702108295986,1.3826393394360526,0.5521856617957221,1,29,57.15668175057953,1,1.931610682803836,0.24289721128738795,0.2793418394704972,0.553390246909591,0.05379343846198788,0.09698100205613637,0.2965784903773649,0.06626213817945603,0.2072944873554356,55.03045570708353,1.0,63.57829067219282
104,2023,2,-0.06662702108295986,1.3826393394360526,0.5521856617957221,1,30,63.57829067219282,0,2.3630950881786075,0.13070984721485984,0.40746408714062304,0.5275564400228895,0.0067339774880797384,0.046522755243346106,0.2391939277988787,-0.010381111001065304,0.2965784903773649,57.15668175057953,1.0,69.156666130618
104,2024,2,-0.06662702108295986,1.3826393394360526,0.5521856617957221,1,31,69.156666130618,1,2.537719821721482,0.24057787068476327,0.17493802212087392,0.43970747746603966,0.034153594874893944,0.05756291047501201,0.30081825159241504,0.03580573462085878,0.2391939277988787,63.57829067219282,0.0,
105,2015,7,-0.602648428993433,0.040279907455880316,0.8973070700273262,1,23,59.96311360157749,1,0.7501802465024257,-0.0319962054084988,0.33639717029426597,0.6821551111860756,0.021653293283213353,0.042802781382867305,0.20869141954713294,0.09627477493551445,,,,59.68720962294514
105,2016,7,-0.602648428993433,0.040279907455880316,0.8973070700273262,1,24,59.68720962294514,0,1.2646603925793198,-0.005389481846593533,0.22941248892675528,0.5027273519962268,0.00032898238526056327,0.06561442022743409,0.16350864203131626,0.0042467704912178515,0.20869141954713294,59.96311360157749,1.0,61.90059755191211
105,2017,7,-0.602648428993433,0.040279907455880316,0.8973070700273262,1,25,61.90059755191211,0,1.2985503201213286,0.07138364653985303,0.2183276273571943,0.5466238353248389,0.0010105647870861344,0.04936257506524266,0.22776407142336252,0.06586934878154728,0.16350864203131626,59.68720962294514,0.0,70.11854353522234
105,2018,7,-0.602648428993433,0.040279907455880316,0.8973070700273262,1,26,70.11854353522234,0,1.6640173574260948,-0.03260936817881676,0.17155388920279735,0.5241442651760464,0.017484733847080942,0.034031692355149724,0.20520732521941737,0.02703899763749406,0.22776407142336252,61.90059755191211,0.0,68.48084655470367
105,2019,7,-0.602648428993433,0.040279907455880316,0.8973070700273262,1,27,68.48084655470367,0,1.3916758694714808,0.09624083836765844,0.11403719228163492,0.5471286278263686,-0.009340942725535442,0.045889895829719814,0.19212436632013286,0.02284507964198035,0.20520732521941737,70.11854353522234,0.0,66.80333278517857
105,2020,7,-0.602648428993433,0.040279907455880316,0.8973070700273262,1,28,66.80333278517857,0,1.4773853135166943,0.10865528235016836,0.16637497775138904,0.6938592596513448,0.012557430910670147,0.059747676728395906,0.17469106495601586,-0.004439023267802196,0.19212436632013286,68.48084655470367,0.0,74.0528832074854
105,2021,7,-0.602648428993433,0.040279907455880316,0.8973070700273262,1,29,74.0528832074854,1,1.2117060753939581,0.022340073470030544,0.18769970264623045,0.6414762130473299,0.014464090506128223,0.07862195692507518,0.1254310981143778,-0.03504798188252222,0.17469106495601586,66.80333278517857,0.0,76.15721840696324
105,2022,7,-0.602648428993433,0.040279907455880316,0.8973070700273262,1,30,76.15721840696324,0,1.4696290631250009,-0.026526785853379288,0.2045375251459059,0.40895956124765576,0.003822986934548257,0.053082170643775184,0.19152976080549203,0.01848471228094828,0.1254310981143778,74.0528832074854,1.0,80.32158495267605
105,2023,7,-0.602648428993433,0.040279907455880316,0.8973070700273262,1,31,80.32158495267605,0,1.9773799986626752,0.009895951544262371,0.10690455776816878,0.5312480409034956,0.043515243334086254,0.07000640525760188,0.2322496176977322,0.01934261771738493,0.19152976080549203,76.15721840696324,0.0,79.45310977204606
105,2024,7,-0.602648428993433,0.040279907455880316,0.8973070700273262,1,32,79.45310977204606,1,1.8704468601828794,0.10400370972704917,0.2787500330922317,0.541253759871891,-0.006352414324914131,0.06376584195400625,0.16202701888675552,-0.05727709739002757,0.2322496176977322,80.32158495267605,0.0,
106,2015,7,-2.100820702304289,0.011378069371754744,0.002003694598537615,1,21,45.8553100900503,0,1.185946201362836,0.1542020850966297,0.31770690168793936,0.4169545690698008,0.004438689682229997,0.03468725069468802,0.16173077157299218,-0.0025514744010484637,,,,42.403578435144574
106,2016,7,-2.100820702304289,0.011378069371754744,0.002003694598537615,1,22,42.403578435144574,0,0.820639692747101,-0.025295924870169982,0.2456835307740791,0.5777044365204519,-0.022676193589017513,0.05712368718881714,0.16401044498099526,0.03655536355495843,0.16173077157299218,45.8553100900503,0.0,37.99146654662456
106,2017,7,-2.100820702304289,0.011378069371754744,0.002003694598537615,1,23,37.99146654662456,0,0.4800540089591633,0.07094801240601264,0.35370083807869984,0.47818713635204896,-0.023584784237659404,0.0616520924622333,0.17575882002979426,0.05723320223234058,0.16401044498099526,42.403578435144574,0.0,36.38501180411833
106,2018,7,-2.100820702304289,0.011378069371754744,0.002003694598537615,1,24,36.38501180411833,0,1.310816861160342,-0.10948934245450154,0.2389061462469655,0.5119887017208042,0.0066451569618133505,0.045472777802946084,0.21618899254091287,0.059979068339591636,0.17575882002979426,37.99146654662456,0.0,34.54182749873019
106,2019,7,-2.100820702304289,0.011378069371754744,0.002003694598537615,1,25,34.54182749873019,0,0.8863353524026004,0.02921050566405738,0.2604631145823418,0.37940911407362976,-0.001443332818715646,0.042317543192664814,0.13370906116180176,-0.008019924582281276,0.21618899254091287,36.38501180411833,0.0,36.01817804566694
106,2020,7,-2.100820702304289,0.011378069371754744,0.002003694598537615,1,26,36.01817804566694,0,1.2497050685169127,0.1031650851991492,0.10540104669387039,0.5154096817097831,-0.02911923437315241,0.042776112643987445,0.17035426706552717,0.00729931694632236,0.13370906116180176,34.54182749873019,0.0,34.58795789734265
106,2021,7,-2.100820702304289,0.011378069371754744,0.002003694598537615,1,27,34.58795789734265,0,1.2427589251254851,0.0435669820742558,0.17662182797209153,0.48078443970481055,-0.033927885222806375,0.051450915048225174,0.1337102962316808,-0.03178233457618944,0.17035426706552717,36.01817804566694,0.0,29.184835518584077
106,2022,7,-2.100820702304289,0.011378069371754744,0.002003694598537615,1,28,29.184835518584077,0,1.4229765750549266,0.000932486385036204,0.20387309759875932,0.6406972640891888,-0.029848626011533798,0.04314000819273633,0.14100746305515674,-0.029784132113150424,0.1337102962316808,34.58795789734265,0.0,31.87667656547157
106,2023,7,-2.100820702304289,0.011378069371754744,0.002003694598537615,1,29,31.87667656547157,0,1.9267062627735476,-0.13794033256332014,0.2751512739372634,0.5985450390852894,0.0019906598026090717,0.012289337151552518,0.1279104952151079,-0.06513993939364321,0.14100746305515674,29.184835518584077,0.0,30.425320286376813
106,2024,7,-2.100820702304289,0.011378069371754744,0.002003694598537615,1,30,30.425320286376813,0,1.0562759807107807,0.028121115626219655,0.16226908383533026,0.29560779550229405,0.009376706743743534,0.05967671636973658,0.16822641167717675,0.010708791121896958,0.1279104952151079,31.87667656547157,0.0,
107,2015,3,-0.021714676635668843,1.0129018866973132,0.9628940029406102,1,21,61.808496584343054,0,1.5810387825724812,0.1635830624503414,0.24262838182051424,0.5603565427467483,0.035617950024131255,0.09026444155132314,0.2420559281390881,0.04848279187746082,,,,66.92417568901202
107,2016,3,-0.021714676635668843,1.0129018866973132,0.9628940029406102,1,22,66.92417568901202,0,1.4840375323469368,0.030618782755398838,0.11650093440880371,0.6434908009229062,0.0435501120940726,0.07796676116174923,0.1767999546967455,0.003456613239341683,0.2420559281390881,61.808496584343054,0.0,72.18198575451382
107,2017,3,-0.021714676635668843,1.0129018866973132,0.9628940029406102,1,23,72.18198575451382,0,1.9076654689082824,0.08688803072503751,0.14373115748364845,0.6940130119424671,0.02717883129592801,0.06897369220508166,0.18732524878497847,-0.016583534908194406,0.1767999546967455,66.92417568901202,0.0,75.76225995314321
107,2018,3,-0.021714676635668843,1.0129018866973132,0.9628940029406102,1,24,75.76225995314321,1,1.555320510689325,0.13497859773848364,0.2264003686804138,0.261219420802743,0.02633984693398933,0.06224576552553383,0.22685122501027533,0.03349512667722705,0.18732524878497847,72.18198575451382,0.0,76.09844820720457
107,2019,3,-0.021714676635668843,1.0129018866973132,0.9628940029406102,1,25,76.09844820720457,0,2.269423896878626,0.11554038315450438,0.1075995272254975,0.6093024374289006,0.03251833766831786,0.05255485575912722,0.20220156283615892,-0.029414882607760963,0.22685122501027533,75.76225995314321,1.0,65.20473232887949
107,2020,3,-0.021714676635668843,1.0129018866973132,0.9628940029406102,1,26,65.20473232887949,0,1.8398080924020852,0.2790933341819327,0.1706180349907233,0.46586533563823423,0.014191794493755497,0.06916995171728599,0.21338196068698814,-0.00917409926892833,0.20220156283615892,76.09844820720457,0.0,65.3995627780796
107,2021,3,-0.021714676635668843,1.0129018866973132,0.9628940029406102,1,27,65.3995627780796,0,2.0031176630355527,0.17129875878304304,0.12453108597457088,0.5490051853708412,0.02034321408004644,0.05456681071644304,0.14537345979998492,-0.07545270792919048,0.21338196068698814,65.20473232887949,0.0,72.49089408535593
107,2022,3,-0.021714676635668843,1.0129018866973132,0.9628940029406102,1,28,72.49089408535593,0,2.2181762166739856,0.21501583045080325,0.30095001647809255,0.5476897988018525,0.035624987340062315,0.07786389486952132,0.23721430354403364,-0.01212111466494197,0.14537345979998492,65.3995627780796,0.0,74.50388133761346
107,2023,3,-0.021714676635668843,1.0129018866973132,0.9628940029406102,1,29,74.50388133761346,0,2.26414297748225,0.21414692637008734,0.41867406206679497,0.5245952769780385,0.04819625859008632,0.07320732715260381,0.3260655780817627,0.06589819247767832,0.23721430354403364,72.49089408535593,0.0,77.94598834175198
107,2024,3,-0.021714676635668843,1.0129018866973132,0.9628940029406102,1,30,77.94598834175198,0,2.0971000613488786,0.10427211067240831,0.40575834014498247,0.5328787942977161,0.02924121098052061,0.0687747471688207,0.32272413227995433,0.08000121434899914,0.3260655780817627,74.50388133761346,0.0,
108,2015,9,1.465859930843363,2.3668254813033482,1.1666749524582067,1,13,72.58186466638381,0,2.9877289082365595,0.2967316055449312,0.23725837752815443,0.39333275056185457,0.0575837787619075,0.08424970152448649,0.34652159419799056,0.01428950513686123,,,,85.82830234169501
108,2016,9,1.465859930843363,2.3668254813033482,1.1666749524582067,1,14,85.82830234169501,0,2.207124675934006,0.2640493603701683,0.0834803185781748,0.5382279967700987,0.04644677594734675,0.09245418699681181,0.27531387848612815,-0.0026496868862820825,0.34652159419799056,72.58186466638381,0.0,84.9285614101036
108,2017,9,1.465859930843363,2.3668254813033482,1.1666749524582067,1,15,84.9285614101036,0,2.6104222006589475,0.39766146265101776,0.17988895820801,0.35191982370617275,0.07672679832797377,0.09016044101004646,0.3253461878208336,0.00442287017129,0.27531387848612815,85.82830234169501,0.0,90.27337476233721
108,2018,9,1.465859930843363,2.3668254813033482,1.1666749524582067,1,16,90.27337476233721,1,2.9774679855581256,0.2781459875063116,0.43246562548120876,0.5456808934233032,0.05541510344894346,0.05502018845176381,0.30815869430870724,-0.029515524485889105,0.3253461878208336,84.9285614101036,0.0,100.0
108,2019,9,1.465859930843363,2.3668254813033482,1.1666749524582067,1,17,100.0,0,3.0856913238906665,0.3364255140885273,0.19062616126061338,0.658296921515535,0.08097874999073781,0.06271738066440868,0.3441193567902807,0.0028212176361375276,0.30815869430870724,90.27337476233721,1.0,100.0
108,2020,9,1.465859930843363,2.3668254813033482,1.1666749524582067,1,18,100.0,0,2.512822521329142,0.21545309755483777,0.24427637154877646,0.4322428160817438,0.07679134747813925,0.0863854179352524,0.31932426592410995,0.013550871172257024,0.3441193567902807,100.0,0.0,100.0
108,2021,9,1.465859930843363,2.3668254813033482,1.1666749524582067,1,19,100.0,0,2.505731066938906,0.4605534427697784,0.34537897126047784,0.33749961216362584,0.05387019604291622,0.11706918314501194,0.3183160788725083,-0.01777684644151311,0.31932426592410995,100.0,0.0,100.0
108,2022,9,1.465859930843363,2.3668254813033482,1.1666749524582067,1,20,100.0,1,2.511138615734472,0.21816687296014697,0.20613561085937473,0.6043672983647077,0.07964278196927482,0.09922821055762515,0.2875364078593893,-0.01794020692703628,0.3183160788725083,100.0,0.0,100.0
108,2023,9,1.465859930843363,2.3668254813033482,1.1666749524582067,1,21,100.0,0,3.15261294445124,0.25924983430637016,0.46267444725639695,0.4619804624645663,0.08261229856240063,0.08581141932252884,0.325533797020112,-0.03630591472802104,0.2875364078593893,100.0,1.0,100.0
108,2024,9,1.465859930843363,2.3668254813033482,1.1666749524582067,1,22,100.0,0,3.3082985511933787,0.3162850895310862,0.23411657546007866,0.34417961386998003,0.07534843081344852,0.08851341047785154,0.3928192474524829,0.01873164274236562,0.325533797020112,100.0,0.0,
109,2015,6,-0.6689733891947697,0.08813691644245585,0.7657543512653902,1,11,58.06114329633682,0,1.0688019254772185,0.07905486106197014,0.21179623588502872,0.4428700829074751,0.04070741260418609,0.08290474383210564,0.14087175193461582,-0.02144385476497622,,,,62.14971192117494
109,2016,6,-0.6689733891947697,0.08813691644245585,0.7657543512653902,1,12,62.14971192117494,0,0.8697187371300439,-0.08721117641972126,0.15315423797265532,0.49418476332470945,0.0015962965104841954,0.03814078039863843,0.1471139645304514,0.022745468272717603,0.14087175193461582,58.06114329633682,0.0,58.43048766398025
109,2017,6,-0.6689733891947697,0.08813691644245585,0.7657543512653902,1,13,58.43048766398025,1,1.2814640111676416,0.11829039138822009,0.24151647098541046,0.7340572077632745,0.01367161481560652,0.03222264732535517,0.13762501026862836,-0.029610553746884174,0.1471139645304514,62.14971192117494,0.0,58.11445427142276
109,2018,6,-0.6689733891947697,0.08813691644245585,0.7657543512653902,1,14,58.11445427142276,0,1.3779128200521988,0.18139606606503317,0.2771184906427764,0.631796811815813,0.01622259315557234,0.03300582343105634,0.15569566935893964,-0.02695901179946249,0.13762501026862836,58.43048766398025,1.0,63.122545244175626
109,2019,6,-0.6689733891947697,0.08813691644245585,0.7657543512653902,1,15,63.122545244175626,0,1.3558010173356672,-0.008528056692428003,0.20275336963702228,0.6648232100687009,0.024797648329726814,0.014050201974222964,0.17556884705295822,0.014630875562187038,0.15569566935893964,58.11445427142276,0.0,67.89138145603152
109,2020,6,-0.6689733891947697,0.08813691644245585,0.7657543512653902,1,16,67.89138145603152,0,1.2541327077888618,-0.055786503695812,0.2824644202418359,0.6409035486884772,0.012123885020718683,0.03012349377823316,0.15707464350156009,-0.001815021805906426,0.17556884705295822,63.122545244175626,0.0,71.83817869508705
109,2021,6,-0.6689733891947697,0.08813691644245585,0.7657543512653902,1,17,71.83817869508705,0,1.215791298856964,-0.020054196180903837,0.19411131271442628,0.5900997832741147,0.0167086804929956,0.05345022276306804,0.16703372497446856,0.004608075672404512,0.15707464350156009,67.89138145603152,0.0,72.1963752396787
109,2022,6,-0.6689733891947697,0.08813691644245585,0.7657543512653902,1,18,72.1963752396787,0,1.3982302907556412,-0.08405899814466081,0.28382929119821454,0.4595747793104591,0.035568994048162356,0.059772442560368955,0.16794073412782123,-0.010747542183077816,0.16703372497446856,71.83817869508705,0.0,69.65243795731759
109,2023,6,-0.6689733891947697,0.08813691644245585,0.7657543512653902,1,19,69.65243795731759,0,1.4940394900434066,0.022074431172372247,0.14907703881763928,0.47972376779223835,-0.005627306404112811,0.012710675064565982,0.14957683003348426,-0.02890662559667633,0.16794073412782123,72.1963752396787,0.0,74.15699859199128
109,2024,6,-0.6689733891947697,0.08813691644245585,0.7657543512653902,1,20,74.15699859199128,0,1.8635808637139892,0.1074808621612679,0.3962352294526356,0.6202402082943178,0.021055016852938358,0.035797641479466354,0.2651133143995559,0.04256797391297455,0.14957683003348426,69.65243795731759,0.0,
110,2015,3,-0.29882047389111605,0.3715990044232549,-1.5093201996062755,0,20,61.47188985969939,0,0.8904081141548137,0.09165901440714443,0.272968146498461,0.2502280317423184,0.06349296728772874,0.08305430100054599,0.12331867691562648,-0.013963315072501016,,,,52.57721886292804
110,2016,3,-0.29882047389111605,0.3715990044232549,-1.5093201996062755,0,21,52.57721886292804,0,1.8495815756105787,0.06664860563353321,0.3011754494224602,0.29214504425641297,0.045023862329871274,0.025385715714459717,0.25280130770366566,0.06216782561832209,0.12331867691562648,61.47188985969939,0.0,58.24222058327504
110,2017,3,-0.29882047389111605,0.3715990044232549,-1.5093201996062755,0,22,58.24222058327504,1,1.4266641385389904,-0.019763618788366022,0.3870033694990177,0.2874789539076934,0.05775813607087246,0.07896865973482964,0.1707061542257355,-0.0047861264641773735,0.25280130770366566,52.57721886292804,0.0,56.786479346198206
110,2018,3,-0.29882047389111605,0.3715990044232549,-1.5093201996062755,0,23,56.786479346198206,0,1.3243646482319982,0.0013006944868925313,0.32599817339571435,0.3732850117126171,0.05103194333406559,0.05838380293492896,0.102127034606081,-0.05749656691817781,0.1707061542257355,58.24222058327504,1.0,63.66639310373128
110,2019,3,-0.29882047389111605,0.3715990044232549,-1.5093201996062755,0,24,63.66639310373128,0,1.5162909212264746,0.09363549801417406,0.4400927905955731,0.34121255881412216,0.06814241891284709,0.07359971557991551,0.15079117663232589,-0.03586238074191935,0.102127034606081,56.786479346198206,0.0,66.74047247988231
110,2020,3,-0.29882047389111605,0.3715990044232549,-1.5093201996062755,0,25,66.74047247988231,0,0.9295395413843193,0.057588529690568276,0.3869197095369298,0.28303999843041405,0.07210814200439111,0.09366145666541642,0.16495511241283745,0.015574180581375491,0.15079117663232589,63.66639310373128,0.0,68.35193124632725
110,2021,3,-0.29882047389111605,0.3715990044232549,-1.5093201996062755,0,26,68.35193124632725,0,1.6444881933284976,0.28353068381853624,0.3651983526500427,0.22016392072281263,0.024030981022316593,0.0472336091392075,0.1623905070327692,-0.04517134672336847,0.16495511241283745,66.74047247988231,0.0,66.04458452618994
110,2022,3,-0.29882047389111605,0.3715990044232549,-1.5093201996062755,0,27,66.04458452618994,0,1.5728502251535976,0.10983415757015155,0.40208134156747927,0.26498921098214895,0.05593947131330845,0.05185993520039401,0.17117364547287842,-0.020804654235600146,0.1623905070327692,68.35193124632725,0.0,68.82935973883781
110,2023,3,-0.29882047389111605,0.3715990044232549,-1.5093201996062755,0,28,68.82935973883781,1,1.9761783850060115,0.23228519022874117,0.30291249909235096,0.42156945940958374,0.07807175748032963,0.07926910297864483,0.20646511706476967,-0.02425214575885029,0.17117364547287842,66.04458452618994,0.0,71.93211083304155
110,2024,3,-0.29882047389111605,0.3715990044232549,-1.5093201996062755,0,29,71.93211083304155,1,1.4715594014697406,0.19157151981962173,0.379432090161768,0.2828717808480521,0.05591804243483759,0.06205012291820702,0.2004972938198788,0.0047073051311291155,0.20646511706476967,68.82935973883781,1.0,
111,2015,5,-1.6355677938681918,0.3748958008642394,-0.5186269777026007,0,9,51.84511104467347,0,1.2884284497044352,0.07177687723296156,0.23517890619241488,0.6136503254770704,0.009384072266431618,0.05658190952958008,0.21962806037355564,0.06153432680105746,,,,45.858667974323915
111,2016,5,-1.6355677938681918,0.3748958008642394,-0.5186269777026007,0,10,45.858667974323915,0,1.1808137991127599,0.12880090919171583,0.168803384202756,0.3998115978724653,0.014609559278494198,0.07196353331370481,0.14782999226462315,-0.016558227574032264,0.21962806037355564,51.84511104467347,0.0,49.00833115423502
111,2017,5,-1.6355677938681918,0.3748958008642394,-0.5186269777026007,0,11,49.00833115423502,0,1.4465635600721438,0.15316522492663467,0.22832481848352787,0.2682585912063236,-0.004997734966816808,0.06507922697097404,0.19385555271795907,0.007682644454851,0.14782999226462315,45.858667974323915,0.0,53.06352395237268
111,2018,5,-1.6355677938681918,0.3748958008642394,-0.5186269777026007,0,12,53.06352395237268,0,1.6324707530089715,0.026084349936064954,0.36961326267563743,0.27231309129815573,0.025026561547601793,0.059911091260768684,0.1694627303925962,-0.026486953699387434,0.19385555271795907,49.00833115423502,0.0,47.17428986301927
111,2019,5,-1.6355677938681918,0.3748958008642394,-0.5186269777026007,0,13,47.17428986301927,0,1.1261013314399546,-0.009881862109972356,0.14149360704325092,0.3344220842820084,0.002582548034040958,0.06972558652399513,0.09375653287965646,-0.05735126110735472,0.1694627303925962,53.06352395237268,0.0,48.013021375563795
111,2020,5,-1.6355677938681918,0.3748958008642394,-0.5186269777026007,0,14,48.013021375563795,0,1.382303592677494,-0.04507463914168594,0.19174833545532516,0.3939531070699669,0.008482351274990987,0.0850940308792211,0.1782807160421366,0.009305839672887768,0.09375653287965646,47.17428986301927,0.0,47.61203170095011
111,2021,5,-1.6355677938681918,0.3748958008642394,-0.5186269777026007,0,15,47.61203170095011,0,1.9319848390186034,-0.07755737550223424,0.22721587727823545,0.2763652924899925,0.001975961138207348,0.05956155583616033,0.19394452708155116,-0.012515653081558442,0.1782807160421366,48.013021375563795,0.0,46.14680451899033
111,2022,5,-1.6355677938681918,0.3748958008642394,-0.5186269777026007,0,16,46.14680451899033,0,2.0254518017605845,0.05644419375821869,0.25797653948857874,0.44887551234448025,-0.006093006387922292,0.04426261655304377,0.24011042325574194,0.02105652143491575,0.19394452708155116,47.61203170095011,0.0,52.6911455273081
111,2023,5,-1.6355677938681918,0.3748958008642394,-0.5186269777026007,0,17,52.6911455273081,0,1.5274851617564849,0.15972803016126536,0.16719904779468728,0.5358266968500838,0.02565882448069327,0.044117655208273016,0.14410599835690077,-0.045676658120279295,0.24011042325574194,46.14680451899033,0.0,54.47450268318828
111,2024,5,-1.6355677938681918,0.3748958008642394,-0.5186269777026007,0,18,54.47450268318828,0,1.840880024060099,0.09426038053047693,0.21792419336853142,0.4051151711912775,0.007931146983569814,0.10206448124144737,0.23649322186447497,0.014587196075237285,0.14410599835690077,52.6911455273081,0.0,
112,2015,1,0.2785115234844334,-0.4630263629110951,-0.3039454977057468,0,19,63.688780119855274,0,1.1359163345202232,-0.1292541881236814,0.21363597027147327,0.2588923767887919,0.0721245946959335,0.0386267073074391,0.1282563867563691,0.012192477923351415,,,,60.74406028499636
112,2016,1,0.2785115234844334,-0.4630263629110951,-0.3039454977057468,0,20,60.74406028499636,0,0.7433802061582069,0.03489635816534084,0.6773630209293338,0.45101720833082243,0.06419386473532472,0.06184499323547482,0.10146545060479449,-0.018833599319748442,0.1282563867563691,63.688780119855274,0.0,59.99098902879168
112,2017,1,0.2785115234844334,-0.4630263629110951,-0.3039454977057468,0,21,59.99098902879168,0,1.1239449668708876,-0.02173784510952426,0.2782971677931549,0.4825175759809393,0.04377223121655683,0.05556755674096739,0.12891217678326367,0.002136963490958158,0.10146545060479449,60.74406028499636,0.0,53.40352925747781
112,2018,1,0.2785115234844334,-0.4630263629110951,-0.3039454977057468,0,22,53.40352925747781,0,1.4064410688117148,0.04334323611554166,0.23967709413565147,0.4001320643276518,0.04331474463059856,0.06323310227972465,0.13756757770100234,-0.01771839134094815,0.12891217678326367,59.99098902879168,0.0,58.60674076642552
112,2019,1,0.2785115234844334,-0.4630263629110951,-0.3039454977057468,0,23,58.60674076642552,0,1.9599443045194462,0.03483683668715028,0.2597721548520248,0.2042686136965946,0.052417297509556496,0.0436649167008723,0.18930311210856443,-0.005121229061214839,0.13756757770100234,53.40352925747781,0.0,62.58266061788684
112,2020,1,0.2785115234844334,-0.4630263629110951,-0.3039454977057468,0,24,62.58266061788684,0,1.24916914332447,0.04345029505569413,0.2861525879839473,0.35980402906831277,0.04092324283013292,0.030600548647905602,0.13762567049561583,-0.00562003550316456,0.18930311210856443,58.60674076642552,0.0,70.33663594475492
112,2021,1,0.2785115234844334,-0.4630263629110951,-0.3039454977057468,0,25,70.33663594475492,0,0.8302924834531523,0.06505213382957004,0.2743898632368639,0.46876124540282393,0.05178620332625468,0.03601436332448661,0.12925425098019697,0.015646231605376797,0.13762567049561583,62.58266061788684,0.0,74.06581819733927
112,2022,1,0.2785115234844334,-0.4630263629110951,-0.3039454977057468,0,26,74.06581819733927,0,1.5877786274160226,0.04281348867384201,0.2296588694755472,0.31799995667552294,0.04263111693273222,0.04938966803881654,0.15330229363299552,-0.016593296249247488,0.12925425098019697,70.33663594475492,0.0,76.47662359299181
112,2023,1,0.2785115234844334,-0.4630263629110951,-0.3039454977057468,0,27,76.47662359299181,0,1.1488820737895205,-0.03563904918583223,0.333782227664388,0.29217501210688934,0.04096130365942259,0.05492121216373005,0.16218939671897034,0.02167740274963515,0.15330229363299552,74.06581819733927,0.0,76.64838907987674
112,2024,1,0.2785115234844334,-0.4630263629110951,-0.3039454977057468,0,28,76.64838907987674,0,1.695674599948164,-0.04283403025329281,0.26596011890871085,0.5226221665639845,0.047222252619655535,0.03849312035142332,0.19842262520977383,0.029164013084890965,0.16218939671897034,76.47662359299181,0.0,
113,2015,0,-1.3675778444075757,-0.23228159925402891,-0.9505446426490213,0,9,44.92641151617158,0,1.445270992416432,0.09293211666067688,0.16305721568577794,0.3736189731842677,0.0045019849492707285,0.050931667062135005,0.17377842349580572,0.021484101447863505,,,,44.96148976344031
113,2016,0,-1.3675778444075757,-0.23228159925402891,-0.9505446426490213,0,10,44.96148976344031,0,0.7710954745217187,0.06322450269227795,0.3411456060928359,0.29525541429988106,0.005045633957109304,0.02931027706188699,0.05748713336001736,-0.05093979423412717,0.17377842349580572,44.92641151617158,0.0,37.14719228918826
113,2017,0,-1.3675778444075757,-0.23228159925402891,-0.9505446426490213,0,11,37.14719228918826,0,0.8483125810999574,-0.0068959626563588235,0.21144381392091113,0.42514844031575605,0.0003164614168295679,0.022027242808342003,0.11617446704217935,0.019224307116076915,0.05748713336001736,44.96148976344031,0.0,35.074391842355894
113,2018,0,-1.3675778444075757,-0.23228159925402891,-0.9505446426490213,0,12,35.074391842355894,0,1.0755826266383224,0.09348241478350681,0.26400066520507354,0.3206389913824068,-0.03160648295173782,0.027129262064682913,0.15690002679278575,0.028564404387427793,0.11617446704217935,37.14719228918826,0.0,31.64916414607132
113,2019,0,-1.3675778444075757,-0.23228159925402891,-0.9505446426490213,0,13,31.64916414607132,0,1.4213665354900913,-0.044918381812226474,0.23787413208533126,0.5835030863655623,0.052439654150509045,0.028904857180045943,0.15726903306219006,0.01792079768297133,0.15690002679278575,35.074391842355894,0.0,30.23588119224746
113,2020,0,-1.3675778444075757,-0.23228159925402891,-0.9505446426490213,0,14,30.23588119224746,0,0.9754273643340088,-0.08842526966547458,0.17729937134704676,0.3611798093170786,0.051237706581742704,0.0487865720229398,0.1163084094139573,0.003971520610330453,0.15726903306219006,31.64916414607132,0.0,33.80782980782244
113,2021,0,-1.3675778444075757,-0.23228159925402891,-0.9505446426490213,0,15,33.80782980782244,0,1.4419057418919303,0.057212354496260595,0.21757051996373097,0.2679288294179892,-0.007884298464032907,0.04885865909492914,0.1305330684816688,-0.028051094601779642,0.1163084094139573,30.23588119224746,0.0,36.312730363717904
113,2022,0,-1.3675778444075757,-0.23228159925402891,-0.9505446426490213,0,16,36.312730363717904,0,0.6555163947228158,0.005674761075707368,0.2538407415828151,0.4874685058876702,0.0020074261785165675,0.05983519456394974,0.09264705602667489,-0.008364743053852345,0.1305330684816688,33.80782980782244,0.0,42.98902802582594
113,2023,0,-1.3675778444075757,-0.23228159925402891,-0.9505446426490213,0,17,42.98902802582594,0,1.5579986772681433,0.042114176960674654,0.22266431795304073,0.5098868592802621,0.009394054235829605,0.04855053937194078,0.17718501325938113,0.014682684527504012,0.09264705602667489,36.312730363717904,0.0,46.171828576663216
113,2024,0,-1.3675778444075757,-0.23228159925402891,-0.9505446426490213,0,18,46.171828576663216,0,1.2243745065772706,0.09383287133032965,0.3880877683878236,0.49732230307170344,0.028939820469648582,0.07846651197612037,0.17702973183484474,0.01714670799452715,0.17718501325938113,42.98902802582594,0.0,
114,2015,5,-0.01870027511141275,-0.05819731006097448,0.7789497404621446,0,5,63.31749560746241,0,0.8874520140454814,0.12198635321632298,0.11631650637999609,0.3945775138414123,0.043908671790962,0.07423599929759767,0.22409168097324159,0.08390176888154033,,,,63.29408995345504
114,2016,5,-0.01870027511141275,-0.05819731006097448,0.7789497404621446,0,6,63.29408995345504,0,1.1769076373388347,0.05020300978998544,0.14193260975286007,0.5201814140853315,0.04971092293738076,0.060445598570122064,0.23154727319787652,0.0763721081522121,0.22409168097324159,63.31749560746241,0.0,60.20292947608537
114,2017,5,-0.01870027511141275,-0.05819731006097448,0.7789497404621446,0,7,60.20292947608537,0,1.8383978465612592,0.07843624740852306,0.15417664085682584,0.5004118725027517,0.08811997751561469,0.06432278595633603,0.16190930976331241,-0.044624754413128694,0.23154727319787652,63.29408995345504,0.0,66.88421784096109
114,2018,5,-0.01870027511141275,-0.05819731006097448,0.7789497404621446,0,8,66.88421784096109,0,1.2619574993320906,-0.028434648549095762,0.3564360891652783,0.2504717771587788,0.043060693924840104,0.02559324270076375,0.15790133134779682,-0.0014994700637770521,0.16190930976331241,60.20292947608537,0.0,67.38465800342271
114,2019,5,-0.01870027511141275,-0.05819731006097448,0.7789497404621446,0,9,67.38465800342271,0,1.3355040927200161,0.20015510374259732,0.15737179825885178,0.5956955843703632,0.018835932407594826,0.03276291839649981,0.1376585316511777,-0.03336223017337075,0.15790133134779682,66.88421784096109,0.0,71.78499557434519
114,2020,5,-0.01870027511141275,-0.05819731006097448,0.7789497404621446,0,10,71.78499557434519,0,1.5755052201837605,0.27432392363070907,0.16280496136072953,0.49479729567558745,0.06188441620735021,0.05542675064080263,0.2107773338149288,0.00988331824443019,0.1376585316511777,67.38465800342271,0.0,85.07234115453019
114,2021,5,-0.01870027511141275,-0.05819731006097448,0.7789497404621446,0,11,85.07234115453019,0,1.9464141077013137,0.1274801514192052,0.22685933806856473,0.7279718983088268,0.029718753278732416,0.06023525336162669,0.24525559504763061,0.02670136622786929,0.2107773338149288,71.78499557434519,0.0,86.24213825232006
114,2022,5,-0.01870027511141275,-0.05819731006097448,0.7789497404621446,0,12,86.24213825232006,0,1.3515448803489853,0.047136485780281324,0.23882028815910467,0.6465785619595699,0.03210218934706574,0.08190830712986347,0.14666635380332688,-0.03329650899614674,0.24525559504763061,85.07234115453019,0.0,89.77946404539686
114,2023,5,-0.01870027511141275,-0.05819731006097448,0.7789497404621446,0,13,89.77946404539686,1,1.4488825541777244,0.1367934694470887,0.20494819389493704,0.5596901565171088,0.007697280993124486,0.03455750401883795,0.20267397225501174,0.02213603867288394,0.14666635380332688,86.24213825232006,0.0,86.92226019313657
114,2024,5,-0.01870027511141275,-0.05819731006097448,0.7789497404621446,0,14,86.92226019313657,1,1.9136659381167855,0.11349997314740654,0.31548958287140794,0.5166309451027612,0.03643230292248053,0.05460258334508214,0.2284482623179334,0.004907854772067614,0.20267397225501174,89.77946404539686,1.0,
115,2015,9,-0.3589388727329301,-0.6229216432823712,0.6760008795347361,1,16,60.22427106195464,0,1.1025037830232998,-0.1697145428665362,0.1850641080310391,0.42029906176312426,0.034246017622214735,0.033873892633876905,0.13917217070112087,0.0015351378976813943,,,,60.511099513599966
115,2016,9,-0.3589388727329301,-0.6229216432823712,0.6760008795347361,1,17,60.511099513599966,0,1.412923522070426,0.11328549379489439,0.37595848832705014,0.575026161784158,0.00947848790935598,0.035294051447543356,0.217906176198372,0.03142088090036206,0.13917217070112087,60.22427106195464,0.0,66.70426781623647
115,2017,9,-0.3589388727329301,-0.6229216432823712,0.6760008795347361,1,18,66.70426781623647,1,0.8716084155720252,-0.010435065530068703,0.11391728162210628,0.5070275940165082,0.009642354837146776,0.03547598017815889,0.16858805157876788,0.03342378989942828,0.217906176198372,60.511099513599966,0.0,69.43097605327618
115,2018,9,-0.3589388727329301,-0.6229216432823712,0.6760008795347361,1,19,69.43097605327618,0,1.317369574221044,-0.04901348616833999,0.36078268603831243,0.4258262258469652,0.017862217146897362,0.0071417397535825065,0.11068460469785316,-0.05564846066132773,0.16858805157876788,66.70426781623647,1.0,74.24783403296209
115,2019,9,-0.3589388727329301,-0.6229216432823712,0.6760008795347361,1,20,74.24783403296209,0,1.5113894982606364,-0.017983730168287027,0.26036640907538855,0.3076751612343245,0.004639588766019779,0.018057256696721452,0.1482847806714122,-0.03405300879595928,0.11068460469785316,69.43097605327618,0.0,75.96577462823453
115,2020,9,-0.3589388727329301,-0.6229216432823712,0.6760008795347361,1,21,75.96577462823453,0,1.8011235593045338,-0.14688042324815442,0.24194588424770924,0.4354557562125754,0.012721846444225736,0.05158351384813965,0.24201986001618098,0.04198566203140326,0.1482847806714122,74.24783403296209,0.0,84.00525614120974
115,2021,9,-0.3589388727329301,-0.6229216432823712,0.6760008795347361,1,22,84.00525614120974,0,1.3610412737645667,-0.06034340000054793,0.24153478051095656,0.5290989862614837,0.029629225205249535,0.0010480737156605205,0.17558351141883305,0.008907186903352557,0.24201986001618098,75.96577462823453,0.0,88.07151313519199
115,2022,9,-0.3589388727329301,-0.6229216432823712,0.6760008795347361,1,23,88.07151313519199,0,1.774025309503231,-0.029898327351569668,0.16633527673213508,0.6331158580621539,-0.002102310580641486,0.0520130710004212,0.21019270491324737,0.006431726597470058,0.17558351141883305,84.00525614120974,0.0,86.03229548716143
115,2023,9,-0.3589388727329301,-0.6229216432823712,0.6760008795347361,1,24,86.03229548716143,0,1.298281513549988,-0.08845594552688354,0.15951007798482017,0.6243621021493244,0.01878628710741532,0.036802806492509735,0.2015011333574166,0.036802395535755025,0.21019270491324737,88.07151313519199,0.0,87.08614425715521
115,2024,9,-0.3589388727329301,-0.6229216432823712,0.6760008795347361,1,25,87.08614425715521,1,1.6762045666044072,0.06417708989674309,0.21796667335529443,0.57432959958531,0.04506286818618338,0.04721455140551775,0.24430447278671644,0.03566658138481694,0.2015011333574166,86.03229548716143,0.0,
116,2015,8,-0.5198566488211266,-1.8541515932896548,-0.5915073289923827,1,27,56.023086570878135,0,0.5011150048343618,-0.09148215293105671,0.24756019913036442,0.24075833017423712,0.046011348898920286,0.05984931530987753,0.03172837760681074,-0.06919106093822738,,,,61.13328940843317
116,2016,8,-0.5198566488211266,-1.8541515932896548,-0.5915073289923827,1,28,61.13328940843317,1,-0.08092114201252193,-0.17432508698094387,0.3681976583666479,0.37446963801796307,0.00998105583606472,0.020077523982677828,0.0490800434109611,0.004537866455881062,0.03172837760681074,56.023086570878135,0.0,62.28238345399638
116,2017,8,-0.5198566488211266,-1.8541515932896548,-0.5915073289923827,1,29,62.28238345399638,0,0.18229880915331154,-0.09472709974898758,0.209191729174596,0.3490590792217364,0.0022366054778772196,0.022592016118391213,0.13955181345773088,0.07353656684767616,0.0490800434109611,61.13328940843317,1.0,69.30851353082383
116,2018,8,-0.5198566488211266,-1.8541515932896548,-0.5915073289923827,1,30,69.30851353082383,0,1.2128188790678325,-0.04138324724829505,0.26511015492260875,0.3282875044446165,0.004427105727328087,0.008193148807663513,0.11590885404907801,-0.02942939210988328,0.13955181345773088,62.28238345399638,0.0,75.11767078751771
116,2019,8,-0.5198566488211266,-1.8541515932896548,-0.5915073289923827,1,31,75.11767078751771,0,0.4889607735528842,-0.12331531698981044,0.17976328519017185,0.48998473833171846,0.016702915398334395,0.009298519556086508,0.05187827369002598,-0.031174040894506594,0.11590885404907801,69.30851353082383,0.0,76.07855228317815
116,2020,8,-0.5198566488211266,-1.8541515932896548,-0.5915073289923827,1,32,76.07855228317815,0,0.4111108262424896,-0.0801997696214242,0.10463058632915162,0.4359684923344428,0.03529394161024153,0.019432887787748817,0.02467429722292322,-0.05559466945104147,0.05187827369002598,75.11767078751771,0.0,80.45146019362164
116,2021,8,-0.5198566488211266,-1.8541515932896548,-0.5915073289923827,1,33,80.45146019362164,0,0.8195512650995809,-0.18120511554378865,0.14627099284335163,0.5901869817130193,0.01084147479446514,0.0005730021956121909,0.02898651553708051,-0.06668944946934584,0.02467429722292322,76.07855228317815,0.0,79.62705514910873
116,2022,8,-0.5198566488211266,-1.8541515932896548,-0.5915073289923827,1,34,79.62705514910873,0,0.9808571730059366,0.003910709147973868,0.2546916317227169,0.41660879343426754,0.029354659957452522,0.03320105853365535,0.14567496018347567,0.009249384423181508,0.02898651553708051,80.45146019362164,0.0,79.05814518318756
116,2023,8,-0.5198566488211266,-1.8541515932896548,-0.5915073289923827,1,35,79.05814518318756,0,0.9190143615926067,-0.06754910799779557,0.3169418329140694,0.46271755651283486,0.013016807437462967,0.018758166128588383,0.16127838110862286,0.031430258817452914,0.14567496018347567,79.62705514910873,0.0,81.18042821889276
116,2024,8,-0.5198566488211266,-1.8541515932896548,-0.5915073289923827,1,36,81.18042821889276,0,0.8880529704876754,-0.0706722387702654,0.13991666967335475,0.493213145126987,0.061367728808096975,0.013683348597368866,0.09810015973180529,-0.022980540765804126,0.16127838110862286,79.05814518318756,0.0,
117,2015,6,0.15272175516701192,0.938593023123987,-0.14224148918567558,1,7,60.63338727443663,0,1.640200122830986,0.10572086513502352,0.19844344965487462,0.46607045523324897,0.06770529944339836,0.08855503633189604,0.24584692556600207,0.03433289340220198,,,,66.85983835595857
117,2016,6,0.15272175516701192,0.938593023123987,-0.14224148918567558,1,8,66.85983835595857,0,1.5335306292021633,0.1267708436817396,0.2633641856500523,0.2882443240255424,0.04725537163049695,0.08263415595788587,0.18590851194284644,-0.02923334008829741,0.24584692556600207,60.63338727443663,0.0,74.81901580376658
117,2017,6,0.15272175516701192,0.938593023123987,-0.14224148918567558,1,9,74.81901580376658,0,1.633360760124756,0.28777639650540976,0.4444209306813881,0.4587096498500432,0.046017430482782666,0.09019800570741524,0.24579962963439203,0.007683800800054306,0.18590851194284644,66.85983835595857,0.0,83.91747569772122
117,2018,6,0.15272175516701192,0.938593023123987,-0.14224148918567558,1,10,83.91747569772122,0,1.8161073983918241,0.1375545812197565,0.3922982011186432,0.32505062672959734,0.05619823000466625,0.0992145178805443,0.25321117481263145,0.007818163645527251,0.24579962963439203,74.81901580376658,0.0,80.17470797635535
117,2019,6,0.15272175516701192,0.938593023123987,-0.14224148918567558,1,11,80.17470797635535,0,2.1595499185878175,0.26455969475286156,0.3593345686389236,0.5060043331041831,0.03591443682291522,0.04842680366640114,0.29186962181628917,0.02774291476002989,0.25321117481263145,83.91747569772122,0.0,81.53642438221479
117,2020,6,0.15272175516701192,0.938593023123987,-0.14224148918567558,1,12,81.53642438221479,0,1.5909008128812752,0.12031596709743,0.14532148598641853,0.406991306016354,0.05209598186759783,0.047731599588186596,0.22032776688115893,0.010339851496633053,0.29186962181628917,80.17470797635535,0.0,90.63132139231966
117,2021,6,0.15272175516701192,0.938593023123987,-0.14224148918567558,1,13,90.63132139231966,1,1.8696820457362582,0.060089136826460984,0.30571395859033146,0.3430034617386021,0.020041355372493203,0.05568593125201997,0.19565146593696078,-0.036425172575179854,0.22032776688115893,81.53642438221479,0.0,92.46488853406017
117,2022,6,0.15272175516701192,0.938593023123987,-0.14224148918567558,1,14,92.46488853406017,0,2.499626756440043,0.16984597061182574,0.26259231036202696,0.46099149380092197,0.04067520315957095,0.05630500363196705,0.3484029718741102,0.06735276722957376,0.19565146593696078,90.63132139231966,1.0,100.0
117,2023,6,0.15272175516701192,0.938593023123987,-0.14224148918567558,1,15,100.0,0,2.2363804136118812,0.21498707788058927,0.3164672698740397,0.4027412966672476,0.03491530667438236,0.03911833515517432,0.2844838541947704,0.013147814413583524,0.3484029718741102,92.46488853406017,0.0,100.0
117,2024,6,0.15272175516701192,0.938593023123987,-0.14224148918567558,1,16,100.0,0,2.137095605330669,0.29890984693284617,0.1907103443407026,0.4823818675678847,0.046242297248756455,0.06505678172007515,0.31989251144780456,0.05031854964611133,0.2844838541947704,100.0,0.0,
118,2015,5,-0.27129940279206455,2.8908073426543184,1.088923764739353,1,8,61.74112032509129,0,2.385822955970871,0.4387078890742192,0.22334930175876563,0.47308142497551886,0.012137134332284666,0.06794793320875928,0.27734584609038143,0.002097468490062892,,,,68.75034547613086
118,2016,5,-0.27129940279206455,2.8908073426543184,1.088923764739353,1,9,68.75034547613086,0,2.265018419148279,0.4678786827178887,0.2541093465688168,0.622778260421531,0.012515850848377447,0.09718285494472591,0.2434319930433051,-0.03716107164546655,0.27734584609038143,61.74112032509129,0.0,69.26102689246514
118,2017,5,-0.27129940279206455,2.8908073426543184,1.088923764739353,1,10,69.26102689246514,0,2.8771016987495024,0.3783860451161529,0.19380110960504615,0.6469330026914015,-0.017536394521727068,0.09790057703185898,0.3012461784801411,-0.012913285529389204,0.2434319930433051,68.75034547613086,0.0,72.50347958672002
118,2018,5,-0.27129940279206455,2.8908073426543184,1.088923764739353,1,11,72.50347958672002,0,2.741431772491025,0.23164334895685396,0.20020665297973733,0.5186642674294571,0.003323293480479876,0.12792355261434443,0.32287324061417844,0.016754561527598737,0.3012461784801411,69.26102689246514,0.0,81.20552179026855
118,2019,5,-0.27129940279206455,2.8908073426543184,1.088923764739353,1,12,81.20552179026855,1,2.395027022190375,0.36163087227390633,0.09758401223533658,0.46213860296476633,0.013186501145398332,0.0672313781188414,0.3062204566453638,0.02937762925601472,0.32287324061417844,72.50347958672002,0.0,87.45970887991916
118,2020,5,-0.27129940279206455,2.8908073426543184,1.088923764739353,1,13,87.45970887991916,0,2.682776751730486,0.277700058851388,0.0871093396338417,0.6038743654997621,0.04809859798515516,0.11162524973951471,0.2694109744411223,-0.02898940877650978,0.3062204566453638,81.20552179026855,1.0,85.00294372990713
118,2021,5,-0.27129940279206455,2.8908073426543184,1.088923764739353,1,14,85.00294372990713,0,2.671896453967909,0.3387997414669415,0.2104208574406744,0.6050635204517734,0.029128094420505332,0.09397801696077605,0.38382074238955866,0.08165220090129587,0.2694109744411223,87.45970887991916,0.0,84.54294392626441
118,2022,5,-0.27129940279206455,2.8908073426543184,1.088923764739353,1,15,84.54294392626441,1,3.3547861534592407,0.37511227590423946,0.19477334642026423,0.5916720889939237,0.007701884999607205,0.09653778712976895,0.38444645681728146,0.02646572438423748,0.38382074238955866,85.00294372990713,0.0,78.00636040545322
118,2023,5,-0.27129940279206455,2.8908073426543184,1.088923764739353,1,16,78.00636040545322,0,3.118856698674877,0.34946105360374696,0.2083922372746804,0.45344897645722027,0.028416755547202695,0.11928835967636423,0.3478720544702232,-0.0008889833516308254,0.38444645681728146,84.54294392626441,1.0,85.96082549458076
118,2024,5,-0.27129940279206455,2.8908073426543184,1.088923764739353,1,17,85.96082549458076,0,3.205343609745269,0.5248280864013211,0.15718707264713977,0.530880805391864,0.0009508750356565614,0.15566415628841374,0.35559872727577463,-0.017269297236661697,0.3478720544702232,78.00636040545322,0.0,
119,2015,1,-0.922831426489847,-0.7276034203193121,0.3194991144046543,0,7,55.34690652465066,0,0.911630215213846,-0.16114227024469785,0.22020912042765659,0.41299255424482284,0.015540757265355405,0.04554004300334864,0.10734234763062649,0.008844888055052288,,,,51.40698989619981
119,2016,1,-0.922831426489847,-0.7276034203193121,0.3194991144046543,0,8,51.40698989619981,0,0.2868529765718497,0.004803656223635024,0.18041315117564496,0.4271756998683698,-0.0028987778478374807,0.034327730834487105,0.1480048064429454,0.08446581426399644,0.10734234763062649,55.34690652465066,0.0,49.48868047443991
119,2017,1,-0.922831426489847,-0.7276034203193121,0.3194991144046543,0,9,49.48868047443991,0,1.2682590233884783,0.017334759742152296,0.27790164957718,0.6646052796170836,0.035633570952957556,0.03849495307836343,0.18197372907412213,0.04627646867102076,0.1480048064429454,51.40698989619981,0.0,43.67667578362532
119,2018,1,-0.922831426489847,-0.7276034203193121,0.3194991144046543,0,10,43.67667578362532,0,0.6739032755547513,-0.1927481697737747,0.10712768696283664,0.6064811112992492,0.032721097992313784,-0.019053396875544595,0.07151207928172118,0.009154002799763914,0.18197372907412213,49.48868047443991,0.0,42.68603864088886
119,2019,1,-0.922831426489847,-0.7276034203193121,0.3194991144046543,0,11,42.68603864088886,0,0.8150936940604683,0.044668596023319816,0.3457026902594757,0.5185489224802993,0.025462062109145367,0.06317908112479932,0.13564160682199194,0.01961372689838387,0.07151207928172118,43.67667578362532,0.0,50.9369472407288
119,2020,1,-0.922831426489847,-0.7276034203193121,0.3194991144046543,0,12,50.9369472407288,0,0.9413322408152345,-0.07799209882607969,0.27522535284443866,0.5603247828544908,0.06610479816814573,0.019275744278516766,0.1372692807033113,0.031676160927571785,0.13564160682199194,42.68603864088886,0.0,52.20097903985378
119,2021,1,-0.922831426489847,-0.7276034203193121,0.3194991144046543,0,13,52.20097903985378,0,0.8651959779492666,0.05439785359940235,0.2893093647806187,0.3301870875000307,0.01092093173357708,0.04548794564419881,0.09059616427776843,-0.031317857363364086,0.1372692807033113,50.9369472407288,0.0,52.71835328833338
119,2022,1,-0.922831426489847,-0.7276034203193121,0.3194991144046543,0,14,52.71835328833338,0,1.1834096828491403,-0.006404322303967966,0.30904040359932083,0.4724645997900789,0.016465063705130827,0.0528626593442585,0.11077321562210697,-0.02804781838281738,0.09059616427776843,52.20097903985378,0.0,56.9521629935053
119,2023,1,-0.922831426489847,-0.7276034203193121,0.3194991144046543,0,15,56.9521629935053,0,1.5461598852413307,-0.125426260904384,0.07763861050419256,0.5415918600372199,-0.002966116023744218,0.0026122172941066557,0.14906744914319764,0.012975304683112213,0.11077321562210697,52.71835328833338,0.0,58.105816621643825
119,2024,1,-0.922831426489847,-0.7276034203193121,0.3194991144046543,0,16,58.105816621643825,0,1.8561478661286503,0.06541897742770175,0.3585672678709089,0.712538461870917,0.004507805386849322,0.03528613800689135,0.20761196901526155,0.01889650890615015,0.14906744914319764,56.9521629935053,0.0,
120,2015,2,0.21890797000259035,0.5654427445363869,-0.584471146393071,0,9,66.75259183381921,0,1.078264657280047,0.06715481895682895,0.24495299480232485,0.2045116108479578,0.048308407935746894,0.07873391248573826,0.1608496686737746,0.022053964455623364,,,,63.902415385809604
120,2016,2,0.21890797000259035,0.5654427445363869,-0.584471146393071,0,10,63.902415385809604,0,1.398378640085494,0.07748868098870591,0.31511670927821506,0.3091351347701038,0.012936935549115715,0.06916674884839635,0.0771945426619382,-0.08558597734803614,0.1608496686737746,66.75259183381921,0.0,71.00495002339674
120,2017,2,0.21890797000259035,0.5654427445363869,-0.584471146393071,0,11,71.00495002339674,0,1.8217915590644547,0.1871089568135521,0.34906225024075205,0.4233462533193232,0.04622625908015752,0.03221369058888912,0.1788780163677477,-0.010468089647319252,0.0771945426619382,63.902415385809604,0.0,70.25968070807735
120,2018,2,0.21890797000259035,0.5654427445363869,-0.584471146393071,0,12,70.25968070807735,1,1.6984984817063584,0.018189385276575737,0.2567832660801501,0.4935300163448927,0.047652512689136256,0.0752462806968027,0.21941741305766133,0.041407445198492245,0.1788780163677477,71.00495002339674,0.0,73.41441750679897
120,2019,2,0.21890797000259035,0.5654427445363869,-0.584471146393071,0,13,73.41441750679897,0,2.164373116540638,0.04179414180569341,0.21792965419475085,0.3272561885904916,0.03722336895015212,0.039727055942850587,0.19730645853022008,-0.010967600181360665,0.21941741305766133,70.25968070807735,1.0,74.80145305006737
120,2020,2,0.21890797000259035,0.5654427445363869,-0.584471146393071,0,14,74.80145305006737,0,2.3806889422637845,0.1723331205389739,0.2256128387228635,0.3885245741030762,0.08464760037625482,0.10244084830070119,0.27971366109922663,0.032690701828926964,0.19730645853022008,73.41441750679897,0.0,72.0399829295566
120,2021,2,0.21890797000259035,0.5654427445363869,-0.584471146393071,0,15,72.0399829295566,0,1.6251624971519778,0.1371343518613777,0.4081180365708234,0.39294860970717455,0.07059109810686066,0.08863370254754446,0.20040001493311313,0.0018871566209656512,0.27971366109922663,74.80145305006737,0.0,74.34762694230447
120,2022,2,0.21890797000259035,0.5654427445363869,-0.584471146393071,0,16,74.34762694230447,0,1.939636965863168,0.001803965798754123,0.3929046805409758,0.5113348329397732,0.06616830400455712,0.05847487273435747,0.11033073408705622,-0.0886696301280994,0.20040001493311313,72.0399829295566,0.0,77.35398977188866
120,2023,2,0.21890797000259035,0.5654427445363869,-0.584471146393071,0,17,77.35398977188866,0,1.9235064946184781,0.1791907474610438,0.25918599774259377,0.45588213930428173,0.06144693393206934,0.049886460053347556,0.1986914186484493,-0.004674056045500948,0.11033073408705622,74.34762694230447,0.0,79.26684479314798
120,2024,2,0.21890797000259035,0.5654427445363869,-0.584471146393071,0,18,79.26684479314798,0,2.045078666419454,0.24168900341774058,0.11419003982585908,0.3366205339076274,0.035247677397140534,0.060160462237265434,0.21053942164816952,-0.00955096910060525,0.1986914186484493,77.35398977188866,0.0,
121,2015,3,-0.1857712452068939,-1.1455044326960109,0.9222037967343966,1,16,67.17752589401341,0,0.9190165185948843,-0.1518589366495343,0.1078935241807252,0.4672620294818095,0.04085114470855217,0.05003050380658458,0.09462756062097329,0.002210352348183024,,,,66.33363089828163
121,2016,3,-0.1857712452068939,-1.1455044326960109,0.9222037967343966,1,17,66.33363089828163,0,0.47537935400053827,-0.005971825031401014,0.15330837785459547,0.5126746873892315,0.06745260847848591,0.04423661921197798,0.04796377964436851,-0.023891823679403963,0.09462756062097329,67.17752589401341,0.0,66.79218824569041
121,2017,3,-0.1857712452068939,-1.1455044326960109,0.9222037967343966,1,18,66.79218824569041,0,0.7581868118983136,-0.08201203702827023,0.20230242206772114,0.5247096889910091,-0.001830288289011637,0.04435415247672613,0.09342312267015948,0.006582051357969631,0.04796377964436851,66.33363089828163,0.0,72.85507029482079
121,2018,3,-0.1857712452068939,-1.1455044326960109,0.9222037967343966,1,19,72.85507029482079,0,1.136546032620173,0.008960826479939683,0.19787686549613717,0.6480692389022226,0.04113863522353618,0.03727189587478046,0.11940658235005656,0.0006706092151729142,0.09342312267015948,66.79218824569041,0.0,65.72630218952881
121,2019,3,-0.1857712452068939,-1.1455044326960109,0.9222037967343966,1,20,65.72630218952881,0,0.6814122326568394,-0.0495037290751421,0.31238105901669877,0.4610194775547238,0.042923292464199236,-0.017168759395044655,0.11326149047713496,0.03400711215210452,0.11940658235005656,72.85507029482079,0.0,67.17999672691863
121,2020,3,-0.1857712452068939,-1.1455044326960109,0.9222037967343966,1,21,67.17999672691863,0,0.948830395357717,-0.05201026381297521,0.26712638599715116,0.3270654127694123,0.011028053102668309,0.029255870916495688,0.13553419578033835,0.02545868980503053,0.11326149047713496,65.72630218952881,0.0,68.56668092973655
121,2021,3,-0.1857712452068939,-1.1455044326960109,0.9222037967343966,1,22,68.56668092973655,0,0.9829934159233646,-0.02697473083173519,0.29714549792949796,0.4322469782122823,0.03307388047666706,0.04461271598316541,0.1623947132146082,0.043581111035505396,0.13553419578033835,67.17999672691863,0.0,71.09618367413937
121,2022,3,-0.1857712452068939,-1.1455044326960109,0.9222037967343966,1,23,71.09618367413937,0,1.0874838632218484,-0.16287304137501513,0.16788679253068622,0.5905245373198811,-0.010354071067168645,0.05297487869178826,0.09969729112405931,-0.012728633855478894,0.1623947132146082,68.56668092973655,0.0,73.31726526380072
121,2023,3,-0.1857712452068939,-1.1455044326960109,0.9222037967343966,1,24,73.31726526380072,0,0.6192777668013859,0.10432864015956614,0.32904163464095204,0.5851416743837785,0.025726772918552163,0.0073685758075550944,0.15167761581167422,0.05793253989630851,0.09969729112405931,71.09618367413937,0.0,75.68480812494404
121,2024,3,-0.1857712452068939,-1.1455044326960109,0.9222037967343966,1,25,75.68480812494404,1,1.1476947261627763,-0.04040553325966301,0.2064801606012542,0.40739919526409224,0.013592748636462228,0.030315707274037366,0.09653473959228347,-0.030351325106059774,0.15167761581167422,73.31726526380072,0.0,
122,2015,2,-1.769526646856526,1.4810939809215733,1.4526459472714333,1,24,44.87460066949253,0,2.056747279113694,0.16518588981864543,0.13654169810291922,0.7821075800105114,-0.03253617053154919,0.05643366578355895,0.1431408731291767,-0.05762252026751701,,,,38.81248228012054
122,2016,2,-1.769526646856526,1.4810939809215733,1.4526459472714333,1,25,38.81248228012054,0,1.5698197608072386,0.07536048755597073,0.14090184694146293,0.5099338973792181,-0.020917821282320233,0.07797720026976847,0.179152513807604,0.007394276874001124,0.1431408731291767,44.87460066949253,0.0,41.27664591055828
122,2017,2,-1.769526646856526,1.4810939809215733,1.4526459472714333,1,26,41.27664591055828,0,0.8216873098482046,0.2510696400124323,0.2231513740716193,0.4461325754048845,-0.01734850689296083,0.03914565262434086,0.14477220246268466,0.014848741951589446,0.179152513807604,38.81248228012054,0.0,42.626958469676424
122,2018,2,-1.769526646856526,1.4810939809215733,1.4526459472714333,1,27,42.626958469676424,0,1.8802235798244993,0.2463744655578318,0.09706047867638193,0.46549151228772945,-0.02864867019489256,0.08398430583137612,0.23076920944431428,0.021752410981152027,0.14477220246268466,41.27664591055828,0.0,40.06040092285866
122,2019,2,-1.769526646856526,1.4810939809215733,1.4526459472714333,1,28,40.06040092285866,0,1.7812096232797012,0.21669833323063045,0.10294008399342937,0.7016168241726013,-0.05026430019694066,0.06051099425882801,0.22671501118582885,0.032288335450502664,0.23076920944431428,42.626958469676424,0.0,37.56946678311521
122,2020,2,-1.769526646856526,1.4810939809215733,1.4526459472714333,1,29,37.56946678311521,0,1.829301207566595,0.02487675153074162,0.16297488174525665,0.6355682253571421,-0.03139718021050909,0.0702306787157695,0.14950563142385653,-0.04028455977010234,0.22671501118582885,40.06040092285866,0.0,39.707281606559974
122,2021,2,-1.769526646856526,1.4810939809215733,1.4526459472714333,1,30,39.707281606559974,0,1.7333181940593947,0.08976530462300855,0.1833857918645841,0.5514683125354917,-0.018841154546153985,0.07343584009669131,0.16557859706865413,-0.023622463772629908,0.14950563142385653,37.56946678311521,0.0,43.78769219955637
122,2022,2,-1.769526646856526,1.4810939809215733,1.4526459472714333,1,31,43.78769219955637,0,1.815539100666787,0.24410197157730767,0.14049863378810318,0.5001651921265077,-0.018045886313419517,0.046684831466240806,0.23465283268076734,0.03328883090814422,0.16557859706865413,39.707281606559974,0.0,50.41814967971434
122,2023,2,-1.769526646856526,1.4810939809215733,1.4526459472714333,1,32,50.41814967971434,0,2.0496941885486626,0.2201782660312343,0.14635157531876136,0.5567828532047375,-0.012914287260787884,0.05404114205668369,0.1925567959439095,-0.027699068800880095,0.23465283268076734,43.78769219955637,0.0,52.57952008108796
122,2024,2,-1.769526646856526,1.4810939809215733,1.4526459472714333,1,33,52.57952008108796,0,1.964252441439266,0.22455420416629934,0.11664745853601215,0.4228107538733297,-0.01939635475865862,0.07206923963278589,0.2371821389868447,0.017534046322300385,0.1925567959439095,50.41814967971434,0.0,
123,2015,1,-1.2302853215779914,1.579395054181425,0.5135232346619218,0,29,54.206582142261254,0,1.948962255773059,0.12851173754061196,0.2083472470814888,0.5490323500793078,-0.011194125809580416,0.061951100095044516,0.17635455029860617,-0.022736191993144566,,,,52.34933540638542
123,2016,1,-1.2302853215779914,1.579395054181425,0.5135232346619218,0,30,52.34933540638542,0,1.613942833347218,0.27851179189413544,0.3286609939408056,0.6428852473884648,-0.0013678142471286502,0.06538089055663864,0.17000515636459315,-0.023167120488992075,0.17635455029860617,54.206582142261254,0.0,55.76156171051024
123,2017,1,-1.2302853215779914,1.579395054181425,0.5135232346619218,0,31,55.76156171051024,0,1.6636353135065827,0.24263160010407026,0.2506596951845396,0.6459715244493711,0.012220935961280568,0.05494828075211672,0.21946752266744965,0.029915114073259867,0.17000515636459315,52.34933540638542,0.0,53.62267732987231
123,2018,1,-1.2302853215779914,1.579395054181425,0.5135232346619218,0,32,53.62267732987231,0,2.0631832472316836,0.23500618188277836,0.318753723319775,0.3715773573584047,-0.01797957495496512,0.09230025344939982,0.21326046988516184,-0.022332910236533835,0.21946752266744965,55.76156171051024,0.0,56.36504448082879
123,2019,1,-1.2302853215779914,1.579395054181425,0.5135232346619218,0,33,56.36504448082879,0,1.6387172117911462,0.32773930421440245,0.15513945286630426,0.46230947761352403,-0.022365065110571205,0.0916232989444191,0.16527384201538678,-0.04082927578635381,0.21326046988516184,53.62267732987231,0.0,53.052649649571315
123,2020,1,-1.2302853215779914,1.579395054181425,0.5135232346619218,0,34,53.052649649571315,0,1.8474538170734451,0.1747555454926228,0.11732518538840878,0.5064445160385042,-0.0029226244445413625,0.07852701622173815,0.18898376900401648,-0.014447522208316823,0.16527384201538678,56.36504448082879,0.0,52.51360649078592
123,2021,1,-1.2302853215779914,1.579395054181425,0.5135232346619218,0,35,52.51360649078592,0,2.3354565684717996,0.21898116360864558,0.11240047160876004,0.516344728407815,-0.03130858032610461,0.10507484171280662,0.19222230437347987,-0.05627137929805248,0.18898376900401648,53.052649649571315,0.0,54.1353188314742
123,2022,1,-1.2302853215779914,1.579395054181425,0.5135232346619218,0,36,54.1353188314742,0,2.4044255264612255,0.07326298245527949,0.14299357003002547,0.3096143781578987,-0.0022140196143724715,0.08292300741302319,0.2295997883387043,-0.013603190403809211,0.19222230437347987,52.51360649078592,0.0,54.50836845993754
123,2023,1,-1.2302853215779914,1.579395054181425,0.5135232346619218,0,37,54.50836845993754,0,2.472088853695556,0.11672695916121985,0.27826468090564077,0.658703824686377,0.00551108107175799,0.08245192699379957,0.23313048969488098,-0.018719462492476472,0.2295997883387043,54.1353188314742,0.0,58.07136205868748
123,2024,1,-1.2302853215779914,1.579395054181425,0.5135232346619218,0,38,58.07136205868748,0,1.752488862223665,0.12015893130753923,0.16513261690819941,0.6342479760695968,0.02309783665832435,0.07626219910078248,0.12996576953973818,-0.06795010132282475,0.23313048969488098,54.50836845993754,0.0,
124,2015,8,0.28575946734154783,0.19463508566471316,0.24030686207149834,1,12,60.117539001274416,0,1.261848132867057,-0.03518391568375637,0.2598963633272073,0.41793408151917666,0.046762180842221036,0.07980537981083739,0.1655910293577309,-0.007335521456569371,,,,56.70757275106803
124,2016,8,0.28575946734154783,0.19463508566471316,0.24030686207149834,1,13,56.70757275106803,1,1.8346143316325665,-0.014007886432053876,0.3295940622112047,0.513031087766889,0.023030637810718044,0.03486127992792089,0.208344752015842,0.0007501486911475111,0.1655910293577309,60.117539001274416,0.0,60.74289884873562
124,2017,8,0.28575946734154783,0.19463508566471316,0.24030686207149834,1,14,60.74289884873562,0,1.5097842682917062,0.08613645743980969,0.14057907775465242,0.5478279636542905,0.061802459539563585,0.05249645247277551,0.18759762132999092,-0.004080305107630999,0.208344752015842,56.70757275106803,1.0,56.09872907043694
124,2018,8,0.28575946734154783,0.19463508566471316,0.24030686207149834,1,15,56.09872907043694,1,2.521669834940017,0.00528276702058629,0.1983165707546281,0.3784929320075621,0.06649633771676888,0.058857046535331095,0.25713981125994595,-0.006111707946639222,0.18759762132999092,60.74289884873562,0.0,65.89842899151876
124,2019,8,0.28575946734154783,0.19463508566471316,0.24030686207149834,1,16,65.89842899151876,0,1.4094146716744282,0.08882716878660596,0.2610908303456328,0.35142712383652547,0.04438872489387052,0.042403024329381866,0.20971733814768168,0.015724015064292333,0.25713981125994595,56.09872907043694,1.0,68.69841156768841
124,2020,8,0.28575946734154783,0.19463508566471316,0.24030686207149834,1,17,68.69841156768841,0,1.476333697556561,0.050497065517942266,0.31725707067283354,0.24479591179824248,0.04786728827881838,0.052178622350110136,0.21843391209685636,0.017157233732888116,0.20971733814768168,65.89842899151876,0.0,75.99579977608019
124,2021,8,0.28575946734154783,0.19463508566471316,0.24030686207149834,1,18,75.99579977608019,0,2.218919963783552,0.2168937102427017,0.17504959717218446,0.5080995759898639,0.06103429647501374,0.07153807451035599,0.2570708281357577,-0.0047076637755627,0.21843391209685636,68.69841156768841,0.0,79.55417215247883
124,2022,8,0.28575946734154783,0.19463508566471316,0.24030686207149834,1,19,79.55417215247883,1,1.9474546029188184,0.22452567405895257,0.16376878753136898,0.18554677003155118,0.04423170831182115,0.035464500482464204,0.22310980420177234,-0.019705001940003,0.2570708281357577,75.99579977608019,0.0,81.9068319292132
124,2023,8,0.28575946734154783,0.19463508566471316,0.24030686207149834,1,20,81.9068319292132,0,1.77306965503281,0.2031653467742186,0.29761914134313366,0.3124800284992959,0.014866160415356027,0.04566512750741487,0.23803084202640715,0.004467534673965922,0.22310980420177234,79.55417215247883,1.0,84.14526893517707
124,2024,8,0.28575946734154783,0.19463508566471316,0.24030686207149834,1,21,84.14526893517707,1,2.302466169293964,0.18598854079858762,0.2312737566668005,0.38145845848024656,0.03285865909687284,0.017045609767494058,0.271909487191168,0.01120063724826658,0.23803084202640715,81.9068319292132,0.0,
125,2015,5,-0.7460349372129002,-0.31245921313767794,-1.8898746924284227,0,8,55.92200694622711,0,1.254873691955522,0.0072615130226056845,0.4787274841034361,0.4127393210195829,0.020097775649452726,0.051378466186209004,0.15083211358166765,-0.000972289708144341,,,,53.88480621431412
125,2016,5,-0.7460349372129002,-0.31245921313767794,-1.8898746924284227,0,9,53.88480621431412,0,0.5563621373572675,0.03452443235507799,0.35606042601442406,0.163041410021042,0.05189421796453675,0.059406766147367465,0.1217610117000794,0.012680849950926651,0.15083211358166765,55.92200694622711,0.0,53.947878862391214
125,2017,5,-0.7460349372129002,-0.31245921313767794,-1.8898746924284227,0,10,53.947878862391214,1,0.5640052803317835,0.17197928835755796,0.22338287088256584,0.32385540254852235,0.05963033657359746,0.04968389812612072,0.03971997902239996,-0.07041220242930288,0.1217610117000794,53.88480621431412,0.0,53.10179601363811
125,2018,5,-0.7460349372129002,-0.31245921313767794,-1.8898746924284227,0,11,53.10179601363811,0,1.1973947988757885,-0.1421757636149815,0.3382576725023802,0.2608776379458549,0.06999508955613769,0.04659037168991397,0.1555801473933637,0.022101057946025814,0.03971997902239996,53.947878862391214,1.0,57.16608869530089
125,2019,5,-0.7460349372129002,-0.31245921313767794,-1.8898746924284227,0,12,57.16608869530089,0,1.2073360801028536,0.04144143653390472,0.2436951473536909,0.25149247570250965,0.06551312667442004,0.0363491635389665,0.19045961518995275,0.04295447348711193,0.1555801473933637,53.10179601363811,0.0,60.03604403149182
125,2020,5,-0.7460349372129002,-0.31245921313767794,-1.8898746924284227,0,13,60.03604403149182,0,1.4215907536487078,0.2156442374571536,0.2773861677991265,0.33066697626385005,0.03427087593357405,0.02069082563243997,0.17950469540710257,0.005563108126942668,0.19045961518995275,57.16608869530089,0.0,60.77015624962442
125,2021,5,-0.7460349372129002,-0.31245921313767794,-1.8898746924284227,0,14,60.77015624962442,0,0.9917003842776881,-0.1000518460991813,0.34097617778748873,0.3307311266537014,0.05356667796058808,0.043777809210860594,0.09501129539035899,-0.033311839440316765,0.17950469540710257,60.03604403149182,0.0,58.17727669457329
125,2022,5,-0.7460349372129002,-0.31245921313767794,-1.8898746924284227,0,15,58.17727669457329,0,1.5010405037984587,-0.09942099588060815,0.19804431610038528,0.3143631470487131,0.03922254273234436,0.05043443902820691,0.1926254304014793,0.0337354091067118,0.09501129539035899,60.77015624962442,0.0,65.53034190617345
125,2023,5,-0.7460349372129002,-0.31245921313767794,-1.8898746924284227,0,16,65.53034190617345,0,1.3854357748607817,0.05025830991484399,0.4808418086951361,0.348536530589436,0.06359865479436883,0.06065165051415424,0.1981839279984327,0.020111045090403342,0.1926254304014793,58.17727669457329,0.0,72.06862636976813
125,2024,5,-0.7460349372129002,-0.31245921313767794,-1.8898746924284227,0,17,72.06862636976813,0,1.9659659126225315,0.06892478791820197,0.4430176172282574,0.3469679564034221,0.023886461244110282,0.04463779752511789,0.2113820963323714,-0.004943630931654823,0.1981839279984327,65.53034190617345,0.0,
126,2015,1,-3.8377963292971415,1.0942033561223372,1.3521742112352495,0,7,38.31836410841781,0,1.085563793896314,0.11675586053784912,0.11883075165550105,0.5935356007600462,-0.06209322833630231,0.04722929200088853,0.13018955345577687,-0.0020652527567312016,,,,39.10354856797638
126,2016,1,-3.8377963292971415,1.0942033561223372,1.3521742112352495,0,8,39.10354856797638,0,1.176236482301487,0.10970420801881098,0.10569932264107626,0.5117812069820262,-0.05726033014736575,0.05194070514117425,0.12235640818124768,-0.019168850746412006,0.13018955345577687,38.31836410841781,0.0,41.3318548733671
126,2017,1,-3.8377963292971415,1.0942033561223372,1.3521742112352495,0,9,41.3318548733671,0,1.2720710546578697,0.032380180998312,0.15602482845075272,0.6301406134988917,-0.09518510889330341,0.05639628233255584,0.17637379569100986,0.03255787266949642,0.12235640818124768,39.10354856797638,0.0,33.29086007277385
126,2018,1,-3.8377963292971415,1.0942033561223372,1.3521742112352495,0,10,33.29086007277385,0,1.293750787030199,0.12822163179036905,0.13596483178994964,0.721401196328713,-0.07157793199906413,0.059517928591610876,0.19709415052863155,0.04330874060329136,0.17637379569100986,41.3318548733671,0.0,30.36773502588823
126,2019,1,-3.8377963292971415,1.0942033561223372,1.3521742112352495,0,11,30.36773502588823,0,0.5516953079905947,0.1596889399555987,0.07114591799342247,0.5941397311472558,-0.0969758597318268,0.035933018771278066,0.10854037919428759,0.008016077138299464,0.19709415052863155,33.29086007277385,0.0,27.18607872026059
126,2020,1,-3.8377963292971415,1.0942033561223372,1.3521742112352495,0,12,27.18607872026059,0,1.6458105957351346,0.07315190522387527,0.12968240507936948,0.5038827949941379,-0.07947910867076799,0.05834499217210193,0.1961381123822224,0.018787244004744016,0.10854037919428759,30.36773502588823,0.0,27.029572746873527
126,2021,1,-3.8377963292971415,1.0942033561223372,1.3521742112352495,0,13,27.029572746873527,0,1.6354427182427445,0.11379826651774523,0.049084065707730225,0.616380061911248,-0.07886660460747254,0.056392453370024714,0.16651861232533025,-0.011925925779305683,0.1961381123822224,27.18607872026059,0.0,35.7816003279763
126,2022,1,-3.8377963292971415,1.0942033561223372,1.3521742112352495,0,14,35.7816003279763,0,1.507231673152684,0.047080948859429574,0.11503727096222573,0.6421803853789874,-0.054898231985164594,0.05910339553384576,0.12932063932393106,-0.03757611735720261,0.16651861232533025,27.029572746873527,0.0,40.65289697913844
126,2023,1,-3.8377963292971415,1.0942033561223372,1.3521742112352495,0,15,40.65289697913844,0,1.8253733804636254,0.15251074478528417,0.051210321681319886,0.7813373622259508,-0.05493707971353626,0.05823148281457727,0.18258161175435228,-0.009251061344428593,0.12932063932393106,35.7816003279763,0.0,39.54853776599385
126,2024,1,-3.8377963292971415,1.0942033561223372,1.3521742112352495,0,16,39.54853776599385,0,1.2232944324703667,0.1200046159173506,0.19641765843332953,0.680398634026058,-0.053401244976560375,0.05371749207516817,0.1859955606970068,0.03002130356392998,0.18258161175435228,40.65289697913844,0.0,
127,2015,3,1.3505279417712701,0.23967384476045556,0.296191016995677,1,20,64.77255920123547,0,1.7176351381627752,0.22985668638224926,0.3492474796375392,0.4279949391164061,0.06834827243269839,0.04070774780164963,0.21381558518778135,0.014943447263054669,,,,70.59377503977262
127,2016,3,1.3505279417712701,0.23967384476045556,0.296191016995677,1,21,70.59377503977262,0,2.218833207585136,0.0692825715456328,0.1471180160527712,0.3789438645782881,0.0909793154655677,0.032668143642153896,0.2144051612294321,-0.003750607583221195,0.21381558518778135,64.77255920123547,0.0,72.6286951290079
127,2017,3,1.3505279417712701,0.23967384476045556,0.296191016995677,1,22,72.6286951290079,1,1.6700958489004751,0.2738155107489604,0.3474164485043005,0.2789444910338099,0.03959762444602191,0.0573898786670469,0.23103306929506504,0.02043187707330112,0.2144051612294321,70.59377503977262,0.0,81.38061287926125
127,2018,3,1.3505279417712701,0.23967384476045556,0.296191016995677,1,23,81.38061287926125,0,1.8409661120654317,0.2962692253401226,0.17110850198770922,0.452971760286553,0.07985581397017677,0.0734364542187238,0.24355558911218617,0.023340029689985362,0.23103306929506504,72.6286951290079,1.0,86.67807582040363
127,2019,3,1.3505279417712701,0.23967384476045556,0.296191016995677,1,24,86.67807582040363,1,1.3537765555553178,-0.006383453910983966,0.5395537617226096,0.47894702182101073,0.0789153286511669,0.06011463365135606,0.16910344500244084,-0.005112193366424905,0.24355558911218617,81.38061287926125,0.0,91.93431373284807
127,2020,3,1.3505279417712701,0.23967384476045556,0.296191016995677,1,25,91.93431373284807,1,1.8169474816951001,0.13778358809804372,0.2916110895271149,0.47366614564756016,0.09749808720260196,0.06318996017541115,0.15582961386168742,-0.052139079788611556,0.16910344500244084,86.67807582040363,1.0,95.7053263381431
127,2021,3,1.3505279417712701,0.23967384476045556,0.296191016995677,1,26,95.7053263381431,1,2.2383740825935834,0.07780540171638446,0.30473026869067626,0.5654339387962342,0.079317294643898,0.0537186494135523,0.21667074778301273,-0.013463809380450227,0.15582961386168742,91.93431373284807,1.0,96.25412316149966
127,2022,3,1.3505279417712701,0.23967384476045556,0.296191016995677,1,27,96.25412316149966,0,2.03542276081486,0.18390386933108802,0.45512390591874896,0.2896637694619106,0.07697987710733212,0.05380185071291667,0.21326035099527407,-0.02400121505188159,0.21667074778301273,95.7053263381431,1.0,93.23984661925131
127,2023,3,1.3505279417712701,0.23967384476045556,0.296191016995677,1,28,93.23984661925131,1,2.137095838101235,0.06392026774138904,0.41917650958550445,0.35890473765482256,0.09911415643357319,0.06233876137003205,0.24112440651618447,0.005404865913780245,0.21326035099527407,96.25412316149966,0.0,100.0
127,2024,3,1.3505279417712701,0.23967384476045556,0.296191016995677,1,29,100.0,0,1.541541801553909,0.038678582025595126,0.5279588684706543,0.5361954498143823,0.05285609122443325,0.0288502124433624,0.17242352089398588,-0.014603136153626977,0.24112440651618447,93.23984661925131,1.0,
128,2015,9,-0.04833493242688543,-0.3006742100097768,0.6437940377117184,1,24,61.97384315585277,0,1.0726788772735663,0.0676118859763742,0.2807374181151373,0.6198578521737446,0.039105432695212515,0.0610670735123382,0.17143321104428347,0.016575220868895846,,,,65.33742601575088
128,2016,9,-0.04833493242688543,-0.3006742100097768,0.6437940377117184,1,25,65.33742601575088,0,1.0667777141051384,0.10573726157647027,0.22516305666513647,0.4165545392887678,0.024550321252648548,0.07151809525891491,0.16953931145214962,0.005316745159102645,0.17143321104428347,61.97384315585277,0.0,60.970734467841176
128,2017,9,-0.04833493242688543,-0.3006742100097768,0.6437940377117184,1,26,60.970734467841176,0,1.0906660834459183,-0.013506871409102093,0.3746144086208455,0.439613250028518,0.0032180723526007704,0.0560578959184182,0.17257556180201933,0.013430511437940329,0.16953931145214962,65.33742601575088,0.0,66.06936401311872
128,2018,9,-0.04833493242688543,-0.3006742100097768,0.6437940377117184,1,27,66.06936401311872,0,1.1908717019610553,-0.1856019784429033,0.19973727331659025,0.5843537815074097,0.05252672968998014,0.06599307870218592,0.14589498888616545,-0.0020226532466811123,0.17257556180201933,60.970734467841176,0.0,61.9147152583432
128,2019,9,-0.04833493242688543,-0.3006742100097768,0.6437940377117184,1,28,61.9147152583432,0,0.5947922932855882,0.05844699667613724,0.36310775525664596,0.3148134093587508,0.009196791737744469,0.040104593020317506,0.09995258670737117,-0.02922469175981391,0.14589498888616545,66.06936401311872,0.0,64.43150098616734
128,2020,9,-0.04833493242688543,-0.3006742100097768,0.6437940377117184,1,29,64.43150098616734,0,1.3303240981831563,-0.08600565287285954,0.29487222922207174,0.5643264744168998,0.023021321732517606,0.022393229954540367,0.1632628459832727,0.004993366053075934,0.09995258670737117,61.9147152583432,0.0,63.128098148190915
128,2021,9,-0.04833493242688543,-0.3006742100097768,0.6437940377117184,1,30,63.128098148190915,0,1.248183531463798,0.21609214366964777,0.3582707252740692,0.29238012909479794,0.037286429008004135,0.050795051756540296,0.20032575698794497,0.008286522320680906,0.1632628459832727,64.43150098616734,0.0,68.71607156965763
128,2022,9,-0.04833493242688543,-0.3006742100097768,0.6437940377117184,1,31,68.71607156965763,1,1.7532349539808951,-0.012782001017566578,0.19221476056538717,0.5373390511691366,0.038276364836597396,0.034218497001802885,0.17568696422597008,-0.022803684095381624,0.20032575698794497,63.128098148190915,0.0,73.28040553990724
128,2023,9,-0.04833493242688543,-0.3006742100097768,0.6437940377117184,1,32,73.28040553990724,0,2.0011321574161363,0.0812844435349563,0.16804106100221533,0.3607698478408404,-0.00939898887895917,0.047969562552052654,0.2935468428736955,0.065015853465351,0.17568696422597008,68.71607156965763,1.0,72.73243418076854
128,2024,9,-0.04833493242688543,-0.3006742100097768,0.6437940377117184,1,33,72.73243418076854,0,1.4829758102626465,-0.11237302734781762,0.25822354480418896,0.4817364713908551,0.023946578343406976,0.006162375784498783,0.2300271481968985,0.05580298290020459,0.2935468428736955,73.28040553990724,0.0,
129,2015,8,0.24323070250925952,-1.5273799415240124,0.6908880953891992,0,32,60.94635793688846,0,0.7055513841854305,-0.021716356995349323,0.3501950667264589,0.4204682637522269,0.03870121947917611,-0.00348790055154468,0.08641949897443434,-0.01811332723908699,,,,58.06459606140119
129,2016,8,0.24323070250925952,-1.5273799415240124,0.6908880953891992,0,33,58.06459606140119,0,0.7974733648741072,-0.05495743019921868,0.2634886744240747,0.5695506563959372,0.0425535861255425,0.019490955533615663,0.0915455192229085,-0.01632037771405186,0.08641949897443434,60.94635793688846,0.0,70.25375073800366
129,2017,8,0.24323070250925952,-1.5273799415240124,0.6908880953891992,0,34,70.25375073800366,0,0.6485911602211387,-0.08473212096344812,0.4135374976306756,0.4702408082961523,-0.0036508023277646642,-0.009816803735611734,0.07860376586489914,-0.018085187093837645,0.0915455192229085,58.06459606140119,0.0,74.11358469437829
129,2018,8,0.24323070250925952,-1.5273799415240124,0.6908880953891992,0,35,74.11358469437829,0,0.927700823508134,-0.027626717579013145,0.35659107299370435,0.4326446261662483,0.06681335493803242,0.04001878120582571,0.1885880225805593,0.0573856583528556,0.07860376586489914,70.25375073800366,0.0,78.79257735195597
129,2019,8,0.24323070250925952,-1.5273799415240124,0.6908880953891992,0,36,78.79257735195597,0,0.7553874508548194,-0.14509333965065782,0.2436589604136631,0.41125208899953086,0.034510049106499005,0.0348127776053206,0.09483906685015864,-0.015575874522071041,0.1885880225805593,74.11358469437829,0.0,79.0102276056685
129,2020,8,0.24323070250925952,-1.5273799415240124,0.6908880953891992,0,37,79.0102276056685,0,0.5467036402278465,-0.19532867082658695,0.37513631868741065,0.5277977774117282,0.02247553871839217,-0.014567355000286872,0.11236025016767022,0.03145558417921546,0.09483906685015864,78.79257735195597,0.0,81.28551480206872
129,2021,8,0.24323070250925952,-1.5273799415240124,0.6908880953891992,0,38,81.28551480206872,0,0.9459015714132848,-0.09286874286017,0.22524010193717497,0.5573709905517386,0.019643743912422604,0.052411487045875366,0.09089194087640667,-0.036880764556461824,0.11236025016767022,79.0102276056685,0.0,86.54748714372093
129,2022,8,0.24323070250925952,-1.5273799415240124,0.6908880953891992,0,39,86.54748714372093,0,1.3915012150439776,0.08204058534135365,0.24722277747245608,0.3682676409494933,0.0452307664757139,0.0033161167678553115,0.09681914250489983,-0.0683936655446679,0.09089194087640667,81.28551480206872,0.0,92.55291050105073
129,2023,8,0.24323070250925952,-1.5273799415240124,0.6908880953891992,0,40,92.55291050105073,1,1.2218919912208093,-0.23528195707514532,0.21863061537881695,0.39879949889919114,0.023023294171772582,0.03041162758698001,0.1266295888976959,-0.008800503232036596,0.09681914250489983,86.54748714372093,0.0,98.93688640641646
129,2024,8,0.24323070250925952,-1.5273799415240124,0.6908880953891992,0,41,98.93688640641646,0,1.0421821954150003,-0.1776483404895933,0.21139483456690455,0.5616318201645767,0.04980261475578383,0.04495915847622459,0.17199500360062797,0.04261701231630543,0.1266295888976959,92.55291050105073,1.0,
130,2015,9,-0.06319902025158655,-1.597974823203256,0.1540170797745954,1,28,60.89350513241051,0,0.7099717733048451,-0.10117669599468544,0.17499324377523123,0.31090146901652027,0.017226234084726632,0.024652598954268634,0.1390042476076756,0.03750678414326233,,,,65.17936178429592
130,2016,9,-0.06319902025158655,-1.597974823203256,0.1540170797745954,1,29,65.17936178429592,0,0.7912170845362704,-0.3644347539231747,0.3682925865086972,0.47553285552909424,0.04108331037168675,0.03114034661689697,0.061359199084510714,-0.03304052448858378,0.1390042476076756,60.89350513241051,0.0,62.86583035235084
130,2017,9,-0.06319902025158655,-1.597974823203256,0.1540170797745954,1,30,62.86583035235084,0,0.7602484587935532,0.062131311627208,0.3813165210709233,0.5555227930540809,0.044862872023023,0.022916618700865463,0.12666860509136532,0.007037245688752204,0.061359199084510714,65.17936178429592,0.0,70.09939410508153
130,2018,9,-0.06319902025158655,-1.597974823203256,0.1540170797745954,1,31,70.09939410508153,0,0.6506657026693717,-0.04771201983818804,0.35444374331310885,0.25918547679771164,0.07437531721846619,0.032057728130500354,0.11259881526450963,-0.000905310199653187,0.12666860509136532,62.86583035235084,0.0,75.27966081962812
130,2019,9,-0.06319902025158655,-1.597974823203256,0.1540170797745954,1,32,75.27966081962812,0,0.6682871687943529,0.05620932707015325,0.3778163954107268,0.6074856353372284,0.008515341570010857,0.024066441505532672,0.1206911744666368,0.004941243953576909,0.11259881526450963,70.09939410508153,0.0,91.35353702464934
130,2020,9,-0.06319902025158655,-1.597974823203256,0.1540170797745954,1,33,91.35353702464934,0,0.13497569219585837,-0.29635206105342504,0.2308214252808357,0.2844542839129587,0.0559158554928271,0.03579972086822708,0.0660688467571366,0.009441196518654875,0.1206911744666368,75.27966081962812,0.0,91.19640669255972
130,2021,9,-0.06319902025158655,-1.597974823203256,0.1540170797745954,1,34,91.19640669255972,0,1.0625505901186414,-0.09090134549853877,0.23868866044013956,0.45027214299919954,0.0273208566946786,0.03293957842094127,0.1744709149780574,0.04178320068404931,0.0660688467571366,91.35353702464934,0.0,98.59403861848277
130,2022,9,-0.06319902025158655,-1.597974823203256,0.1540170797745954,1,35,98.59403861848277,0,0.3554024049570782,-0.1107796437849568,0.3100396134387929,0.44409628541560847,0.051272837927385406,0.012139387701282398,0.05795833459588881,-0.026356611678996677,0.1744709149780574,91.19640669255972,0.0,100.0
130,2023,9,-0.06319902025158655,-1.597974823203256,0.1540170797745954,1,36,100.0,0,1.058399174260828,-0.1553719730997689,0.29531248080798855,0.6685612154969167,0.04530116924460997,-0.011812516243720365,0.14644288605648279,0.02940528723321395,0.05795833459588881,98.59403861848277,0.0,100.0
130,2024,9,-0.06319902025158655,-1.597974823203256,0.1540170797745954,1,37,100.0,1,0.9832870531360833,-0.09563342942669933,0.2642036569257512,0.4436348951834207,0.07043244983951005,0.03234860365009929,0.09886149225063195,-0.034612530675848886,0.14644288605648279,100.0,0.0,
131,2015,6,0.48005803953261106,-2.3586124086370126,-1.2115921136694727,1,5,56.95348072709542,1,0.4097692689720913,-0.0814386190604782,0.23336505344173156,0.389687016780547,0.01641614136460689,0.0019964026907559993,0.05576227763967144,-0.006295604250404282,,,,56.03834865995168
131,2016,6,0.48005803953261106,-2.3586124086370126,-1.2115921136694727,1,6,56.03834865995168,0,0.5941369016550346,-0.17115714130924098,0.5221434359516977,0.44925554502956616,0.09154169014681997,0.010119868608421154,0.13948246855243307,0.06159265478539058,0.05576227763967144,56.95348072709542,1.0,56.36517022623768
131,2017,6,0.48005803953261106,-2.3586124086370126,-1.2115921136694727,1,7,56.36517022623768,1,0.42587045093333076,-0.018588125107185216,0.371644342414008,0.3269759360296802,0.055624959470974206,0.00874534072354441,0.1380214478244287,0.059919979436147464,0.13948246855243307,56.03834865995168,0.0,60.19903859527971
131,2018,6,0.48005803953261106,-2.3586124086370126,-1.2115921136694727,1,8,60.19903859527971,0,0.04234181993751113,-0.0517645187192316,0.3770207676031286,0.3686801617931839,0.06578869236803549,-0.016738376622492106,0.07891686074910131,0.03562551794862333,0.1380214478244287,56.36517022623768,1.0,64.82688932168426
131,2019,6,0.48005803953261106,-2.3586124086370126,-1.2115921136694727,1,9,64.82688932168426,0,0.17659024504843784,-0.21153072143002924,0.21848586354149563,0.2609795016421696,0.06298354885332479,0.041006469017893586,0.02527617360733481,-0.02403263793781157,0.07891686074910131,60.19903859527971,0.0,62.26131259092572
131,2020,6,0.48005803953261106,-2.3586124086370126,-1.2115921136694727,1,10,62.26131259092572,0,0.8105406241193347,-0.28856931154019055,0.41400613126801594,0.24919463890525637,0.0868071507450221,-0.025983978338824702,0.06930103934209084,-0.009376514437441863,0.02527617360733481,64.82688932168426,0.0,57.36483642979605
131,2021,6,0.48005803953261106,-2.3586124086370126,-1.2115921136694727,1,11,57.36483642979605,0,1.243660292326191,-0.2887106393977067,0.35223531329371066,0.49165054369621275,0.0605655132776775,-0.003955493636128441,0.04090201250289763,-0.06916455532880002,0.06930103934209084,62.26131259092572,0.0,63.39568837450348
131,2022,6,0.48005803953261106,-2.3586124086370126,-1.2115921136694727,1,12,63.39568837450348,0,1.0469394024104572,-0.1852351072700077,0.32117126208575,0.22997224368595154,0.058784659050181355,0.010233660593318079,0.12962611422517195,0.018676836636691216,0.04090201250289763,57.36483642979605,0.0,73.73160268035501
131,2023,6,0.48005803953261106,-2.3586124086370126,-1.2115921136694727,1,13,73.73160268035501,0,0.5363593194336604,-0.046377967268883505,0.25961097228083857,0.3043926585750066,0.07683375436307392,-0.027314819192652877,0.0880588612428905,0.010460888364369874,0.12962611422517195,63.39568837450348,0.0,80.99368173115428
131,2024,6,0.48005803953261106,-2.3586124086370126,-1.2115921136694727,1,14,80.99368173115428,0,1.3058987725225586,0.004310773033591092,0.2841555537732622,0.3615382830746804,0.051549608693435195,0.02831184666050605,0.18904822118980483,0.04161111266928833,0.0880588612428905,73.73160268035501,0.0,
132,2015,1,-0.8624581870985222,1.8541976751902436,-0.2751255569728802,0,12,53.85769262954025,1,1.3254768646931487,0.24554342524025952,0.14595537237464853,0.37699512077398273,0.04077823388025085,0.07382666257722696,0.18995539603732417,0.01874613803718624,,,,54.97820802779412
132,2016,1,-0.8624581870985222,1.8541976751902436,-0.2751255569728802,0,13,54.97820802779412,0,1.6735030023650856,0.20919236925621654,0.3061150391956761,0.4903182440505735,-0.010885094093394842,0.08127637526384168,0.19975927415696826,-0.0018131291803870555,0.18995539603732417,53.85769262954025,1.0,55.36896623949107
132,2017,1,-0.8624581870985222,1.8541976751902436,-0.2751255569728802,0,14,55.36896623949107,0,2.0452228500400924,0.29955447683424447,0.3300565311827785,0.557730266609723,0.015589198117233562,0.09439083172885128,0.20478961722484337,-0.03356433005273818,0.19975927415696826,54.97820802779412,0.0,53.924444002616866
132,2018,1,-0.8624581870985222,1.8541976751902436,-0.2751255569728802,0,15,53.924444002616866,0,2.2151162918582696,0.3348686776255357,0.24496203719624782,0.3782688819391041,0.01902717549201053,0.08131744421835789,0.2344692380791566,-0.01684699569954891,0.20478961722484337,55.36896623949107,0.0,54.82095884039982
132,2019,1,-0.8624581870985222,1.8541976751902436,-0.2751255569728802,0,16,54.82095884039982,0,1.8070408947002066,0.22556720322187182,0.3421064646421866,0.34968386846909916,0.006555712046136964,0.06690716658241726,0.21324003802803257,-0.003952315446036308,0.2344692380791566,53.924444002616866,0.0,59.82174683015462
132,2020,1,-0.8624581870985222,1.8541976751902436,-0.2751255569728802,0,17,59.82174683015462,0,2.358495460236419,0.2099359072608661,0.314104666181487,0.5004265832778284,0.008215540013398063,0.07588288907719509,0.3113601782473902,0.05811039002353396,0.21324003802803257,54.82095884039982,0.0,56.69980856016805
132,2021,1,-0.8624581870985222,1.8541976751902436,-0.2751255569728802,0,18,56.69980856016805,0,2.1132263777816633,0.25286616775995097,0.41037594301442193,0.3586167840346917,0.02118404246633864,0.07122072678855028,0.21556569943454745,-0.03301900121172567,0.3113601782473902,59.82174683015462,0.0,63.92735660390112
132,2022,1,-0.8624581870985222,1.8541976751902436,-0.2751255569728802,0,19,63.92735660390112,0,2.030891141076636,0.3062321043678493,0.25907094679233517,0.3459475313973982,0.017300322594775097,0.0778626355123092,0.23728055931511954,-0.003650323935107371,0.21556569943454745,56.69980856016805,0.0,59.58166309199785
132,2023,1,-0.8624581870985222,1.8541976751902436,-0.2751255569728802,0,20,59.58166309199785,1,2.0149135746598144,0.20204056636812154,0.28701530034273454,0.26196740012768566,0.016204137638107078,0.091499689572994,0.26942879811769055,0.030044472599724415,0.23728055931511954,63.92735660390112,0.0,64.99955191472372
132,2024,1,-0.8624581870985222,1.8541976751902436,-0.2751255569728802,0,21,64.99955191472372,0,2.624087577064269,0.18203932494958347,0.26318832080233856,0.4166173030905093,0.016612739286033757,0.07728753688655644,0.24523018212498462,-0.030534981157867656,0.26942879811769055,59.58166309199785,1.0,
133,2015,6,-0.3303407322418575,0.271542577729158,-0.029909503644342247,0,8,52.665219765544,0,1.138104128601036,0.19961205652613867,0.1808174211620246,0.2533527567860553,0.021838726417292707,0.047345538086398055,0.19284962193055422,0.027714601938669033,,,,54.88558091594238
133,2016,6,-0.3303407322418575,0.271542577729158,-0.029909503644342247,0,9,54.88558091594238,0,1.4113995964317365,0.01757318361935338,0.3256279700761253,0.5480711066970518,0.028469328287196602,0.05068006869867055,0.19351735870532474,0.01882445371131176,0.19284962193055422,52.665219765544,0.0,57.48822736249134
133,2017,6,-0.3303407322418575,0.271542577729158,-0.029909503644342247,0,10,57.48822736249134,0,1.8257909624547808,-0.002134982894647003,0.3514888714850687,0.4880631700700336,0.009900653815659341,0.04014009186174626,0.20576850519191564,0.0029618665416158837,0.19351735870532474,54.88558091594238,0.0,63.47662272910539
133,2018,6,-0.3303407322418575,0.271542577729158,-0.029909503644342247,0,11,63.47662272910539,0,2.266936632072165,0.09227317761556034,0.21574911161144536,0.44221847156828625,0.04504433418488832,0.0486055838292248,0.24443927271846155,0.004221658899673964,0.20576850519191564,57.48822736249134,0.0,65.9986104740645
133,2019,6,-0.3303407322418575,0.271542577729158,-0.029909503644342247,0,12,65.9986104740645,0,1.5039641784169004,-0.00082880591347545,0.15853828487428698,0.42011552157036863,0.03917950401412082,0.02585133620947147,0.12382429323982155,-0.05151807413346765,0.24443927271846155,63.47662272910539,0.0,70.7331319203316
133,2020,6,-0.3303407322418575,0.271542577729158,-0.029909503644342247,0,13,70.7331319203316,0,1.7677984766961943,0.03077055115224863,0.16730517681587545,0.454727183911537,0.04258761119452133,0.04232839315187315,0.14643056853974323,-0.05000218160384042,0.12382429323982155,65.9986104740645,0.0,66.32719800548045
133,2021,6,-0.3303407322418575,0.271542577729158,-0.029909503644342247,0,14,66.32719800548045,0,1.8015283171717638,-0.05824823183177191,0.2385111444589228,0.6143913971298717,0.011375376955206937,0.0459896566118049,0.20146344171642278,0.007094448202492603,0.14643056853974323,70.7331319203316,0.0,69.9464290602716
133,2022,6,-0.3303407322418575,0.271542577729158,-0.029909503644342247,0,15,69.9464290602716,0,1.5666606515413668,0.1371729502645066,0.3494579590002885,0.5504400817504468,0.04476906003801835,0.03645685364000231,0.20272696008098262,0.004374246440512696,0.20146344171642278,66.32719800548045,0.0,69.14982183192521
133,2023,6,-0.3303407322418575,0.271542577729158,-0.029909503644342247,0,16,69.14982183192521,0,1.6686757689612248,-0.019847343969866357,0.241162030869884,0.49599821556051,-0.0009928225727986253,0.05698380726216963,0.20350082646869752,0.006828558093702733,0.20272696008098262,69.9464290602716,0.0,71.60893022845143
133,2024,6,-0.3303407322418575,0.271542577729158,-0.029909503644342247,0,17,71.60893022845143,0,1.7480197296658018,0.22688300731420175,0.2311813570697127,0.5225548937674529,0.05476778760151465,0.06080222420569814,0.24815805641421784,0.026348957013746982,0.20350082646869752,69.14982183192521,0.0,
134,2015,7,-1.903156890088526,0.48831695006025394,-1.03575961494817,1,34,50.6037809098758,0,0.9918395292258755,0.02249548722657623,0.1962288970836083,0.5292729988016698,-0.011018167065495136,0.05276791647675152,0.16769577244356887,0.026540097112850283,,,,47.94121173494147
134,2016,7,-1.903156890088526,0.48831695006025394,-1.03575961494817,1,35,47.94121173494147,0,1.2260539679392577,0.030471762993759526,0.16949574082300764,0.2588981059602304,-0.01769128997277446,0.07312109722855725,0.18697068475861414,0.017540106824954958,0.16769577244356887,50.6037809098758,0.0,42.8520808512342
134,2017,7,-1.903156890088526,0.48831695006025394,-1.03575961494817,1,36,42.8520808512342,0,1.3137831942743792,0.0965347163762278,0.3610294873919877,0.4330245866928066,-0.01276273196253492,0.03850990589557108,0.1926657266877726,0.014855929005802113,0.18697068475861414,47.94121173494147,0.0,46.97361304514712
134,2018,7,-1.903156890088526,0.48831695006025394,-1.03575961494817,1,37,46.97361304514712,0,1.7345253898542967,-0.004868359088675139,0.32975664445690317,0.31051193938218,0.022107155686961394,0.0445649154324158,0.20858397311616347,0.005224795593608293,0.1926657266877726,42.8520808512342,0.0,46.22352250721114
134,2019,7,-1.903156890088526,0.48831695006025394,-1.03575961494817,1,38,46.22352250721114,0,1.3865754829857406,0.28125512610855996,0.24632584761621548,0.34418975226389015,-0.018399346110851263,0.038049588298804754,0.17943127432698333,-0.01756300596753384,0.20858397311616347,46.97361304514712,0.0,45.9675806444696
134,2020,7,-1.903156890088526,0.48831695006025394,-1.03575961494817,1,39,45.9675806444696,0,1.5960488807822493,0.10040196363052588,0.22666091625275595,0.18295711679520046,0.008441806395274207,0.06669932738855824,0.19337843418483922,-0.013498007143318311,0.17943127432698333,46.22352250721114,0.0,46.6266981548298
134,2021,7,-1.903156890088526,0.48831695006025394,-1.03575961494817,1,40,46.6266981548298,0,1.4713626996250917,0.14319331270937,0.15539503044231462,0.4156116384720674,-0.0013935436576383827,0.02882944470600246,0.19958964221158998,0.01213589219903212,0.19337843418483922,45.9675806444696,0.0,47.45595398734324
134,2022,7,-1.903156890088526,0.48831695006025394,-1.03575961494817,1,41,47.45595398734324,0,1.5390207641858886,0.2649077541527492,0.31468615340438594,0.20933029445836912,-0.007929078471238978,0.05207800057938553,0.25740120967408175,0.040229998406281164,0.19958964221158998,46.6266981548298,0.0,51.03024001468856
134,2023,7,-1.903156890088526,0.48831695006025394,-1.03575961494817,1,42,51.03024001468856,0,1.7698770307063696,0.031043638899204862,0.3168557850409717,0.4056221547215989,-0.015242534420081957,0.04690134620519645,0.20098234299357434,-0.013184456264310158,0.25740120967408175,47.45595398734324,0.0,54.738692387130826
134,2024,7,-1.903156890088526,0.48831695006025394,-1.03575961494817,1,43,54.738692387130826,0,2.0923330725236626,0.03823078986103012,0.2175467263787393,0.5338470712077891,0.031102066952152726,0.03995845578742567,0.2118537951358792,-0.017068572691518083,0.20098234299357434,51.03024001468856,0.0,
135,2015,1,1.222059153207819,1.753419028992997,2.6871322066895704,0,6,67.76443498494855,0,2.35957152624363,0.09558807790577378,0.0903185587706489,0.7163955412981283,0.0201090208329556,0.07056464920795451,0.21170260496747909,-0.011341894658924353,,,,64.33654326025425
135,2016,1,1.222059153207819,1.753419028992997,2.6871322066895704,0,7,64.33654326025425,0,2.733336170132232,0.1765897841681719,0.16367488049139306,0.715386259349692,0.004983584191657044,0.09184596722775998,0.30126036544989093,0.03428728012789052,0.21170260496747909,67.76443498494855,0.0,68.72559941204518
135,2017,1,1.222059153207819,1.753419028992997,2.6871322066895704,0,8,68.72559941204518,0,2.758967850156072,0.2649443901947109,0.1750542083622326,0.7040094461379753,0.03150490919051967,0.0912052354292865,0.2909578807772733,0.010973769985087879,0.30126036544989093,64.33654326025425,0.0,66.80360553917166
135,2018,1,1.222059153207819,1.753419028992997,2.6871322066895704,0,9,66.80360553917166,0,2.7161852175101155,0.3531282422449236,0.18852700620647841,0.49212903935757024,0.025852080799520047,0.08421930233329662,0.25127852177358234,-0.03564263730812867,0.2909578807772733,68.72559941204518,0.0,61.409107713972844
135,2019,1,1.222059153207819,1.753419028992997,2.6871322066895704,0,10,61.409107713972844,0,2.637049046458952,0.25192893934921534,0.2585685574054781,0.5793140051800687,0.03890026649409675,0.055826605433863516,0.2794351717631147,0.011680465317002025,0.25127852177358234,66.80360553917166,0.0,63.57647792067417
135,2020,1,1.222059153207819,1.753419028992997,2.6871322066895704,0,11,63.57647792067417,0,2.660489110471758,0.2995730047380715,0.17577772270604783,0.6825465611145276,0.04551000675775107,0.05847681712989045,0.2236650665245532,-0.04714291552503963,0.2794351717631147,61.409107713972844,0.0,72.75033937334443
135,2021,1,1.222059153207819,1.753419028992997,2.6871322066895704,0,12,72.75033937334443,0,2.7625795428724316,0.1845063684811355,0.3041165885889822,0.6443207471868556,0.08802632380990091,0.11119683214343035,0.269634447412497,-0.016043441912238124,0.2236650665245532,63.57647792067417,0.0,68.65055146911811
135,2022,1,1.222059153207819,1.753419028992997,2.6871322066895704,0,13,68.65055146911811,0,2.80554314605413,0.273571672248321,0.19907139983325303,0.6419883179869569,0.03367442275575311,0.09263840060068543,0.24499747509952396,-0.04507365542586334,0.269634447412497,72.75033937334443,0.0,65.4520739756545
135,2023,1,1.222059153207819,1.753419028992997,2.6871322066895704,0,14,65.4520739756545,0,2.4676019525007775,0.20615444530414412,0.17963391152705002,0.6900848439639515,0.050366397629587584,0.07639452748113755,0.3040242372737337,0.047809716724647476,0.24499747509952396,68.65055146911811,0.0,66.74400585366692
135,2024,1,1.222059153207819,1.753419028992997,2.6871322066895704,0,15,66.74400585366692,0,3.653700181699996,0.2694452639816118,0.28766414697313397,0.6396099503727307,0.01997328735521348,0.07007674703812503,0.3458019709082518,-0.004488690585049184,0.3040242372737337,65.4520739756545,0.0,
136,2015,8,0.13619921381831612,1.1864127729083842,0.8673658683988921,1,32,53.65032154505684,0,2.2502973065957725,0.05190410436843099,0.16970927565210847,0.3683106433136262,0.03520061600891199,0.08313122310479536,0.19681312840327284,-0.05293924931688356,,,,48.82797957004414
136,2016,8,0.13619921381831612,1.1864127729083842,0.8673658683988921,1,33,48.82797957004414,0,2.21918058209267,0.2649587999258224,0.28493397477648136,0.6160195177717335,0.027094866175430648,0.08459076897643175,0.27575118505559226,0.008599616110150586,0.19681312840327284,53.65032154505684,0.0,52.26533907565795
136,2017,8,0.13619921381831612,1.1864127729083842,0.8673658683988921,1,34,52.26533907565795,0,1.829532619526458,0.12756646078309034,0.3027359048034017,0.5925914189553285,0.05253575652306157,0.0461997440977004,0.2518605699862832,0.026311114265820834,0.27575118505559226,48.82797957004414,0.0,56.617046237530396
136,2018,8,0.13619921381831612,1.1864127729083842,0.8673658683988921,1,35,56.617046237530396,1,2.557348447588846,0.09277229321094661,0.2337967210117541,0.559605064883225,0.0452270656560282,0.07744122016127583,0.2744946445411144,-0.004922607483591042,0.2518605699862832,52.26533907565795,0.0,60.013671974007885
136,2019,8,0.13619921381831612,1.1864127729083842,0.8673658683988921,1,36,60.013671974007885,0,1.960439006863128,0.1534580462008598,0.23692038751238306,0.6419935934000286,0.036719865610496887,0.059404151187918815,0.24968735954482296,0.01123233533690774,0.2744946445411144,56.617046237530396,1.0,65.80453888473266
136,2020,8,0.13619921381831612,1.1864127729083842,0.8673658683988921,1,37,65.80453888473266,0,2.7580253170387405,0.18492814020906453,0.2203980653278295,0.6767605537493471,0.06424366792038597,0.060193882460954945,0.34119374939155533,0.045438129765550915,0.24968735954482296,60.013671974007885,0.0,77.48278105968994
136,2021,8,0.13619921381831612,1.1864127729083842,0.8673658683988921,1,38,77.48278105968994,0,2.532192567535051,0.16119064894060492,0.25796289119506455,0.7253019395885973,0.023033853230847837,0.03468057191714466,0.19436506711011842,-0.08257763438529926,0.34119374939155533,65.80453888473266,0.0,83.02017842162088
136,2022,8,0.13619921381831612,1.1864127729083842,0.8673658683988921,1,39,83.02017842162088,0,3.0777772811969015,0.1570190289657014,0.22474848307029305,0.4808759110039886,0.03669025528770794,0.04962178013138968,0.3590773592300138,0.04172196103680233,0.19436506711011842,77.48278105968994,0.0,81.70698229686744
136,2023,8,0.13619921381831612,1.1864127729083842,0.8673658683988921,1,40,81.70698229686744,0,2.310287586507507,0.281210821033755,0.2609912481255896,0.5092074440227369,0.06052470183981287,0.06188873254881788,0.25527641159252024,-0.02801395084034036,0.3590773592300138,83.02017842162088,0.0,84.62067043177706
136,2024,8,0.13619921381831612,1.1864127729083842,0.8673658683988921,1,41,84.62067043177706,0,2.1880209331517566,0.17349913999741878,0.3038102068721588,0.6307178738647055,0.021433892980351532,0.04501758507726522,0.25798668732998087,-0.0014647120234570845,0.25527641159252024,81.70698229686744,0.0,
137,2015,1,-1.6912040193823632,0.6332868626734499,1.1277199385405963,0,27,53.89493662070406,0,1.0930350304219796,0.1673132132212236,0.1206024813124736,0.4912316662240131,-0.01687875698895319,-0.0015078797773222866,0.12957969334960132,0.008191993789559484,,,,49.857095164350646
137,2016,1,-1.6912040193823632,0.6332868626734499,1.1277199385405963,0,28,49.857095164350646,0,1.073062976487105,0.016346981655732215,0.11865847099972851,0.3331791508476654,-0.034453039682465186,0.05750982469851758,0.10132267722146415,-0.025030777408232015,0.12957969334960132,53.89493662070406,0.0,49.54237206392358
137,2017,1,-1.6912040193823632,0.6332868626734499,1.1277199385405963,0,29,49.54237206392358,0,1.6571468705768986,-0.04368314457768538,0.10388131516165892,0.723863871376135,-0.013075128203200736,0.07478912879397621,0.11673845432972625,-0.042434332372374914,0.10132267722146415,49.857095164350646,0.0,47.31036912371638
137,2018,1,-1.6912040193823632,0.6332868626734499,1.1277199385405963,0,30,47.31036912371638,0,1.4342445477125176,0.11464470980408803,0.16284080116839678,0.8233829520985112,-0.024251000223059933,0.04305273521457999,0.17425288227691002,0.024296248863921423,0.11673845432972625,49.54237206392358,0.0,46.1032552728682
137,2019,1,-1.6912040193823632,0.6332868626734499,1.1277199385405963,0,31,46.1032552728682,0,1.216171853484696,0.17668512605211445,0.09491413010470828,0.42844651164767067,-0.028433602607761288,0.05416715789206896,0.1890400749199357,0.0393947542494327,0.17425288227691002,47.31036912371638,0.0,48.088182694684434
137,2020,1,-1.6912040193823632,0.6332868626734499,1.1277199385405963,0,32,48.088182694684434,0,1.3999511011680605,0.11094554218985682,0.1760371067371014,0.3374909197884012,-0.03990311718580199,0.05735689221926772,0.13120765572095033,-0.0330994389710811,0.1890400749199357,46.1032552728682,0.0,53.7679067682957
137,2021,1,-1.6912040193823632,0.6332868626734499,1.1277199385405963,0,33,53.7679067682957,0,1.7312627945127845,0.15717981301001402,0.25951622981628664,0.5890913390170651,-0.015388297826664264,0.0566795437310946,0.1937417873606397,0.005562266885554623,0.13120765572095033,48.088182694684434,0.0,60.63393120275045
137,2022,1,-1.6912040193823632,0.6332868626734499,1.1277199385405963,0,34,60.63393120275045,0,1.5228774993343726,0.17039808025293735,0.23436083340128902,0.7529802806413689,0.017376700311306247,0.056888258038002536,0.13988726445114225,-0.03410291447888884,0.1937417873606397,53.7679067682957,0.0,62.93210045285715
137,2023,1,-1.6912040193823632,0.6332868626734499,1.1277199385405963,0,35,62.93210045285715,0,1.429031608479102,0.11345587310651814,0.12199576336634989,0.5203491675884319,-0.025529982052728217,0.05312982514866237,0.16056138307703896,-0.00109415267449108,0.13988726445114225,60.63393120275045,0.0,67.04548590137867
137,2024,1,-1.6912040193823632,0.6332868626734499,1.1277199385405963,0,36,67.04548590137867,0,1.9273950978415526,0.06444721705022358,0.10497661792677175,0.5424643519299216,-0.03168885792179052,0.023484411764301313,0.1709661190874685,-0.015810617380182312,0.16056138307703896,62.93210045285715,0.0,
138,2015,2,0.1043267968269848,1.5467115135789087,1.1586026094657,0,5,63.718395281490054,0,2.0389670202387356,0.24328854757262333,0.15520487321861984,0.4854535028901275,0.036864693674824554,0.06775996376515837,0.2114904470354874,-0.005556489166887075,,,,66.41986244807754
138,2016,2,0.1043267968269848,1.5467115135789087,1.1586026094657,0,6,66.41986244807754,0,2.3030760863488347,0.12942518346539456,0.2335147773627538,0.6576473985102882,0.03822751659161831,0.054319093580940045,0.2655452390250038,0.037798298475210955,0.2114904470354874,63.718395281490054,0.0,72.63826714987772
138,2017,2,0.1043267968269848,1.5467115135789087,1.1586026094657,0,7,72.63826714987772,0,2.488387215642722,0.17630638244389654,0.17871224297323976,0.6513274111743441,0.04399079341841913,0.09893076102590437,0.24643939300938586,-0.009143688814755708,0.2655452390250038,66.41986244807754,0.0,71.94805457509024
138,2018,2,0.1043267968269848,1.5467115135789087,1.1586026094657,0,8,71.94805457509024,0,2.0427351285497437,0.2118245137501763,0.3748250459041609,0.504563304753284,0.00848783918445151,0.04075394132255471,0.2499016824106323,0.02639405795918397,0.24643939300938586,72.63826714987772,0.0,66.73401704257833
138,2019,2,0.1043267968269848,1.5467115135789087,1.1586026094657,0,9,66.73401704257833,0,2.5493914746162547,0.13160488132978515,0.38924251151869305,0.4849103966332516,0.023305827085328877,0.050501589716894155,0.2738262571301114,0.01664765798312571,0.2499016824106323,71.94805457509024,0.0,65.59033156069148
138,2020,2,0.1043267968269848,1.5467115135789087,1.1586026094657,0,10,65.59033156069148,0,1.9136326450321606,0.19809439370391546,0.3521971032746083,0.38470870163930027,0.01770220427676228,0.07759274278616671,0.2174912399017428,-0.008746321144878654,0.2738262571301114,66.73401704257833,0.0,65.81452329729854
138,2021,2,0.1043267968269848,1.5467115135789087,1.1586026094657,0,11,65.81452329729854,0,2.8689128844406673,0.2146213189877906,0.18208249897070064,0.49790119238023506,0.0297643708171849,0.07970149230844788,0.26558357168562713,-0.02028493631903859,0.2174912399017428,65.59033156069148,0.0,72.49047631526999
138,2022,2,0.1043267968269848,1.5467115135789087,1.1586026094657,0,12,72.49047631526999,0,3.0445764989365323,0.19986569377376612,0.12990212902714443,0.36426191387035745,-0.007879761502234829,0.03896975142689679,0.33181694646583715,0.04086453206268012,0.26558357168562713,65.81452329729854,0.0,80.73510868778986
138,2023,2,0.1043267968269848,1.5467115135789087,1.1586026094657,0,13,80.73510868778986,0,2.4120529898919028,0.3015810198298752,0.18730031412076115,0.32799572103618896,0.03899511037835824,0.0746259926760058,0.27668378804412624,0.008198538265991099,0.33181694646583715,72.49047631526999,0.0,87.05874599589202
138,2024,2,0.1043267968269848,1.5467115135789087,1.1586026094657,0,14,87.05874599589202,0,2.8990676036422203,0.2549827134528054,0.22459603639176748,0.40849905852951074,0.03348730757785691,0.07624545770340137,0.305825886157921,0.007445379779397378,0.27668378804412624,80.73510868778986,0.0,
139,2015,0,-1.4172612084475835,-1.5679269268674483,0.6736505539922644,0,27,51.31758166268115,0,0.0061467211698919,-0.22340103343558004,0.1364370252579566,0.334114757987764,0.0218466466098794,0.02787233932120673,0.023732280546460604,0.02171545026730639,,,,47.404756575597354
139,2016,0,-1.4172612084475835,-1.5679269268674483,0.6736505539922644,0,28,47.404756575597354,1,0.8529464008943601,-0.1347740473179901,0.16384583949395087,0.6265622232617398,0.02604816273026042,0.01950450513565295,0.04964260807364819,-0.009698505824815042,0.023732280546460604,51.31758166268115,0.0,49.44382466992439
139,2017,0,-1.4172612084475835,-1.5679269268674483,0.6736505539922644,0,29,49.44382466992439,0,0.5316041083835662,0.055758865654256584,0.06537850102935557,0.4242053689096445,-0.004635351343439549,0.001438496799471483,0.011612801521949302,-0.03747206645188355,0.04964260807364819,47.404756575597354,1.0,55.70124458774523
139,2018,0,-1.4172612084475835,-1.5679269268674483,0.6736505539922644,0,30,55.70124458774523,0,0.45432759795271255,0.0750877086245123,0.15522861955697326,0.5768300250453634,-0.007557730599718542,0.033683124041693074,0.047346124358129904,-0.005261782482737564,0.011612801521949302,49.44382466992439,0.0,53.39884434322918
139,2019,0,-1.4172612084475835,-1.5679269268674483,0.6736505539922644,0,31,53.39884434322918,0,0.34234035627822706,-0.14211423454538313,0.1380648573222717,0.42097810039724315,0.028976662912708347,0.009241121988141922,0.019655234111591948,-0.007657028866720542,0.047346124358129904,55.70124458774523,0.0,45.57300054995352
139,2020,0,-1.4172612084475835,-1.5679269268674483,0.6736505539922644,0,32,45.57300054995352,0,0.9247020459150391,-0.1154785041048326,0.22223612574201243,0.5782209500027649,-0.0010388563074870691,0.027217409745370895,0.13601474610808034,0.06165849694482432,0.019655234111591948,53.39884434322918,0.0,49.50266846822243
139,2021,0,-1.4172612084475835,-1.5679269268674483,0.6736505539922644,0,33,49.50266846822243,0,0.580411652304717,-0.1400391944347129,0.10103683289569987,0.6555816255852681,0.018105152361243396,0.02893139124771793,0.0523595767081641,0.004113375617060759,0.13601474610808034,45.57300054995352,0.0,47.26061764502133
139,2022,0,-1.4172612084475835,-1.5679269268674483,0.6736505539922644,0,34,47.26061764502133,0,0.6979911104665156,-0.1818683218940989,0.163057564616479,0.4682045574751971,0.010798721352837519,-0.017263969795008965,-0.01927579566125103,-0.06560602313161061,0.0523595767081641,49.50266846822243,0.0,50.881778518770446
139,2023,0,-1.4172612084475835,-1.5679269268674483,0.6736505539922644,0,35,50.881778518770446,0,1.0936896440389412,-0.17429827342980017,0.11334076641713443,0.47621692423301043,-0.02161472490930688,0.009560757626678884,0.0951163801888613,0.017741362998168548,-0.01927579566125103,47.26061764502133,0.0,50.28655469452031
139,2024,0,-1.4172612084475835,-1.5679269268674483,0.6736505539922644,0,36,50.28655469452031,0,1.1577068364507301,-0.11586082638444177,0.2714161015489934,0.57472940537136,-0.00444278491197758,-0.012711737741521411,0.13138463484765991,0.0415051413705474,0.0951163801888613,50.881778518770446,0.0,
140,2015,0,-0.42753152244705156,0.11427959889063935,-1.6731166743651948,1,32,56.723030232880156,1,1.132875177057442,0.02427758634275312,0.404680620831155,0.3890410134538291,0.048563077010010273,0.05595332877586704,0.12113797031826773,-0.0057905226607191385,,,,59.49798515479151
140,2016,0,-0.42753152244705156,0.11427959889063935,-1.6731166743651948,1,33,59.49798515479151,0,1.0767889382136375,0.08515554347852529,0.3320508378622855,0.28684550986773566,0.057764652901392946,0.07576286847999272,0.12185582777767759,-0.010605975021153432,0.12113797031826773,56.723030232880156,1.0,61.686807696083804
140,2017,0,-0.42753152244705156,0.11427959889063935,-1.6731166743651948,1,34,61.686807696083804,0,1.615973728258461,-0.07806562484465641,0.3125311225150784,0.2479545387220022,0.06163081689351793,0.04908552864550661,0.19912568833366787,0.04625635356331933,0.12185582777767759,59.49798515479151,0.0,59.78379700760116
140,2018,0,-0.42753152244705156,0.11427959889063935,-1.6731166743651948,1,35,59.78379700760116,0,1.2359137447211963,0.13749837999323605,0.34653333855282636,0.3309620196552944,0.06604554515039024,0.019817256234559488,0.1222531368653895,-0.01684798478965619,0.19912568833366787,61.686807696083804,0.0,61.416444055406345
140,2019,0,-0.42753152244705156,0.11427959889063935,-1.6731166743651948,1,36,61.416444055406345,1,1.5653000726006885,0.18075553914046558,0.3840547626780608,0.3431852367231018,0.054214576151042734,0.05101354346891759,0.15788173690286525,-0.014098553339462385,0.1222531368653895,59.78379700760116,0.0,66.31596541466399
140,2020,0,-0.42753152244705156,0.11427959889063935,-1.6731166743651948,1,37,66.31596541466399,0,1.4132230025289996,0.06152670188144514,0.2353689486871996,0.2118382899830318,0.023847668116343174,0.0558243551730611,0.17874274780521132,0.025836286017422674,0.15788173690286525,61.416444055406345,1.0,62.32042960796205
140,2021,0,-0.42753152244705156,0.11427959889063935,-1.6731166743651948,1,38,62.32042960796205,0,1.8418131881522384,0.1488149107039633,0.3515457449065681,0.27260262378572003,0.005767842317689904,0.048318571432729655,0.1989317256478084,0.00650110022416874,0.17874274780521132,66.31596541466399,0.0,64.38841023933944
140,2022,0,-0.42753152244705156,0.11427959889063935,-1.6731166743651948,1,39,64.38841023933944,0,1.3360754773457262,0.09469675273082431,0.26933371521340804,0.2219992649450108,0.051828442232672384,0.053233169963470876,0.2054597406389429,0.05161920551331105,0.1989317256478084,62.32042960796205,0.0,65.90811651077495
140,2023,0,-0.42753152244705156,0.11427959889063935,-1.6731166743651948,1,40,65.90811651077495,0,1.7069418341566733,0.0812581703759955,0.5483534805348438,0.32241789932235676,0.042423633979339556,0.045374423395919496,0.20902798158770128,0.022855569980304365,0.2054597406389429,64.38841023933944,0.0,72.60345661402451
140,2024,0,-0.42753152244705156,0.11427959889063935,-1.6731166743651948,1,41,72.60345661402451,0,1.380164418847693,0.030873971913317734,0.33368287279916725,0.48014385629574946,0.05664367428142795,0.08049380809386782,0.10600214674143493,-0.05236683932709746,0.20902798158770128,65.90811651077495,0.0,
141,2015,8,-0.020183250505989354,0.6756597961655092,1.1742458454944447,0,21,65.75540545338916,0,1.2744203252091408,0.028210487690203012,0.14821015771000315,0.460357457430888,0.02176559073387747,0.04816080863916862,0.19092783529173327,0.03213897010637698,,,,65.41422236589776
141,2016,8,-0.020183250505989354,0.6756597961655092,1.1742458454944447,0,22,65.41422236589776,0,0.9926859647263288,-0.048494596928884276,0.22152202266124352,0.4501517841689358,0.015963449441658055,0.03221191085262967,0.147615532662382,0.011737108920938839,0.19092783529173327,65.75540545338916,0.0,59.61638272375625
141,2017,8,-0.020183250505989354,0.6756597961655092,1.1742458454944447,0,23,59.61638272375625,0,1.750649562870438,0.08071543069482584,0.2902211019244662,0.38176257951552844,0.05341758710695037,0.054574811868350566,0.15158660106319286,-0.05530303671967882,0.147615532662382,65.41422236589776,0.0,62.81937547185937
141,2018,8,-0.020183250505989354,0.6756597961655092,1.1742458454944447,0,24,62.81937547185937,0,1.8767996656371844,0.07695647560920649,0.2961030740249424,0.42934463297280756,0.03621910741069163,0.07432896411110536,0.22023554082861924,-0.00023451698765089408,0.15158660106319286,59.61638272375625,0.0,73.70654091924622
141,2019,8,-0.020183250505989354,0.6756597961655092,1.1742458454944447,0,25,73.70654091924622,0,1.4193284679761202,-0.07219740749364814,0.3823915121308752,0.5835408615865615,0.0333219935598775,0.053948589420872745,0.19419737268576256,0.017977050006784533,0.22023554082861924,62.81937547185937,0.0,71.95964619622349
141,2020,8,-0.020183250505989354,0.6756597961655092,1.1742458454944447,0,26,71.95964619622349,0,2.038069975812792,0.0315575547980749,0.21042969696113237,0.2948088692232638,0.00799184441605907,0.05343381577526597,0.18835224162204092,-0.038110387285492146,0.19419737268576256,73.70654091924622,0.0,74.56387915012891
141,2021,8,-0.020183250505989354,0.6756597961655092,1.1742458454944447,0,27,74.56387915012891,0,2.234507505115617,0.14698073296588798,0.31684751162411434,0.4582953845293612,0.025131168272765243,0.06579840895758032,0.3062652921534707,0.052974154749757266,0.18835224162204092,71.95964619622349,0.0,77.75590354634276
141,2022,8,-0.020183250505989354,0.6756597961655092,1.1742458454944447,0,28,77.75590354634276,0,2.489144215763061,0.19741735692834836,0.35093004482379225,0.5786526090922567,0.02724979269785709,0.05755679523332757,0.2312514038682662,-0.04590489430983134,0.3062652921534707,74.56387915012891,0.0,87.91864574490866
141,2023,8,-0.020183250505989354,0.6756597961655092,1.1742458454944447,0,29,87.91864574490866,0,2.1543099467394358,0.13394756826061732,0.2674900204047383,0.3906251242030686,0.004698758261095941,0.06131675705930777,0.23516077435538377,-0.013500289844312055,0.2312514038682662,77.75590354634276,0.0,94.78297514319543
141,2024,8,-0.020183250505989354,0.6756597961655092,1.1742458454944447,0,30,94.78297514319543,0,1.8546991744899994,0.2471125455522167,0.1275506278374667,0.4363462751544229,-0.0003090405869458218,0.06522415415683203,0.22414591106685228,-0.008344442214753764,0.23516077435538377,87.91864574490866,0.0,
142,2015,0,0.8854334626627933,0.6258068231775188,-0.43907632851365724,1,31,60.91367409412084,0,1.224901036736278,0.14114441810706935,0.23854318660918716,0.5078011986060917,0.07783157249533115,0.09235511326101072,0.170207979748001,0.016363330539725305,,,,62.26609097171573
142,2016,0,0.8854334626627933,0.6258068231775188,-0.43907632851365724,1,32,62.26609097171573,1,2.2589747755497323,0.28079875934268594,0.23505066838620012,0.4542970352697902,0.06640995756214478,0.07020342484271391,0.2769629550751012,0.0417558407999918,0.170207979748001,60.91367409412084,0.0,59.889380839774404
142,2017,0,0.8854334626627933,0.6258068231775188,-0.43907632851365724,1,33,59.889380839774404,1,2.024627878248515,0.1016959691075811,0.30941302397824,0.3057119119862224,0.05533849626895028,0.031227229473781263,0.12304901021275023,-0.08337022585006067,0.2769629550751012,62.26609097171573,1.0,60.75541184841279
142,2018,0,0.8854334626627933,0.6258068231775188,-0.43907632851365724,1,34,60.75541184841279,0,2.3718619238269736,0.038800470825869474,0.4557773566138208,0.4004972384420213,0.05889516023691497,0.07792315335876464,0.2248470272589849,-0.010931119812594602,0.12304901021275023,59.889380839774404,1.0,65.4524871806115
142,2019,0,0.8854334626627933,0.6258068231775188,-0.43907632851365724,1,35,65.4524871806115,0,2.099681348870966,-0.00917646874813699,0.6487396016826927,0.24041807678800914,0.06292803340765901,0.06767284310415517,0.19810720312078584,-0.02686049596106341,0.2248470272589849,60.75541184841279,0.0,62.97163793502001
142,2020,0,0.8854334626627933,0.6258068231775188,-0.43907632851365724,1,36,62.97163793502001,1,2.072546137202525,0.19974277465013474,0.23340971725704712,0.5015296707989084,0.03706364345135456,0.04005404731231852,0.21445119591318465,0.0012387899173090825,0.19810720312078584,65.4524871806115,0.0,72.03249323747777
142,2021,0,0.8854334626627933,0.6258068231775188,-0.43907632851365724,1,37,72.03249323747777,0,2.2302309866092784,0.1744201736041876,0.18586492044695915,0.43627654159903445,0.06362768800599801,0.049985363645074,0.19258213572259902,-0.03313574559481557,0.21445119591318465,62.97163793502001,1.0,74.39039497478225
142,2022,0,0.8854334626627933,0.6258068231775188,-0.43907632851365724,1,38,74.39039497478225,0,2.005566741411682,0.11375430294010846,0.500691516568855,0.5115359830155483,0.06516380482349829,0.02447766967143105,0.1929421410349914,-0.016531377016946257,0.19258213572259902,72.03249323747777,0.0,73.94376107077926
142,2023,0,0.8854334626627933,0.6258068231775188,-0.43907632851365724,1,39,73.94376107077926,0,1.526565384795785,0.18993012201695136,0.17041912916076582,0.3402433343437862,0.08945100443188563,0.10034684435252489,0.17489483853927384,-0.01674801545970815,0.1929421410349914,74.39039497478225,0.0,80.4744089422039
142,2024,0,0.8854334626627933,0.6258068231775188,-0.43907632851365724,1,40,80.4744089422039,0,2.0413600715320355,0.20313844633723233,0.3556700370417889,0.302028290769264,0.07413676889892684,0.039165415317501985,0.2223614223646736,0.00022404767536112724,0.17489483853927384,73.94376107077926,0.0,
143,2015,8,-1.1408587285011698,0.1806568941676866,-0.7660658418521984,1,14,50.37037409365211,0,0.7292682914051083,0.19115488433696598,0.21021822837233287,0.27726251900743,0.030689614852440032,0.07417270726636806,0.16744740516794498,0.021938982120574425,,,,47.571368014577835
143,2016,8,-1.1408587285011698,0.1806568941676866,-0.7660658418521984,1,15,47.571368014577835,0,0.7240913179985645,0.21019278694835858,0.40398962404882094,0.31197892197392707,0.016243404244848287,0.04222835278355927,0.15074263850078562,0.002698199650906532,0.16744740516794498,50.37037409365211,0.0,47.35397431867348
143,2017,8,-1.1408587285011698,0.1806568941676866,-0.7660658418521984,1,16,47.35397431867348,0,0.9096412566291568,0.20699637446889435,0.26144317064877554,0.3102106711621416,0.02910132125293534,0.05331921219854222,0.16395012536749895,0.005147988271732179,0.15074263850078562,47.571368014577835,0.0,45.188668122567144
143,2018,8,-1.1408587285011698,0.1806568941676866,-0.7660658418521984,1,17,45.188668122567144,0,0.9106549388827261,0.15481493557573328,0.15928473406159283,0.3463337003350803,0.01935255501448417,0.05078855851256204,0.17654551819252454,0.024931579369099763,0.16395012536749895,47.35397431867348,0.0,49.34495082448186
143,2019,8,-1.1408587285011698,0.1806568941676866,-0.7660658418521984,1,18,49.34495082448186,0,1.0203895507192091,0.003935510421828714,0.16793982235869637,0.33413284651673747,0.04104559836471747,0.044177629607224524,0.13629980449982712,-0.01212246882538569,0.17654551819252454,45.188668122567144,0.0,51.06016497225748
143,2020,8,-1.1408587285011698,0.1806568941676866,-0.7660658418521984,1,19,51.06016497225748,0,0.9720565859258217,-0.02639116680377064,0.10391176001252068,0.4133647989723735,0.04521955774972902,0.05624647662736175,0.12353976482579578,-0.017924777681029527,0.13629980449982712,49.34495082448186,0.0,57.14010044812397
143,2021,8,-1.1408587285011698,0.1806568941676866,-0.7660658418521984,1,20,57.14010044812397,0,1.2636070659206147,0.11738922174073982,0.2243736034694739,0.37900852214484515,0.005001404254389188,0.03791347009848248,0.17550589987411536,0.001677910013160698,0.12353976482579578,51.06016497225748,0.0,58.22828624434929
143,2022,8,-1.1408587285011698,0.1806568941676866,-0.7660658418521984,1,21,58.22828624434929,0,2.261863318979576,-0.030032578956773123,0.2658935106933911,0.5092736597480978,-0.005829981033351785,0.006744194188555097,0.16655985599982417,-0.06084774206633075,0.17550589987411536,57.14010044812397,0.0,67.12388228162071
143,2023,8,-1.1408587285011698,0.1806568941676866,-0.7660658418521984,1,22,67.12388228162071,0,1.2900643634969975,-0.03832125883090025,0.2640720773422081,0.23709808310890224,0.029269531812349377,0.07418032522203623,0.19491877721016757,0.015126148204038103,0.16655985599982417,58.22828624434929,0.0,65.77370864299951
143,2024,8,-1.1408587285011698,0.1806568941676866,-0.7660658418521984,1,23,65.77370864299951,0,1.3050565829373464,0.06039564718278949,0.30517210286626956,0.577213373060326,-0.01643170561133217,0.030846977460656653,0.14109774821196258,-0.03449042203747928,0.19491877721016757,67.12388228162071,0.0,
144,2015,9,-0.3129939385266677,0.12860093813322396,-0.9047289776583771,1,27,66.12085336776722,0,1.2702286818559985,0.008465217858437887,0.40380544373937,0.2731161209676338,0.021273665210515103,0.05892305175544271,0.16220518648658738,-0.0177022470530616,,,,63.625861423941444
144,2016,9,-0.3129939385266677,0.12860093813322396,-0.9047289776583771,1,28,63.625861423941444,0,0.9556629840640507,0.05543032654836596,0.3157314726518519,0.41001150071096326,0.06391005122168869,0.028126022461112034,0.16332424786727753,0.012066871055428835,0.16220518648658738,66.12085336776722,0.0,65.76973182844948
144,2017,9,-0.3129939385266677,0.12860093813322396,-0.9047289776583771,1,29,65.76973182844948,1,1.4771325225468213,-0.020032078931034522,0.08914341900778189,0.3656148747792123,0.047751621601506,0.02891216425214552,0.204517304512887,0.028328203268708465,0.16332424786727753,63.625861423941444,0.0,67.70890230753353
144,2018,9,-0.3129939385266677,0.12860093813322396,-0.9047289776583771,1,30,67.70890230753353,0,1.6642400336227674,0.07230710620322135,0.26585062166752266,0.3973549003290218,0.02980157914502679,0.03424358394138543,0.20290496604868227,-0.002588515000197509,0.204517304512887,65.76973182844948,1.0,74.18318008686153
144,2019,9,-0.3129939385266677,0.12860093813322396,-0.9047289776583771,1,31,74.18318008686153,0,1.7480734977400743,0.059108286615920644,0.5192103008439203,0.42709305514689133,0.07862091396909854,0.0394897590275361,0.21722875992616078,-0.0036256425499026647,0.20290496604868227,67.70890230753353,0.0,82.48743469326958
144,2020,9,-0.3129939385266677,0.12860093813322396,-0.9047289776583771,1,32,82.48743469326958,0,1.7211573434449898,0.07018349661455195,0.42549745156871904,0.3541625364518072,0.02317897414441914,0.051703608435920416,0.22001708688775806,-0.0021271432990664584,0.21722875992616078,74.18318008686153,0.0,88.14179318824658
144,2021,9,-0.3129939385266677,0.12860093813322396,-0.9047289776583771,1,33,88.14179318824658,0,1.9506996349031949,0.13345437068141464,0.24250391585012196,0.5952802729065246,0.02906565929141075,0.037192962144209384,0.2371584834544207,0.0071857275202805585,0.22001708688775806,82.48743469326958,0.0,99.58656105022025
144,2022,9,-0.3129939385266677,0.12860093813322396,-0.9047289776583771,1,34,99.58656105022025,0,1.1051680910144346,-0.10666532209233648,0.3133045619697537,0.30158892712834257,0.06169442597131835,0.060059270832334755,0.17231123646735633,0.004910998847164349,0.2371584834544207,88.14179318824658,0.0,100.0
144,2023,9,-0.3129939385266677,0.12860093813322396,-0.9047289776583771,1,35,100.0,0,1.8088527391674858,-0.1131744361526236,0.2742294940302716,0.41778876258053743,0.026488619998802265,0.057908970460870096,0.207716349925229,-0.0032301823651495376,0.17231123646735633,99.58656105022025,0.0,100.0
144,2024,9,-0.3129939385266677,0.12860093813322396,-0.9047289776583771,1,36,100.0,1,1.76383754211403,0.11768159274242505,0.2766955868536497,0.30638647851334283,0.07297337365268447,0.0626933619928235,0.2792454249516496,0.048704610902481765,0.207716349925229,100.0,0.0,
145,2015,9,0.1352902231333212,1.0085090085738415,-0.14157482027776014,1,9,64.06994803543328,0,1.7728356536297305,0.16653222989103883,0.32538692051992135,0.39679391468459074,0.043642766488793054,0.062254890630202515,0.24400671184715372,0.015166950155890655,,,,64.48279257667636
145,2016,9,0.1352902231333212,1.0085090085738415,-0.14157482027776014,1,10,64.48279257667636,0,1.606080580831384,0.2635625914990794,0.15607979002247768,0.44606979691609266,0.03980842237004844,0.06982550635554109,0.26079269581683245,0.03607975101694992,0.24400671184715372,64.06994803543328,0.0,75.11869654873303
145,2017,9,0.1352902231333212,1.0085090085738415,-0.14157482027776014,1,11,75.11869654873303,0,1.9114078396432368,0.11062826322426733,0.31288410657582083,0.42360105328897035,0.04197229888399283,0.058076983003678355,0.299606919602285,0.060213203773518104,0.26079269581683245,64.48279257667636,0.0,79.75087365276602
145,2018,9,0.1352902231333212,1.0085090085738415,-0.14157482027776014,1,12,79.75087365276602,0,2.078023185739021,0.19128767173268127,0.19509346808602362,0.1676703982252354,0.033226870322437686,0.07580247013931257,0.2655347533262031,0.0015090683149092674,0.299606919602285,75.11869654873303,0.0,83.60834644501647
145,2019,9,0.1352902231333212,1.0085090085738415,-0.14157482027776014,1,13,83.60834644501647,1,1.7797628138289407,0.12752112241800756,0.3155392599363952,0.4771518889245735,0.0502412216383793,0.06498245859885436,0.20999810723769402,-0.024330667949500298,0.2655347533262031,79.75087365276602,0.0,82.63863318209336
145,2020,9,0.1352902231333212,1.0085090085738415,-0.14157482027776014,1,14,82.63863318209336,0,2.122785625558316,0.2146864775040772,0.2033197725186522,0.5261072352921116,0.02180248654808954,0.06988469824031349,0.24719880228285188,-0.013053825567055111,0.20999810723769402,83.60834644501647,1.0,81.90276171739795
145,2021,9,0.1352902231333212,1.0085090085738415,-0.14157482027776014,1,15,81.90276171739795,0,2.1572906765287034,0.24328587324639794,0.1998006441616483,0.29211823769349754,0.014431508777028649,0.06053936769015982,0.32057746784706176,0.05152330098422851,0.24719880228285188,82.63863318209336,0.0,85.36828023993797
145,2022,9,0.1352902231333212,1.0085090085738415,-0.14157482027776014,1,16,85.36828023993797,0,2.100248772402267,0.2630530840525628,0.4788714962567666,0.5454710095052507,0.045484488636726224,0.06929045099126031,0.2596136555585928,-0.0177182512105703,0.32057746784706176,81.90276171739795,0.0,87.25125760874658
145,2023,9,0.1352902231333212,1.0085090085738415,-0.14157482027776014,1,17,87.25125760874658,0,2.340102674857953,0.1447512510848605,0.2537215723096706,0.5113811920016947,0.04051245065483812,0.08729862883086195,0.2989478344917667,0.017957275173355654,0.2596136555585928,85.36828023993797,0.0,91.73959478503062
145,2024,9,0.1352902231333212,1.0085090085738415,-0.14157482027776014,1,18,91.73959478503062,1,2.566856962887358,0.08469437254130346,0.2975264692043069,0.6154304623491288,0.041256207021023,0.08056220550587138,0.2708375947339993,-0.02200910227867495,0.2989478344917667,87.25125760874658,0.0,
146,2015,2,0.5282481520222153,-0.2591074303663392,0.49686511615408463,0,21,60.96148391629195,1,1.799444114777967,0.092846466659431,0.3143026114922927,0.5433848386622919,0.03991906289189502,0.07895122901879445,0.21915456638920666,0.02488989851863589,,,,63.10018593920029
146,2016,2,0.5282481520222153,-0.2591074303663392,0.49686511615408463,0,22,63.10018593920029,0,1.0687065885189608,0.09927211666399272,0.41823845888094324,0.5069245575402267,0.0628207461682999,0.04793245129666289,0.17095561779350113,0.02573052234438671,0.21915456638920666,60.96148391629195,1.0,58.18825139369664
146,2017,2,0.5282481520222153,-0.2591074303663392,0.49686511615408463,0,23,58.18825139369664,0,1.4467748885238843,-0.12040464751036511,0.2124896321017131,0.49374847851205794,0.04359760623842206,0.06207517215178064,0.12020828022345376,-0.03060766199398981,0.17095561779350113,63.10018593920029,0.0,58.73555840505566
146,2018,2,0.5282481520222153,-0.2591074303663392,0.49686511615408463,0,24,58.73555840505566,0,1.7568787498722918,0.011740285481293466,0.3489801884931083,0.7536643955211835,0.04789744508517338,0.010234102046624852,0.13684102501303652,-0.03299213750156708,0.12020828022345376,58.18825139369664,0.0,66.04826859613311
146,2019,2,0.5282481520222153,-0.2591074303663392,0.49686511615408463,0,25,66.04826859613311,0,1.337203707576018,0.14014018589894334,0.34511718612247283,0.4885420800856107,0.07949740457279755,0.02946478039070584,0.21550950030579083,0.054781399538960614,0.13684102501303652,58.73555840505566,0.0,69.44528064517327
146,2020,2,0.5282481520222153,-0.2591074303663392,0.49686511615408463,0,26,69.44528064517327,0,1.8363825407774756,0.08702103888266961,0.3524511882076569,0.4312322730355873,0.0415971057675929,0.038757916045157104,0.17801455285950607,-0.020851214640857745,0.21550950030579083,66.04826859613311,0.0,68.52910830780797
146,2021,2,0.5282481520222153,-0.2591074303663392,0.49686511615408463,0,27,68.52910830780797,0,1.4638849218003185,0.03458720111822813,0.2697170881697349,0.4723290228813093,0.04198356135785819,0.03169424603270603,0.182356065886598,0.01907007180900227,0.17801455285950607,69.44528064517327,0.0,70.30666622578494
146,2022,2,0.5282481520222153,-0.2591074303663392,0.49686511615408463,0,28,70.30666622578494,0,1.828064566664016,0.06461421842742902,0.38495060815276794,0.28141217018006137,0.025653270668311735,0.05718618795067615,0.14127047744232493,-0.06424489421902965,0.182356065886598,68.52910830780797,0.0,75.56551803707359
146,2023,2,0.5282481520222153,-0.2591074303663392,0.49686511615408463,0,29,75.56551803707359,0,1.5269023836546693,0.04165321435738386,0.15940740924219196,0.3960000773969163,0.056318925373025255,0.07608316743548603,0.14351766880489172,-0.0331459901347384,0.14127047744232493,70.30666622578494,0.0,78.52725465215104
146,2024,2,0.5282481520222153,-0.2591074303663392,0.49686511615408463,0,30,78.52725465215104,0,1.9668830371474364,0.15673045901745955,0.33364550847324737,0.5603514680184748,0.05282920264796002,0.04236836749676439,0.20616354407594376,-0.006393810111368457,0.14351766880489172,75.56551803707359,0.0,
147,2015,5,0.4827691875142109,1.3166710199749658,-1.1949866201726824,0,3,65.76179945118199,0,2.0024844669022097,0.32145080408943166,0.3281820405348749,0.6452074681003098,0.08658774081069216,0.07222101037229893,0.22377643599894936,-0.012748904646634767,,,,64.28728897357495
147,2016,5,0.4827691875142109,1.3166710199749658,-1.1949866201726824,0,4,64.28728897357495,0,2.3071805483507988,0.31620368192212556,0.42348906621636806,0.22506502496146338,0.05552566770367321,0.06488406838279215,0.2493278879933752,-0.021975632668790355,0.22377643599894936,65.76179945118199,0.0,65.3093878251612
147,2017,5,0.4827691875142109,1.3166710199749658,-1.1949866201726824,0,5,65.3093878251612,0,1.5949507859232117,0.17572379414343992,0.32150057626484513,0.3231819076861475,0.05588669642943127,0.07300102253298577,0.22807926589964894,0.018742320953814055,0.2493278879933752,64.28728897357495,0.0,61.05612917181804
147,2018,5,0.4827691875142109,1.3166710199749658,-1.1949866201726824,0,6,61.05612917181804,0,2.611938137566971,0.4243776014479159,0.3598715525564571,0.2797258005040045,0.06010866525314548,0.07924164887265062,0.27262097206681735,-0.0303709594262439,0.22807926589964894,65.3093878251612,0.0,64.61710637851536
147,2019,5,0.4827691875142109,1.3166710199749658,-1.1949866201726824,0,7,64.61710637851536,0,2.815951612584741,0.25103319049127554,0.19374726201170067,0.37840608285597116,0.08302393536755122,0.04343691792529237,0.22659043205575485,-0.06441488821335893,0.27262097206681735,61.05612917181804,0.0,62.98149163000695
147,2020,5,0.4827691875142109,1.3166710199749658,-1.1949866201726824,0,8,62.98149163000695,0,1.6343971534606831,0.29602992331796085,0.5466164303345971,0.23569942514802833,0.0548772028443415,0.0703025098514402,0.2642246206120353,0.032066199546932996,0.22659043205575485,64.61710637851536,0.0,68.40415508574843
147,2021,5,0.4827691875142109,1.3166710199749658,-1.1949866201726824,0,9,68.40415508574843,0,2.167831334651809,0.08468029976035597,0.24610796554446118,0.38869985644558785,0.04102108363417144,0.05258321903436411,0.21605035669780653,-0.022567190964385656,0.2642246206120353,62.98149163000695,0.0,66.47892455775057
147,2022,5,0.4827691875142109,1.3166710199749658,-1.1949866201726824,0,10,66.47892455775057,0,2.759012228702559,0.1453407452169111,0.21957751161249775,0.20387183654525887,0.07722507338036232,0.09990158980468883,0.3257982140141266,0.028653005848376364,0.21605035669780653,68.40415508574843,0.0,75.32669201177377
147,2023,5,0.4827691875142109,1.3166710199749658,-1.1949866201726824,0,11,75.32669201177377,0,2.426934818083842,0.16400983677670436,0.2653339146069607,0.3227652337886718,0.07412307010983094,0.0888295186412075,0.2569301611824291,-0.020125801699890675,0.3257982140141266,66.47892455775057,0.0,87.48139932124508
147,2024,5,0.4827691875142109,1.3166710199749658,-1.1949866201726824,0,12,87.48139932124508,0,2.6478529339544687,0.29901045544147675,0.20313954503148085,0.2881358370652862,0.08006644160201679,0.05130040771798461,0.2869628059438188,-0.004086920293731315,0.2569301611824291,75.32669201177377,0.0,
148,2015,7,0.5014701056101668,-0.07469201351563573,-0.7604759491952559,0,20,63.48939591653467,0,1.1319349243180485,0.05148957847136083,0.3152665655351425,0.44625405066407203,0.08265731446838563,0.015955485117089857,0.13833162654095213,-0.012245704152369398,,,,63.71356586487166
148,2016,7,0.5014701056101668,-0.07469201351563573,-0.7604759491952559,0,21,63.71356586487166,1,1.5768084560973448,0.005083793341998606,0.27182930593600096,0.36550771614685573,0.08742100753106403,0.06281118523529579,0.21075459646089179,0.02016500453626107,0.13833162654095213,63.48939591653467,0.0,66.92255244869352
148,2017,7,0.5014701056101668,-0.07469201351563573,-0.7604759491952559,0,22,66.92255244869352,0,1.6861765308949805,-0.11535462372682825,0.46027462502384753,0.2993525861871187,0.09224581728805537,0.07053109007293834,0.23595458249455836,0.03364534604704959,0.21075459646089179,63.71356586487166,1.0,63.04410109011696
148,2018,7,0.5014701056101668,-0.07469201351563573,-0.7604759491952559,0,23,63.04410109011696,0,1.195975663469357,0.08602639852082115,0.13804486296517549,0.3313749413032533,0.04692675570602461,0.029421483080535247,0.17665157488300198,0.012980476647931505,0.23595458249455836,66.92255244869352,0.0,63.30548503404703
148,2019,7,0.5014701056101668,-0.07469201351563573,-0.7604759491952559,0,24,63.30548503404703,0,1.6191448574976048,-0.022775644075215012,0.36704721579485866,0.41711204328977136,0.08358736558867855,0.033007393052598574,0.18691109787651836,-0.0044426592862784305,0.17665157488300198,63.04410109011696,0.0,67.62640593351414
148,2020,7,0.5014701056101668,-0.07469201351563573,-0.7604759491952559,0,25,67.62640593351414,0,1.7120665377988171,0.037419686703482356,0.485417073802674,0.29217899296547145,0.08025643384747191,0.052127645378937014,0.23360770146398802,0.019086295595762186,0.18691109787651836,63.30548503404703,0.0,73.97496086166896
148,2021,7,0.5014701056101668,-0.07469201351563573,-0.7604759491952559,0,26,73.97496086166896,0,1.6479711187928632,-0.06241571330777489,0.2292988698341728,0.38263010280942783,0.09076485559471784,0.03992345085162962,0.16095118236385178,-0.030831048441304926,0.23360770146398802,67.62640593351414,0.0,80.19381077516151
148,2022,7,0.5014701056101668,-0.07469201351563573,-0.7604759491952559,0,27,80.19381077516151,0,1.6256285083676136,0.014869555727834285,0.3859083284139088,0.4126645409856674,0.09638454008539649,0.051417194668194034,0.21872035475816679,0.01666441743268334,0.16095118236385178,73.97496086166896,0.0,80.40335142043224
148,2023,7,0.5014701056101668,-0.07469201351563573,-0.7604759491952559,0,28,80.40335142043224,0,1.457056117240322,0.14863732123543805,0.2967455237399415,0.40518341559018756,0.09163564942514527,0.02859075460591515,0.18984981816446622,-0.005224436108183732,0.21872035475816679,80.19381077516151,0.0,79.22889636145081
148,2024,7,0.5014701056101668,-0.07469201351563573,-0.7604759491952559,0,29,79.22889636145081,0,2.1317616918646847,0.03226092794656082,0.5907469832650195,0.32163384130154216,0.048795647287708466,0.09666673641271861,0.24560671856106792,-0.015409646893980267,0.18984981816446622,80.40335142043224,0.0,
149,2015,6,0.025596774008478082,0.888485629963362,-0.927275310392739,1,11,65.11171634197683,0,1.4957471446336652,0.22595023595099903,0.36696613756632984,0.2891605398830464,0.03881340921328456,0.06810965825135992,0.1766158041780722,-0.02184779891687437,,,,65.38634951166527
149,2016,6,0.025596774008478082,0.888485629963362,-0.927275310392739,1,12,65.38634951166527,0,1.5057707003780685,0.22021538142383879,0.32718798617793704,0.5796005013649816,0.09136719862409767,0.06902187283342895,0.23396427086614863,0.03865792506379102,0.1766158041780722,65.11171634197683,0.0,69.92362455890535
149,2017,6,0.025596774008478082,0.888485629963362,-0.927275310392739,1,13,69.92362455890535,1,2.0831756140358384,0.21005751386059243,0.4158983705617606,0.30097718167188425,0.06132976222286299,0.05621702658556399,0.24631300859286004,0.0031679939967186963,0.23396427086614863,65.38634951166527,0.0,78.24146533807377
149,2018,6,0.025596774008478082,0.888485629963362,-0.927275310392739,1,14,78.24146533807377,1,1.959722591699875,0.24188772993591448,0.4458076052181647,0.4341933895190164,0.08396276507823985,0.0933169717943595,0.1961111017345088,-0.049393592193947886,0.24631300859286004,69.92362455890535,1.0,77.34221460947377
149,2019,6,0.025596774008478082,0.888485629963362,-0.927275310392739,1,15,77.34221460947377,0,1.94672257966206,0.15485570106421265,0.4440649995268931,0.4362480105476679,0.0578893606084685,0.06062979753886129,0.16009052445480715,-0.06960367526910775,0.1961111017345088,78.24146533807377,1.0,79.17168435258864
149,2020,6,0.025596774008478082,0.888485629963362,-0.927275310392739,1,16,79.17168435258864,0,2.1389487270031204,0.08622750430805262,0.2701768845147815,0.3920614966194811,0.0772128661490242,0.0706132639343912,0.19006679189798123,-0.04468087367456173,0.16009052445480715,77.34221460947377,0.0,78.34378971617772
149,2021,6,0.025596774008478082,0.888485629963362,-0.927275310392739,1,17,78.34378971617772,0,2.117764409597102,0.20430602181833202,0.3422028428682736,0.3734508861439802,0.0522331757221873,0.027198769053021654,0.24429864692965317,0.007258259693533254,0.19006679189798123,79.17168435258864,0.0,85.11438502459205
149,2022,6,0.025596774008478082,0.888485629963362,-0.927275310392739,1,18,85.11438502459205,0,2.2546590705731795,0.13579066266170153,0.3827278781233863,0.2097154909130247,0.057785938621230167,0.061919140401135296,0.2942533479014585,0.03751957264949966,0.24429864692965317,78.34378971617772,0.0,87.63371836536916
149,2023,6,0.025596774008478082,0.888485629963362,-0.927275310392739,1,19,87.63371836536916,0,1.9504630719247373,-0.003591038790665857,0.32021006090783627,0.34615271517268004,0.04867197817574363,0.09096556067052801,0.1961490583644462,-0.033622466929949586,0.2942533479014585,85.11438502459205,0.0,89.2948781921978
149,2024,6,0.025596774008478082,0.888485629963362,-0.927275310392739,1,20,89.2948781921978,0,1.8659925052585185,0.07729063768467176,0.3703415509453002,0.2673574275093013,0.029331489182145995,0.060018337924207084,0.2501425071996265,0.026596389872412897,0.1961490583644462,87.63371836536916,0.0,
150,2015,3,0.4527920739578389,-0.9834109067846157,0.6833279659545367,0,24,66.95452619875343,0,1.1207579542145631,0.1458962927110537,0.15269768941777329,0.572913338884676,0.0134370703632238,0.042788371187058936,0.07881854291699356,-0.05520039188365686,,,,72.13253213921054
150,2016,3,0.4527920739578389,-0.9834109067846157,0.6833279659545367,0,25,72.13253213921054,1,0.39316037226841705,0.02313507334786479,0.19712257875490852,0.5331365545677603,0.03989331546536994,0.01814719353455716,0.12912360582211596,0.059081561823411385,0.07881854291699356,66.95452619875343,0.0,70.7426534229666
150,2017,3,0.4527920739578389,-0.9834109067846157,0.6833279659545367,0,26,70.7426534229666,0,1.1211933417572517,-0.11733072890273528,0.31790828547506833,0.31094373710909023,0.055742301914081444,0.03142198635421827,0.08971738112889682,-0.03479288556489416,0.12912360582211596,72.13253213921054,1.0,70.8483764026924
150,2018,3,0.4527920739578389,-0.9834109067846157,0.6833279659545367,0,27,70.8483764026924,0,0.7686064457380308,-0.058596128805371045,0.3824199406388017,0.5643066548473287,0.014749848477488097,0.033550231109038695,0.15794931278327912,0.05590737996274285,0.08971738112889682,70.7426534229666,0.0,76.02038168740779
150,2019,3,0.4527920739578389,-0.9834109067846157,0.6833279659545367,0,28,76.02038168740779,0,0.8984096540810346,-0.07072978210871034,0.32775248446436095,0.37104048581433047,0.04240746469028875,0.0319062161009354,0.07926321520800947,-0.03553034243131476,0.15794931278327912,70.8483764026924,0.0,74.43967697597739
150,2020,3,0.4527920739578389,-0.9834109067846157,0.6833279659545367,0,29,74.43967697597739,0,1.1044308103614604,-0.09928970974079532,0.286656215144764,0.5211465217719684,0.03816415728424784,0.011452599610372975,0.15773603850451734,0.04126161777935682,0.07926321520800947,76.02038168740779,0.0,80.68035656724926
150,2021,3,0.4527920739578389,-0.9834109067846157,0.6833279659545367,0,30,80.68035656724926,0,1.2663401498564082,-0.12692772605500702,0.4048589179518628,0.605804123173903,0.027988867186673552,0.013284062061399938,0.14525288408775486,0.012736617869386272,0.15773603850451734,74.43967697597739,0.0,83.83962644292224
150,2022,3,0.4527920739578389,-0.9834109067846157,0.6833279659545367,0,31,83.83962644292224,0,1.36021145085994,-0.14095670946796923,0.1887372818595647,0.358385717340872,0.05547091394045364,0.03919547287428729,0.15707724606426673,0.015630174407481524,0.14525288408775486,80.68035656724926,0.0,89.81498570321152
150,2023,3,0.4527920739578389,-0.9834109067846157,0.6833279659545367,0,32,89.81498570321152,0,1.2843824502167038,0.017887695246726884,0.23130198701191876,0.5369689504296894,0.022323810407985714,0.02331223660211732,0.13684036875881903,-0.007247978017854378,0.15707724606426673,83.83962644292224,0.0,92.22679357015531
150,2024,3,0.4527920739578389,-0.9834109067846157,0.6833279659545367,0,33,92.22679357015531,0,1.1236844475268315,0.011637411070762216,0.2508545571901595,0.41996515521144995,0.03692710857900425,0.034051309244210876,0.1556786039817931,0.017755784434450545,0.13684036875881903,89.81498570321152,0.0,
151,2015,7,-0.4874679716574978,-0.3585294987236534,0.618598978936451,0,3,62.077371867692946,0,0.8532048730947359,0.09050689518843714,0.16588394815612909,0.40770390381992444,0.052009386737500524,0.01618461686746384,0.09241747980386303,-0.029439210441762127,,,,65.447304603544
151,2016,7,-0.4874679716574978,-0.3585294987236534,0.618598978936451,0,4,65.447304603544,0,1.085038677157508,-0.051668015487388086,0.17015670193921714,0.37853115020641315,-0.00809768374453701,0.034931944599445784,0.11351930363181004,-0.018923787716464614,0.09241747980386303,62.077371867692946,0.0,59.64977848066145
151,2017,7,-0.4874679716574978,-0.3585294987236534,0.618598978936451,0,5,59.64977848066145,0,1.5571645550967295,0.07085768821500946,0.09501421456045751,0.6180407765188753,0.017606972771066924,0.040795310684777125,0.18703627545751952,0.016208967174096083,0.11351930363181004,65.447304603544,0.0,61.546228487869
151,2018,7,-0.4874679716574978,-0.3585294987236534,0.618598978936451,0,6,61.546228487869,0,1.486144805745547,0.01715244846620946,0.21196969767858692,0.5694454730850586,0.018718915519520395,0.011775879378383432,0.16168661855211297,-0.00200819647994019,0.18703627545751952,59.64977848066145,0.0,63.297559184423996
151,2019,7,-0.4874679716574978,-0.3585294987236534,0.618598978936451,0,7,63.297559184423996,0,1.1463655470557002,-0.02373015868497558,0.26036010045188424,0.5231267445275141,-0.01087662113953999,0.04040843196961217,0.09851863245905407,-0.04755108924376556,0.16168661855211297,61.546228487869,0.0,67.6815650600598
151,2020,7,-0.4874679716574978,-0.3585294987236534,0.618598978936451,0,8,67.6815650600598,0,0.9677277792282974,-0.07378427469680011,0.10378561723131013,0.46207871824242985,0.027171065442437546,0.07633267971980214,0.19516096689615883,0.06267949261244621,0.09851863245905407,63.297559184423996,0.0,70.58846993437798
151,2021,7,-0.4874679716574978,-0.3585294987236534,0.618598978936451,0,9,70.58846993437798,0,0.9455979143716686,0.09068279265380971,0.1848185478741919,0.5674681940696307,0.0023026201727464474,0.0026363347061171064,0.18704330940319536,0.05540443124838864,0.19516096689615883,67.6815650600598,0.0,71.55271716504289
151,2022,7,-0.4874679716574978,-0.3585294987236534,0.618598978936451,0,10,71.55271716504289,0,0.9784284057303541,-0.07584370938103212,0.1950814099619832,0.512733563815681,0.02571154290168604,0.04081740375052509,0.1587446575297211,0.026455181246815646,0.18704330940319536,70.58846993437798,0.0,82.08361094480914
151,2023,7,-0.4874679716574978,-0.3585294987236534,0.618598978936451,0,11,82.08361094480914,0,1.437740358436456,0.12305929093340104,0.28385326261801874,0.44863307017049736,0.003576218828938535,0.041857652609604196,0.22282002640179854,0.038951360255292264,0.1587446575297211,71.55271716504289,0.0,85.90095504123438
151,2024,7,-0.4874679716574978,-0.3585294987236534,0.618598978936451,0,12,85.90095504123438,0,1.513088053853219,-0.13856211060679197,0.09854323247681229,0.5521473279539924,-0.01736625926745874,0.014880111076992636,0.10864775636208202,-0.04956233901106006,0.22282002640179854,82.08361094480914,0.0,
152,2015,3,0.33187164625214044,-0.056963315927612994,0.8639899873513125,0,32,68.00804480249826,0,1.3161368456285565,-0.03791044064996028,0.1659653257368261,0.3405410475062685,0.014636770064161107,0.03644878962966656,0.20597237618280947,0.06145406014453119,,,,68.88396686152574
152,2016,3,0.33187164625214044,-0.056963315927612994,0.8639899873513125,0,33,68.88396686152574,0,1.0595385863656295,0.0790387591167021,0.26241890194585993,0.38462763385380055,0.036668624186551355,0.07262864634017378,0.1936946982047419,0.04345435350949321,0.20597237618280947,68.00804480249826,0.0,67.22313535056037
152,2017,3,0.33187164625214044,-0.056963315927612994,0.8639899873513125,0,34,67.22313535056037,0,1.5463961291850086,-0.08676803210646503,0.40188335696293326,0.5893870856460455,0.07659061674152688,0.042145470498287645,0.19393942403271322,0.027299824061374555,0.1936946982047419,68.88396686152574,0.0,55.60005672178164
152,2018,3,0.33187164625214044,-0.056963315927612994,0.8639899873513125,0,35,55.60005672178164,1,1.6889133521903898,0.04849025130565945,0.254494623822503,0.40043051338494956,0.05434647490239933,0.060495278770573084,0.22660593399641082,0.03637412321139687,0.19393942403271322,67.22313535056037,0.0,58.608219680285316
152,2019,3,0.33187164625214044,-0.056963315927612994,0.8639899873513125,0,36,58.608219680285316,1,1.2786360663138534,-0.13157954945406397,0.14167592840783166,0.35976970818177295,0.012855813186289033,0.037858687415785304,0.1289994987208335,-0.012727818987115593,0.22660593399641082,55.60005672178164,1.0,61.89502385729524
152,2020,3,0.33187164625214044,-0.056963315927612994,0.8639899873513125,0,37,61.89502385729524,0,1.8102228429075309,0.04166223571235233,0.24423762720440584,0.7210870944286072,0.03853997514669442,0.053408364697699245,0.19062671566523237,0.00044904266261254694,0.1289994987208335,58.608219680285316,1.0,67.7186499496273
152,2021,3,0.33187164625214044,-0.056963315927612994,0.8639899873513125,0,38,67.7186499496273,0,1.8743242617464642,-0.0384359608595679,0.27526544707364436,0.3468977823555389,0.04664829420059623,0.059614939621703306,0.19601859239409125,-0.005044661322673396,0.19062671566523237,61.89502385729524,0.0,75.61235455841303
152,2022,3,0.33187164625214044,-0.056963315927612994,0.8639899873513125,0,39,75.61235455841303,0,1.617568323944724,0.050332839083664996,0.21043848986255972,0.5159504448018074,0.04583554171115654,0.019718182133590393,0.16168279014054365,-0.014765777962664874,0.19601859239409125,67.7186499496273,0.0,77.1649959372572
152,2023,3,0.33187164625214044,-0.056963315927612994,0.8639899873513125,0,40,77.1649959372572,1,1.6686340825477226,0.02628981221029409,0.29611527148937955,0.4459857146767834,0.028223920996571693,0.056759869531589825,0.1622445459756009,-0.028551285736169572,0.16168279014054365,75.61235455841303,0.0,74.72507613383918
152,2024,3,0.33187164625214044,-0.056963315927612994,0.8639899873513125,0,41,74.72507613383918,1,1.3104586429322818,0.10038436896598846,0.164469888325701,0.5201020367037512,0.05080689018410619,0.06179717322698037,0.1395227116840411,-0.0279944901082782,0.1622445459756009,77.1649959372572,1.0,
153,2015,1,-1.8707282408132726,-1.6730249407225075,-2.0544567135565264,0,26,46.591610189558466,0,0.756044505548576,-0.15167266764983178,0.13735018093672935,0.34672899939119667,-0.023785033814092128,-0.0010102141377896726,0.025843334430619917,-0.031715297608408084,,,,42.93795293471216
153,2016,1,-1.8707282408132726,-1.6730249407225075,-2.0544567135565264,0,27,42.93795293471216,0,-0.09916058224845442,-0.10299727682484028,0.3705903417084716,0.28454489233307495,0.013060343382461932,0.01544393414325823,0.016947612182455423,0.004830991613575313,0.025843334430619917,46.591610189558466,0.0,41.57881292651531
153,2017,1,-1.8707282408132726,-1.6730249407225075,-2.0544567135565264,0,28,41.57881292651531,0,0.3146319768055007,-0.10173164996398554,0.34571332147190253,0.2294234941871691,0.01672250708552042,-0.008625964592164154,0.04009557583300469,0.0036444916452701296,0.016947612182455423,42.93795293471216,0.0,43.46680908058436
153,2018,1,-1.8707282408132726,-1.6730249407225075,-2.0544567135565264,0,29,43.46680908058436,0,0.6004110465364217,-0.06737282829965989,0.1921080199652039,0.3347561301889563,0.0031023408877351496,0.00776987044091878,-0.003928617365154846,-0.06127019584349,0.04009557583300469,41.57881292651531,0.0,46.602783486031015
153,2019,1,-1.8707282408132726,-1.6730249407225075,-2.0544567135565264,0,30,46.602783486031015,0,0.141892549548006,-0.2885253272060052,0.31807548986279016,0.2283144653297594,0.02445571013914492,-0.006901972318497422,0.01198352929255243,0.0009152422041025448,-0.003928617365154846,43.46680908058436,0.0,45.30215281692182
153,2020,1,-1.8707282408132726,-1.6730249407225075,-2.0544567135565264,0,31,45.30215281692182,0,0.7128087952602897,-0.3075095152895182,0.40360247436916113,0.4615957144676807,0.011557460307680772,0.0010995222269375993,0.08464620098988476,0.03284593995612829,0.01198352929255243,46.602783486031015,0.0,46.163010036669746
153,2021,1,-1.8707282408132726,-1.6730249407225075,-2.0544567135565264,0,32,46.163010036669746,0,0.9724385110476697,-0.24174170889488647,0.3472582793797075,0.2721364665771737,0.034166620287645603,0.01584937997154723,0.0865489206855216,0.0032681136389860273,0.08464620098988476,45.30215281692182,0.0,51.62515787324954
153,2022,1,-1.8707282408132726,-1.6730249407225075,-2.0544567135565264,0,33,51.62515787324954,0,0.4763376390428273,-0.179601453048025,0.4261769361727585,0.3538249748106933,0.03405654566926507,0.029318788905620743,0.009760372558376924,-0.048910211720071914,0.0865489206855216,46.163010036669746,0.0,64.14501096095569
153,2023,1,-1.8707282408132726,-1.6730249407225075,-2.0544567135565264,0,34,64.14501096095569,0,0.45130420156786794,-0.31328911873740917,0.3923371451011864,0.3226772290205763,-0.017916143883703734,0.031885138021147175,0.013172193642035687,-0.031998402935300284,0.009760372558376924,51.62515787324954,0.0,64.04153932948196
153,2024,1,-1.8707282408132726,-1.6730249407225075,-2.0544567135565264,0,35,64.04153932948196,0,0.8199285473106744,-0.15247381607681174,0.6039339369427176,0.3396540594865703,0.024875166404766027,0.003784148295303741,0.03795721188263887,-0.04683472746328812,0.013172193642035687,64.14501096095569,0.0,
154,2015,0,0.6332411949684154,-0.12361973249028668,0.8314543643241161,1,29,65.32954417401378,0,1.4913531238251263,0.06194546464436219,0.23402064745911996,0.3973153867915699,0.06770610384451221,0.029642004512815682,0.1856190456046378,0.03178190548497419,,,,69.69030318477914
154,2016,0,0.6332411949684154,-0.12361973249028668,0.8314543643241161,1,30,69.69030318477914,0,0.9778835562195983,-0.005826176956856444,0.2967497497276547,0.3790678943851585,0.027670346893496046,0.06686144325984465,0.12299090049272156,-0.0042016077251567484,0.1856190456046378,65.32954417401378,0.0,74.73006682952769
154,2017,0,0.6332411949684154,-0.12361973249028668,0.8314543643241161,1,31,74.73006682952769,0,0.9182675495057119,0.018790286836294925,0.20720042978502756,0.5035642075076144,0.05505811311221138,0.04654109829522232,0.1052982649223275,-0.008326533355088754,0.12299090049272156,69.69030318477914,0.0,69.83375549209336
154,2018,0,0.6332411949684154,-0.12361973249028668,0.8314543643241161,1,32,69.83375549209336,0,1.5179868356203348,0.007757003254570044,0.322935744844885,0.5309026943765662,0.06492251866562773,0.07500606859995225,0.15384975717338378,-0.011414239052004681,0.1052982649223275,74.73006682952769,0.0,69.49295498075718
154,2019,0,0.6332411949684154,-0.12361973249028668,0.8314543643241161,1,33,69.49295498075718,0,1.6174903148708701,0.10856455260605402,0.3166147103762102,0.22747173595325482,0.057221433964635596,0.020418881244468185,0.11679338855248472,-0.05838118760404414,0.15384975717338378,69.83375549209336,0.0,72.5691715875874
154,2020,0,0.6332411949684154,-0.12361973249028668,0.8314543643241161,1,34,72.5691715875874,0,1.6286008428924161,0.02694374601604021,0.20674783528274762,0.350333677981476,0.0286485347951816,0.013996434564210639,0.1732249367121799,0.011225175311363713,0.11679338855248472,69.49295498075718,0.0,73.39483478702145
154,2021,0,0.6332411949684154,-0.12361973249028668,0.8314543643241161,1,35,73.39483478702145,0,1.5613069547144793,0.14612134708963842,0.29446041343694307,0.2505228244062695,0.028870508628260357,0.05093795839618147,0.17399258470987772,-0.008573114865695905,0.1732249367121799,72.5691715875874,0.0,73.42001781791598
154,2022,0,0.6332411949684154,-0.12361973249028668,0.8314543643241161,1,36,73.42001781791598,1,2.4805179755677966,-0.08859770172514242,0.176840177490283,0.6577014054871276,0.05969556732210894,0.06800718273135495,0.25297561516084055,0.03016220622722247,0.17399258470987772,73.39483478702145,0.0,80.25998047300223
154,2023,0,0.6332411949684154,-0.12361973249028668,0.8314543643241161,1,37,80.25998047300223,0,2.0575207402841897,0.07601162807075866,0.28695974460047957,0.6031921922083215,0.06875956349655485,0.04660838363882125,0.20280452960917436,-0.006422805551660156,0.25297561516084055,73.42001781791598,1.0,83.56192396368785
154,2024,0,0.6332411949684154,-0.12361973249028668,0.8314543643241161,1,38,83.56192396368785,0,2.059202093781771,0.034956280799609205,0.1744374196916505,0.56898255816923,0.039099046086366954,0.08970842279933797,0.20802009163753268,-0.00408030027630145,0.20280452960917436,80.25998047300223,0.0,
155,2015,6,0.536308080729626,0.14034360035140706,0.22640943984225634,1,31,61.2534249326653,1,0.9564289261773699,0.15247527124341986,0.21719525335362244,0.3408769401315306,0.023358159352413366,0.056346387989636065,0.14875881646978786,0.008087427001600804,,,,60.532861767649166
155,2016,6,0.536308080729626,0.14034360035140706,0.22640943984225634,1,32,60.532861767649166,0,1.5725015376534228,0.04446548324424312,0.2447756738874955,0.4071616232877065,0.0873005696608348,0.005776331491839599,0.14713564312691174,-0.018707731048484513,0.14875881646978786,61.2534249326653,1.0,61.64560654566704
155,2017,6,0.536308080729626,0.14034360035140706,0.22640943984225634,1,33,61.64560654566704,1,1.119977024414404,-0.18039551476842777,0.22682452439414652,0.4954825020133585,0.06238541099262665,0.03800870524985617,0.051862998808824196,-0.07157765343690467,0.14713564312691174,60.532861767649166,0.0,62.19273452527812
155,2018,6,0.536308080729626,0.14034360035140706,0.22640943984225634,1,34,62.19273452527812,0,1.3259131345672794,0.09543712799364876,0.34171676176490473,0.35889499370737665,0.06953858882570128,0.07233933761276184,0.1985679370992116,0.027983002585806296,0.051862998808824196,61.64560654566704,1.0,69.2769783445913
155,2019,6,0.536308080729626,0.14034360035140706,0.22640943984225634,1,35,69.2769783445913,0,1.4391295814120233,0.09778843497507102,0.333411911991779,0.20486575981723407,0.05778374090064777,0.0822552832812489,0.16506486096185094,-0.024518769666171884,0.1985679370992116,62.19273452527812,0.0,76.40289618844095
155,2020,6,0.536308080729626,0.14034360035140706,0.22640943984225634,1,36,76.40289618844095,0,1.8464725427991804,0.02865258724112047,0.2035256268737062,0.5266210831775175,0.06350264674186794,0.052037877959073824,0.2356356246752432,0.04018340201869122,0.16506486096185094,69.2769783445913,0.0,81.59668132748875
155,2021,6,0.536308080729626,0.14034360035140706,0.22640943984225634,1,37,81.59668132748875,0,1.8795892530311122,0.03887819715960297,0.45540019221081474,0.7483383432559808,0.07461846479580671,0.06249706386469484,0.24276241163976944,0.033524809929448014,0.2356356246752432,76.40289618844095,0.0,85.16338749221623
155,2022,6,0.536308080729626,0.14034360035140706,0.22640943984225634,1,38,85.16338749221623,0,1.8012536475071586,0.07758930999226284,0.3128084175654431,0.5480429974924385,0.04401283838832023,0.07808824735787599,0.2435299334098877,0.0334224767654477,0.24276241163976944,81.59668132748875,0.0,88.53456982596515
155,2023,6,0.536308080729626,0.14034360035140706,0.22640943984225634,1,39,88.53456982596515,0,2.1917418272550635,0.11346246285105689,0.42000839540148144,0.42504626200310625,0.07663109508188072,0.05264181068276963,0.27639029668583814,0.03511805770488623,0.2435299334098877,85.16338749221623,0.0,94.75886325894668
155,2024,6,0.536308080729626,0.14034360035140706,0.22640943984225634,1,40,94.75886325894668,0,1.9368702203117902,0.04329638834558892,0.2195546307921016,0.5541290996716284,0.04672845533065928,0.05146126409563378,0.22088258657593515,0.010174601508667171,0.27639029668583814,88.53456982596515,0.0,
156,2015,7,0.9085044092392937,-1.0479195287247074,1.043444425621846,1,28,63.48049444151182,1,0.5139096626627335,-0.11860638523356282,0.16264173084264194,0.4979918065184623,0.09390859454946518,0.032669453043048816,0.07018125851787738,-0.017124565964173197,,,,56.39135513465605
156,2016,7,0.9085044092392937,-1.0479195287247074,1.043444425621846,1,29,56.39135513465605,0,0.8589365905048364,0.014014469071189646,0.3270776717486971,0.5840040645996281,0.002419482576724495,0.015007553574442592,0.10591918960250428,-0.01488622835794719,0.07018125851787738,63.48049444151182,1.0,56.72647877878531
156,2017,7,0.9085044092392937,-1.0479195287247074,1.043444425621846,1,30,56.72647877878531,0,0.8952385912714755,-0.1243686182495041,0.35611484959919626,0.39827221058626006,0.07412984489064725,0.0604366618746899,0.12935311359110213,-0.0006737099679889336,0.10591918960250428,56.39135513465605,0.0,58.04529737638276
156,2018,7,0.9085044092392937,-1.0479195287247074,1.043444425621846,1,31,58.04529737638276,1,1.0797716535603954,0.02636872555136604,0.28658613779154857,0.7498347175290401,0.07860691970572777,0.01988640777515483,0.08510729520704735,-0.052874142355803504,0.12935311359110213,56.72647877878531,0.0,65.42751897254735
156,2019,7,0.9085044092392937,-1.0479195287247074,1.043444425621846,1,32,65.42751897254735,0,0.8454507268623938,-0.1488065330080577,0.2812763396201072,0.6003141595761369,0.09199479513912606,0.006548047761375984,0.056735350046540484,-0.05059457891603425,0.08510729520704735,58.04529737638276,1.0,69.59588375714796
156,2020,7,0.9085044092392937,-1.0479195287247074,1.043444425621846,1,33,69.59588375714796,1,1.8169779999113005,-0.06967708352309222,0.2905348018517762,0.43585543137753385,0.05008375391017498,0.024936749603761403,0.1959276938084061,0.0071354603922213055,0.056735350046540484,65.42751897254735,0.0,80.84538931334409
156,2021,7,0.9085044092392937,-1.0479195287247074,1.043444425621846,1,34,80.84538931334409,0,0.8867638214144856,-0.018577944826591954,0.5426439551177703,0.5310018105876729,0.0433189445251801,0.014438327989251126,0.13545998560440092,-0.002617971318099585,0.1959276938084061,69.59588375714796,1.0,83.92466685770783
156,2022,7,0.9085044092392937,-1.0479195287247074,1.043444425621846,1,35,83.92466685770783,0,1.3228933792218704,0.019013220826623434,0.2920803818186449,0.6423610018795813,0.029317200985104323,0.012269507380317167,0.1504760953334191,-0.00856087902367076,0.13545998560440092,80.84538931334409,0.0,92.14447087543813
156,2023,7,0.9085044092392937,-1.0479195287247074,1.043444425621846,1,36,92.14447087543813,1,1.2404884934251457,0.0774174209090083,0.1658148028148933,0.3340413172605963,0.05796266058035257,0.007184317414132457,0.13252093511542107,-0.02661444144838048,0.1504760953334191,83.92466685770783,0.0,92.07497608390936
156,2024,7,0.9085044092392937,-1.0479195287247074,1.043444425621846,1,37,92.07497608390936,0,1.3367224116811933,-0.04913494442732129,0.21253270444143832,0.6199722980819334,0.027197061129712416,-0.003068842554007443,0.12358549687768641,-0.027296538065656687,0.13252093511542107,92.14447087543813,1.0,
157,2015,5,0.13560849764171184,0.05692106119792361,0.8643439599097373,0,17,62.430068249806595,0,0.8439562228999107,0.05324669247889524,0.19938270943650693,0.5624264701520785,0.02074797527053738,0.04995965486383431,0.10077782223699146,-0.021996183865837172,,,,61.81333997371278
157,2016,5,0.13560849764171184,0.05692106119792361,0.8643439599097373,0,18,61.81333997371278,0,0.9415215866254805,0.21298820406881624,0.10976929114667586,0.3690752334761276,0.032656458197100904,0.025844331012565603,0.10289508794724177,-0.033813658898146734,0.10077782223699146,62.430068249806595,0.0,61.298579351193844
157,2017,5,0.13560849764171184,0.05692106119792361,0.8643439599097373,0,19,61.298579351193844,0,1.0310765563376882,0.12438962013344285,0.23527870969274764,0.5938913476425546,0.03587722051120264,0.0028485876336100738,0.1257010548059357,-0.006762869040970178,0.10289508794724177,61.81333997371278,0.0,62.013202115199796
157,2018,5,0.13560849764171184,0.05692106119792361,0.8643439599097373,0,20,62.013202115199796,0,1.3097510732711626,-0.0061268019355929515,0.22363805679440865,0.4762027961880899,0.019274550802625107,0.06501036834327306,0.13862281475928365,-0.021365983095803013,0.1257010548059357,61.298579351193844,0.0,71.00221585121889
157,2019,5,0.13560849764171184,0.05692106119792361,0.8643439599097373,0,21,71.00221585121889,0,1.260921792690453,-0.026631500864063795,0.0957275706751243,0.5396218879450231,0.015552794414496661,0.010522407068249896,0.07201122950093419,-0.06632328613317962,0.13862281475928365,62.013202115199796,0.0,70.88437711079415
157,2020,5,0.13560849764171184,0.05692106119792361,0.8643439599097373,0,22,70.88437711079415,0,1.4812041664427973,0.12205438439918509,0.3431100543318753,0.5517278667124991,0.05504680243708097,0.03486275078283514,0.22617112832253755,0.048558052250531884,0.07201122950093419,71.00221585121889,0.0,67.21142860154615
157,2021,5,0.13560849764171184,0.05692106119792361,0.8643439599097373,0,23,67.21142860154615,0,1.4008501994467197,0.09470798799693532,0.16111211094135747,0.4610852503030188,0.020209862053027022,0.041141043410746536,0.2255576408041086,0.05251907931211883,0.22617112832253755,70.88437711079415,0.0,68.66830059247575
157,2022,5,0.13560849764171184,0.05692106119792361,0.8643439599097373,0,24,68.66830059247575,0,1.4067086257649635,-0.04552864128791567,0.2361727820004188,0.39667770381670786,0.01787057547762855,0.07155946201481922,0.16435783048391134,-0.010334297193604068,0.2255576408041086,67.21142860154615,0.0,76.44468305078584
157,2023,5,0.13560849764171184,0.05692106119792361,0.8643439599097373,0,25,76.44468305078584,0,1.8217319379424666,0.055587360016088425,0.14038763279126723,0.44076095063630594,0.011895510446389292,0.0339690338844503,0.14241352320970851,-0.05498016592176767,0.16435783048391134,68.66830059247575,0.0,79.0717635591108
157,2024,5,0.13560849764171184,0.05692106119792361,0.8643439599097373,0,26,79.0717635591108,0,1.8825718412755266,0.027812882068648855,0.38123260743285337,0.5663096431534308,0.03676458484837867,0.06597730745068783,0.22022472468668633,0.006891778355169166,0.14241352320970851,76.44468305078584,0.0,
158,2015,6,-0.7172505248202514,-1.0352702967575609,-0.24578916588462107,0,24,60.754601724976084,0,0.609537486294794,-0.09696811807999434,0.15389349285332382,0.32218202985992006,0.023944672367652357,0.009307125317336809,0.09428121692397042,0.011546897076184708,,,,60.70658466834705
158,2016,6,-0.7172505248202514,-1.0352702967575609,-0.24578916588462107,0,25,60.70658466834705,0,1.2506670248179064,-0.024700625317633014,0.39371999300025146,0.4242843976710407,0.0018881766776950026,0.050350707353169336,0.1052994534940963,-0.04382994735260708,0.09428121692397042,60.754601724976084,0.0,61.65171607599861
158,2017,6,-0.7172505248202514,-1.0352702967575609,-0.24578916588462107,0,26,61.65171607599861,0,0.7141616431399114,-0.12286267614970453,0.2521488525913863,0.5232373892316683,0.006997937909953567,0.06321305424188808,0.12796822523362025,0.026148520614823704,0.1052994534940963,60.70658466834705,0.0,70.07195807684704
158,2018,6,-0.7172505248202514,-1.0352702967575609,-0.24578916588462107,0,27,70.07195807684704,0,0.7605717419845668,-0.1151206961346195,0.4050638423741846,0.47517172580247613,0.06132696278239794,0.03965660441864384,0.08491789672208422,-0.02332379345263013,0.12796822523362025,61.65171607599861,0.0,70.85003159706218
158,2019,6,-0.7172505248202514,-1.0352702967575609,-0.24578916588462107,0,28,70.85003159706218,0,1.0128985431892739,-0.15314843590968533,0.27158319645805695,0.4542852064982274,0.029683286489352922,0.006265942484057915,0.10422221811003014,-0.006347788663437224,0.08491789672208422,70.07195807684704,0.0,73.49587970509884
158,2020,6,-0.7172505248202514,-1.0352702967575609,-0.24578916588462107,0,29,73.49587970509884,0,0.9819005825551648,-0.06512728902959833,0.17127853339724222,0.38590559136921954,0.028072196944555008,0.024969420660998064,0.10067054340781405,-0.018028813231740215,0.10422221811003014,70.85003159706218,0.0,72.38448264751241
158,2021,6,-0.7172505248202514,-1.0352702967575609,-0.24578916588462107,0,30,72.38448264751241,0,1.0063649473376581,-0.08549572013449552,0.1793535128690371,0.5069013166572586,0.06496665030659543,0.030975073759948388,0.1456996626217266,0.026453739955755964,0.10067054340781405,73.49587970509884,0.0,84.09672600977412
158,2022,6,-0.7172505248202514,-1.0352702967575609,-0.24578916588462107,0,31,84.09672600977412,0,0.8353952488873087,-0.11703864775288911,0.26697298491881827,0.3113921076328351,0.013540796248959817,0.023616485756756275,0.0713670746727208,-0.04101464074628055,0.1456996626217266,72.38448264751241,0.0,89.5032684739053
158,2023,6,-0.7172505248202514,-1.0352702967575609,-0.24578916588462107,0,32,89.5032684739053,1,1.1456886240755846,0.051839792514218434,0.30960564143148067,0.3353646133152393,-0.009998849372365965,0.0256953059251177,0.11253463982149703,-0.034170620816884566,0.0713670746727208,84.09672600977412,0.0,95.40375918075577
158,2024,6,-0.7172505248202514,-1.0352702967575609,-0.24578916588462107,0,33,95.40375918075577,0,1.0752530383745504,-0.0999531727163668,0.38407618592101256,0.37804399377482656,0.02883109044044846,0.026672699069349052,0.12663586601246302,-0.008258336646793724,0.11253463982149703,89.5032684739053,1.0,
159,2015,4,0.11109497281685837,0.4449621583851739,-1.7510302901888362,1,10,58.01300293385418,1,1.5311839562186327,0.12042229409388536,0.3371405694697931,0.21272174933642346,0.05953398354925359,0.07338105057631676,0.19156858642583224,0.005911864558155475,,,,61.421071090456714
159,2016,4,0.11109497281685837,0.4449621583851739,-1.7510302901888362,1,11,61.421071090456714,0,1.3864650192105914,0.037617842143157235,0.3828908870824596,0.29699334876277883,0.08379427552995142,0.06421588402613114,0.13619671326548297,-0.03460063366045666,0.19156858642583224,58.01300293385418,1.0,64.21585763918124
159,2017,4,0.11109497281685837,0.4449621583851739,-1.7510302901888362,1,12,64.21585763918124,0,1.6378603267509064,0.06961318648942838,0.29851647422377925,0.22242876351448293,0.06785751776782781,0.05824530100007345,0.19128711119791494,0.004414633490372936,0.13619671326548297,61.421071090456714,0.0,65.87375432013216
159,2018,4,0.11109497281685837,0.4449621583851739,-1.7510302901888362,1,13,65.87375432013216,0,2.5116658212909893,-0.11202516190660405,0.5843666265589531,0.26692302679684105,0.07101678266096136,0.07031886946965864,0.2885086071081273,0.03918367764419357,0.19128711119791494,64.21585763918124,0.0,74.41949501888504
159,2019,4,0.11109497281685837,0.4449621583851739,-1.7510302901888362,1,14,74.41949501888504,0,1.5210907039853823,0.07697950185587592,0.47495031165382656,0.29935484926358785,0.08111017318835514,0.04535474853125976,0.18637964763178325,-0.0020280341178888495,0.2885086071081273,65.87375432013216,0.0,72.85397190584665
159,2020,4,0.11109497281685837,0.4449621583851739,-1.7510302901888362,1,15,72.85397190584665,0,2.021808166497888,0.08281416839986797,0.4593744932367551,0.3473275634794343,0.06539249702950929,0.06251699287358115,0.2076693479916404,-0.016190296241285616,0.18637964763178325,74.41949501888504,0.0,71.60274945683608
159,2021,4,0.11109497281685837,0.4449621583851739,-1.7510302901888362,1,16,71.60274945683608,0,1.5410749418563328,0.28275770222710683,0.15357441025975355,0.3113036213610011,0.039796393542144926,0.06085676544042847,0.21131393577597984,0.01480113697401316,0.2076693479916404,72.85397190584665,0.0,76.59945059329698
159,2022,4,0.11109497281685837,0.4449621583851739,-1.7510302901888362,1,17,76.59945059329698,0,1.9238019273387024,0.17921260890448953,0.31686040780149094,0.15321113246211884,0.04640868406859097,0.0638062657318579,0.27144799705064865,0.045543570910491035,0.21131393577597984,71.60274945683608,0.0,85.50745316187627
159,2023,4,0.11109497281685837,0.4449621583851739,-1.7510302901888362,1,18,85.50745316187627,0,1.9564738725458277,0.21287554145614956,0.40979108356201654,0.4441568976269363,0.04065789508855561,0.048369503506830974,0.23065732198932185,0.0023713530317821052,0.27144799705064865,76.59945059329698,0.0,90.14647331759959
159,2024,4,0.11109497281685837,0.4449621583851739,-1.7510302901888362,1,19,90.14647331759959,0,1.856206965723203,0.08689908001911688,0.22138626679194365,0.24826847214040657,0.07816511220245007,0.0546288312556974,0.1947903386122552,-0.01497250708682125,0.23065732198932185,85.50745316187627,0.0,
160,2015,5,1.9917801160981392,-0.0064889017251707716,-2.2488918520476013,0,4,67.79226712843332,0,1.3752755861357162,0.12081167638627122,0.6928164781301573,0.26787223169958585,0.12171970068809265,0.050028823945347335,0.2146451236101946,0.02329304474344654,,,,74.98772905510778
160,2016,5,1.9917801160981392,-0.0064889017251707716,-2.2488918520476013,0,5,74.98772905510778,0,1.193254124962945,0.13133850712564513,0.6149317971403221,0.14789719864116527,0.10970395950227647,0.03937856948997345,0.16148710554656961,-0.019209590905565642,0.2146451236101946,67.79226712843332,0.0,69.80296420933574
160,2017,5,1.9917801160981392,-0.0064889017251707716,-2.2488918520476013,0,6,69.80296420933574,0,1.4074538820773124,0.07010604743466854,0.20358390398329293,0.2732875664214256,0.14126001233039337,0.05915575545595834,0.17600883770360942,-0.002123426529117288,0.16148710554656961,74.98772905510778,0.0,75.63019228056892
160,2018,5,1.9917801160981392,-0.0064889017251707716,-2.2488918520476013,0,7,75.63019228056892,0,1.9119300852328145,0.10518637790930897,0.6006649029143025,0.2379305837065521,0.13345139940912795,0.06517921864464006,0.2011989011289599,-0.03230563992059621,0.17600883770360942,69.80296420933574,0.0,74.83422701862641
160,2019,5,1.9917801160981392,-0.0064889017251707716,-2.2488918520476013,0,8,74.83422701862641,0,1.765539403560898,0.21496732082394032,0.46790104884738876,0.2818658394359721,0.12732374489042766,0.06266441152688372,0.2713342756562335,0.04397783451778243,0.2011989011289599,75.63019228056892,0.0,78.47683983421045
160,2020,5,1.9917801160981392,-0.0064889017251707716,-2.2488918520476013,0,9,78.47683983421045,0,2.4716954936369784,0.20711489539626576,0.39089918169610377,0.2543650665426592,0.10120057197732335,0.06129331993490927,0.3444312348885931,0.06729346374780688,0.2713342756562335,74.83422701862641,0.0,84.93676190535277
160,2021,5,1.9917801160981392,-0.0064889017251707716,-2.2488918520476013,0,10,84.93676190535277,0,1.7665253941425862,0.13289708989990165,0.4803477539070426,0.11505398401601061,0.0964839151711695,0.03534872657820919,0.1483495981418502,-0.07708936723605539,0.3444312348885931,78.47683983421045,0.0,87.45853018402168
160,2022,5,1.9917801160981392,-0.0064889017251707716,-2.2488918520476013,0,11,87.45853018402168,0,2.179084191236712,0.13022015434039835,0.5026044409409635,0.1744284316905543,0.09919770522630376,0.042134508404575534,0.23217799263177727,-0.017347434897728036,0.1483495981418502,84.93676190535277,0.0,91.79257894382157
160,2023,5,1.9917801160981392,-0.0064889017251707716,-2.2488918520476013,0,12,91.79257894382157,0,1.710899246300094,0.11171034119170975,0.30888157429490726,0.23441825360674642,0.11718010372390489,0.04828881476165265,0.22244597682718853,0.009592364287226351,0.23217799263177727,87.45853018402168,0.0,99.36741382512199
160,2024,5,1.9917801160981392,-0.0064889017251707716,-2.2488918520476013,0,13,99.36741382512199,0,2.274101314274133,0.058842200533162914,0.4382758375822985,0.31290363011853256,0.11148819131324263,0.04643319897892502,0.2943350879570112,0.04267379095359876,0.22244597682718853,91.79257894382157,0.0,
161,2015,1,0.3656786784934525,0.6428062115576818,-0.9190815270658085,0,10,71.76337724645073,0,1.4376127195410848,0.12715996511539,0.3332279347900932,0.4773566253822935,0.04872217456925461,0.06827257656564507,0.12424179533307499,-0.04286292476665905,,,,75.5885727480855
161,2016,1,0.3656786784934525,0.6428062115576818,-0.9190815270658085,0,11,75.5885727480855,0,1.6572653603106349,0.04567238497667618,0.28919541013785766,0.3787718147599707,0.07951801920967233,0.04264297849626564,0.21492552237645327,0.0430696424241803,0.12424179533307499,71.76337724645073,0.0,81.16476018088147
161,2017,1,0.3656786784934525,0.6428062115576818,-0.9190815270658085,0,12,81.16476018088147,1,1.294116300454376,0.18014823194899515,0.3537775379096451,0.3554036767603666,0.069376459230988,0.03856449846629856,0.14982915841851624,-0.012608856862373757,0.21492552237645327,75.5885727480855,0.0,82.89249683887473
161,2018,1,0.3656786784934525,0.6428062115576818,-0.9190815270658085,0,13,82.89249683887473,0,2.3480107043353957,0.2121004484309793,0.3518432013536444,0.3243081537566597,0.06381747796710979,0.0625331225168454,0.25106159990705923,0.007728131690644371,0.14982915841851624,81.16476018088147,1.0,83.97621929039106
161,2019,1,0.3656786784934525,0.6428062115576818,-0.9190815270658085,0,14,83.97621929039106,0,2.2535875049225624,0.12035432244177653,0.2004700560201979,0.47553573568810587,0.02667988504935001,0.05658541242990392,0.21685160223212288,-0.008146288146869265,0.25106159990705923,82.89249683887473,0.0,82.32543256803264
161,2020,1,0.3656786784934525,0.6428062115576818,-0.9190815270658085,0,15,82.32543256803264,0,1.7677259429298002,0.18950064331056793,0.3722694650602442,0.36492529161697385,0.03845882405448468,0.058327060901462446,0.22637399068921232,0.021993239045036504,0.21685160223212288,83.97621929039106,0.0,79.21855650421087
161,2021,1,0.3656786784934525,0.6428062115576818,-0.9190815270658085,0,16,79.21855650421087,0,2.1558931313865988,0.09576766990021862,0.2841302492187813,0.4354216587654568,0.09656772015447296,0.04263845713868558,0.2473203466187449,0.029426767220933833,0.22637399068921232,82.32543256803264,0.0,82.09341482479387
161,2022,1,0.3656786784934525,0.6428062115576818,-0.9190815270658085,0,17,82.09341482479387,0,1.8563703104409535,0.16212427555294012,0.37722095403729167,0.3994257414157748,0.06636577302908865,0.0683060327118446,0.15076638473102255,-0.06268010864484981,0.2473203466187449,79.21855650421087,0.0,89.29695644515964
161,2023,1,0.3656786784934525,0.6428062115576818,-0.9190815270658085,0,18,89.29695644515964,0,1.9751227520773988,0.2659596655238022,0.3252940121237742,0.1802057787517177,0.06566990636818558,0.056428613035744306,0.22024218028976197,-0.006321959417882784,0.15076638473102255,82.09341482479387,0.0,91.9449541920636
161,2024,1,0.3656786784934525,0.6428062115576818,-0.9190815270658085,0,19,91.9449541920636,0,2.436519021332603,0.23971253343119014,0.34446313437803544,0.49746557912472134,0.07255822061535601,0.05686180111307715,0.2648782690845029,0.009493396461412206,0.22024218028976197,89.29695644515964,0.0,
162,2015,6,-1.6067900853527204,-1.0672198750640631,0.9259720617088834,1,26,47.813956462970374,0,0.8056689901663167,-0.18596908179250654,0.2712594785493513,0.7355715712001771,0.006767017834891597,0.018763946655163066,0.10491301903635336,0.012436513445301564,,,,47.16701464881098
162,2016,6,-1.6067900853527204,-1.0672198750640631,0.9259720617088834,1,27,47.16701464881098,0,0.46592040473427854,-0.2243882800291149,0.10862981680857056,0.4034118033757187,-0.03063266643779932,0.011023089014705419,0.08058496054674782,0.015793899734804273,0.10491301903635336,47.813956462970374,0.0,44.03025485782187
162,2017,6,-1.6067900853527204,-1.0672198750640631,0.9259720617088834,1,28,44.03025485782187,0,0.4914436581936283,-0.18766677709378962,0.18677443766331908,0.581477856026971,-0.005954080169474132,0.029859134078092413,0.07388604306293646,0.0005435606890525785,0.08058496054674782,47.16701464881098,0.0,47.81336281557049
162,2018,6,-1.6067900853527204,-1.0672198750640631,0.9259720617088834,1,29,47.81336281557049,0,0.3942929780805074,-0.13004425938327288,0.1510871907439601,0.5870635536459989,-0.038140639019680345,-0.0006563450226117554,0.03956955628732217,-0.02369144880251658,0.07388604306293646,44.03025485782187,0.0,51.5930480744125
162,2019,6,-1.6067900853527204,-1.0672198750640631,0.9259720617088834,1,30,51.5930480744125,0,0.8253633127082474,-0.18132970535805162,0.2510025590977866,0.5254293556154747,-0.013715809894256985,0.03150833396246719,0.028760707351069614,-0.07263206530095756,0.03956955628732217,47.81336281557049,0.0,53.317140258275764
162,2020,6,-1.6067900853527204,-1.0672198750640631,0.9259720617088834,1,31,53.317140258275764,0,0.6966997682550393,0.0072919906667310574,0.23231868914066892,0.5494013725488798,-0.012542923110216167,0.016437777495869034,0.1780887299062599,0.07548574761748543,0.028760707351069614,51.5930480744125,0.0,58.13909606000444
162,2021,6,-1.6067900853527204,-1.0672198750640631,0.9259720617088834,1,32,58.13909606000444,0,0.8000981637579172,-0.14977837592206567,0.13842558835945684,0.6563877819292327,0.0035720343217490336,0.013920710900943368,0.0987262869906089,0.00023015293438272702,0.1780887299062599,53.317140258275764,0.0,60.08473807790845
162,2022,6,-1.6067900853527204,-1.0672198750640631,0.9259720617088834,1,33,60.08473807790845,0,1.2341926508493117,0.01791088084813218,0.20153451087158708,0.5629090427092989,-0.022068114014410424,0.035165799158199236,0.22252313529394346,0.07406357849255041,0.0987262869906089,58.13909606000444,0.0,65.53562701386805
162,2023,6,-1.6067900853527204,-1.0672198750640631,0.9259720617088834,1,34,65.53562701386805,0,1.0478321849975842,0.0007525252431913182,0.12243339441078878,0.4307902286426423,-0.012178650594082855,0.00454724467315264,0.14143058578617343,0.009402916528643992,0.22252313529394346,60.08473807790845,0.0,72.58611068921668
162,2024,6,-1.6067900853527204,-1.0672198750640631,0.9259720617088834,1,35,72.58611068921668,0,0.9963880761294246,-0.15429927672181076,0.3741024054457315,0.4288085953594705,-0.031542078817597796,0.025693181709988237,0.19410978468171644,0.06544267712131302,0.14143058578617343,65.53562701386805,0.0,
163,2015,1,0.020434242229351755,-0.1258798582933226,0.2748462584807262,0,16,54.487011789242665,0,1.8368000746431683,-0.004959760830838898,0.20972439790964506,0.4679132755725316,-0.0055395172695430345,0.03648349016057811,0.1708347640330813,0.0037037661881061646,,,,50.19408289256955
163,2016,1,0.020434242229351755,-0.1258798582933226,0.2748462584807262,0,17,50.19408289256955,0,1.7191332765029923,0.03099665589974909,0.20044394599881166,0.3933370174590549,0.04101647849330272,0.037941516717679286,0.10972711632006504,-0.05599605658834635,0.1708347640330813,54.487011789242665,0.0,47.49649901840115
163,2017,1,0.020434242229351755,-0.1258798582933226,0.2748462584807262,0,18,47.49649901840115,0,0.8777226203063635,0.06565496382879579,0.13836891826429984,0.4994626487264318,0.060005193403745334,0.02664811314805712,0.10969164506865,0.008086982823813484,0.10972711632006504,50.19408289256955,0.0,51.450221094976854
163,2018,1,0.020434242229351755,-0.1258798582933226,0.2748462584807262,0,19,51.450221094976854,0,1.646911837604759,0.023026009467818673,0.3364954121914517,0.4806764524090352,0.006212075817202206,0.04293113970540452,0.16720111606850852,0.0029339467543037473,0.10969164506865,47.49649901840115,0.0,49.052690227338516
163,2019,1,0.020434242229351755,-0.1258798582933226,0.2748462584807262,0,20,49.052690227338516,0,0.9018639055786178,0.14202350825681906,0.267730260293234,0.6157305314440845,0.07644996939745621,0.03495083441711973,0.08789467349228416,-0.029483560518886794,0.16720111606850852,51.450221094976854,0.0,47.38329025358012
163,2020,1,0.020434242229351755,-0.1258798582933226,0.2748462584807262,0,21,47.38329025358012,0,1.0963255127054206,-0.006503286190518744,0.2663991923818512,0.3758039016310594,0.029820168416702975,-0.012472016266957313,0.04662097218483047,-0.06481917555389684,0.08789467349228416,49.052690227338516,0.0,49.91718703673898
163,2021,1,0.020434242229351755,-0.1258798582933226,0.2748462584807262,0,22,49.91718703673898,0,0.5859633033337928,-0.014977272416451214,0.16557370412436984,0.36250344255561123,0.05990935398564757,0.0315434500127026,0.1027746002822197,0.02130586229354416,0.04662097218483047,47.38329025358012,0.0,52.617536703705376
163,2022,1,0.020434242229351755,-0.1258798582933226,0.2748462584807262,0,23,52.617536703705376,0,1.5136402281553398,0.06011506994554563,0.24335487412600257,0.5719793289602662,0.026775468865766726,0.04185553420873332,0.14174703602987374,-0.014579943716728917,0.1027746002822197,49.91718703673898,0.0,57.56697833785932
163,2023,1,0.020434242229351755,-0.1258798582933226,0.2748462584807262,0,24,57.56697833785932,0,1.7642304688363672,0.23565318322887466,0.28881010073548863,0.6355081647281847,0.047650872071755834,0.03326026646993929,0.20283332101835547,0.014965128369076498,0.14174703602987374,52.617536703705376,0.0,61.041867291713224
163,2024,1,0.020434242229351755,-0.1258798582933226,0.2748462584807262,0,25,61.041867291713224,0,2.2104889166507506,0.0585296237551883,0.342347979932829,0.6121266238948764,0.05240912485600326,0.052345541112642544,0.20749777136020459,-0.008146572324879794,0.20283332101835547,57.56697833785932,0.0,
164,2015,6,-0.9198065703392877,1.1736838898222957,0.25860121083540777,0,21,59.16486952627106,0,1.624510271990236,0.2639583351325551,0.2969853453599254,0.3957190960439843,0.01015654552255897,0.048480051299173085,0.2145983771537029,0.005198385643828543,,,,57.17946375690316
164,2016,6,-0.9198065703392877,1.1736838898222957,0.25860121083540777,0,22,57.17946375690316,0,1.4465455919328996,0.09978078193775558,0.361906036593275,0.6422909367354044,0.03002838556940375,0.08588826462579814,0.238021485395126,0.04264357465265011,0.2145983771537029,59.16486952627106,0.0,59.234034304869716
164,2017,6,-0.9198065703392877,1.1736838898222957,0.25860121083540777,0,23,59.234034304869716,0,1.6667274521479076,0.19608158751458934,0.2393768033934715,0.22117504436181032,-0.006387317084004871,0.08271330432006374,0.26260873067123836,0.04021439847658691,0.238021485395126,57.17946375690316,0.0,60.731787180714896
164,2018,6,-0.9198065703392877,1.1736838898222957,0.25860121083540777,0,24,60.731787180714896,0,1.6628783762703094,0.2751911983946613,0.23403308338998055,0.3306658116780175,0.041788796685511546,0.052214569358455365,0.16901030399386283,-0.05173579423704223,0.26260873067123836,59.234034304869716,0.0,54.669976477003175
164,2019,6,-0.9198065703392877,1.1736838898222957,0.25860121083540777,0,25,54.669976477003175,0,1.953676863933714,0.17892989118383565,0.3345037773015538,0.6255752720009573,0.02969070479805859,0.07011233386589673,0.2056890984795425,-0.028241940751084466,0.16901030399386283,60.731787180714896,0.0,54.80037348088141
164,2020,6,-0.9198065703392877,1.1736838898222957,0.25860121083540777,0,26,54.80037348088141,0,1.6347689643941359,0.36212425870687404,0.21206360001122632,0.41866982234816635,0.019023812807817883,0.0792739578244082,0.21656127313661327,-0.012615613896516305,0.2056890984795425,54.669976477003175,0.0,59.89546030619703
164,2021,6,-0.9198065703392877,1.1736838898222957,0.25860121083540777,0,27,59.89546030619703,0,1.9398643824037132,0.21509288378534303,0.20436620520312485,0.4495760732330703,0.007354686713076782,0.11075420892774665,0.2946437532254454,0.04734227751820674,0.21656127313661327,54.80037348088141,0.0,62.439026665993595
164,2022,6,-0.9198065703392877,1.1736838898222957,0.25860121083540777,0,28,62.439026665993595,0,2.3505660388903076,0.16027091374004768,0.36439269615747344,0.40492639027604693,-0.020389937254798325,0.019657702147454992,0.2800629880472607,0.018938732419086952,0.2946437532254454,59.89546030619703,0.0,68.73550142559343
164,2023,6,-0.9198065703392877,1.1736838898222957,0.25860121083540777,0,29,68.73550142559343,0,2.740787486765148,0.11554509027254592,0.21620670705859665,0.41149437059460015,-0.02080320711040525,0.08988154704192079,0.23701806078932117,-0.059403683710324874,0.2800629880472607,62.439026665993595,0.0,80.37198351614762
164,2024,6,-0.9198065703392877,1.1736838898222957,0.25860121083540777,0,30,80.37198351614762,0,1.71531383832086,0.10850687836627135,0.12327631628576244,0.7388155805071275,-0.005147894822879915,0.09934570220768069,0.19847884352288153,-0.01815771747131593,0.23701806078932117,68.73550142559343,0.0,
165,2015,9,-0.7490518924163819,1.169915293624829,-1.2494669348299545,1,4,52.45036962393451,0,1.5748452646626958,0.3028319226993754,0.18382577243464304,0.5436596881224688,0.032748047552585036,0.05772832600533679,0.19401895787785414,-0.018348139934916314,,,,50.004376964179116
165,2016,9,-0.7490518924163819,1.169915293624829,-1.2494669348299545,1,5,50.004376964179116,0,2.1498655396732267,0.2165794706176828,0.2628238771905164,0.36686355512035784,0.06708213831664381,0.07671292545356302,0.2478052786033095,-0.012248690013381608,0.19401895787785414,52.45036962393451,0.0,52.970796740397084
165,2017,9,-0.7490518924163819,1.169915293624829,-1.2494669348299545,1,6,52.970796740397084,0,2.273036105376606,0.07635763827080826,0.22260194353848398,0.3643316314206868,0.04588822036686073,0.06487205533329275,0.23014828203478827,-0.026807916801625527,0.2478052786033095,50.004376964179116,0.0,60.85041738784426
165,2018,9,-0.7490518924163819,1.169915293624829,-1.2494669348299545,1,7,60.85041738784426,0,1.9055785272154722,0.16350353281737676,0.36480902987616587,0.5043899496252214,0.04306150733836063,0.07964643726680223,0.22943028311937785,-0.014576138595695431,0.23014828203478827,52.970796740397084,0.0,67.4806399499913
165,2019,9,-0.7490518924163819,1.169915293624829,-1.2494669348299545,1,8,67.4806399499913,0,1.605644110594361,0.039702794324145724,0.33340788454038206,0.37121458926052775,0.06914402850126775,0.04460584085231452,0.2071574937681752,-0.0007821126588685109,0.22943028311937785,60.85041738784426,0.0,69.01532511197256
165,2020,9,-0.7490518924163819,1.169915293624829,-1.2494669348299545,1,9,69.01532511197256,0,2.1385110086465504,0.1385605692491408,0.43511265991648584,0.3018870772376184,0.0453275440003593,0.07545808429698851,0.1882579433962702,-0.07652070973336031,0.2071574937681752,67.4806399499913,0.0,76.41381929809792
165,2021,9,-0.7490518924163819,1.169915293624829,-1.2494669348299545,1,10,76.41381929809792,0,2.0084096854821705,0.16128104871052962,0.15760014686946028,0.38527204234258466,0.04377197248887053,0.08417153118472961,0.272408393802882,0.023904056142525484,0.1882579433962702,69.01532511197256,0.0,76.13627589934477
165,2022,9,-0.7490518924163819,1.169915293624829,-1.2494669348299545,1,11,76.13627589934477,0,2.1787071173915047,0.06306131315471337,0.2030246739644081,0.5576315287919308,-0.0005842590802253092,0.05766315740744188,0.24884350576621778,-0.0005508994487960976,0.272408393802882,76.41381929809792,0.0,84.26300227721713
165,2023,9,-0.7490518924163819,1.169915293624829,-1.2494669348299545,1,12,84.26300227721713,0,2.1939095285480916,0.07924800015054648,0.33593634048069054,0.27525978082361163,0.03417014252878941,0.07635482034367445,0.21815544130280246,-0.047726045403409856,0.24884350576621778,76.13627589934477,0.0,86.3796387301282
165,2024,9,-0.7490518924163819,1.169915293624829,-1.2494669348299545,1,13,86.3796387301282,0,2.4335860264311053,0.2038527869230832,0.5284570450030192,0.32369497365195415,0.06504399114027519,0.09634228968724946,0.3766539632690895,0.0742603358229519,0.21815544130280246,84.26300227721713,0.0,
166,2015,0,-0.5368878793321171,0.23932969343883123,-0.9986702111039183,0,19,53.14699043585854,0,1.0710007189042412,0.06227956372573722,0.20014485168091553,0.443496089680088,0.05914260215570433,0.022970146395150298,0.14448464335605027,0.035209603301285954,,,,55.57961473863939
166,2016,0,-0.5368878793321171,0.23932969343883123,-0.9986702111039183,0,20,55.57961473863939,0,1.0911195732007628,0.04712836939357286,0.1744674850990909,0.32595333940471305,0.04792693870973243,-0.014296602728637552,0.04396315853976083,-0.06008653363443114,0.14448464335605027,53.14699043585854,0.0,53.81303367618295
166,2017,0,-0.5368878793321171,0.23932969343883123,-0.9986702111039183,0,21,53.81303367618295,0,1.1072347506383677,0.02396843094342721,0.3402421536910566,0.5809151217457638,0.03878770211401896,0.05343084948887963,0.13087759655739536,0.013164973986293281,0.04396315853976083,55.57961473863939,0.0,48.9568838626433
166,2018,0,-0.5368878793321171,0.23932969343883123,-0.9986702111039183,0,22,48.9568838626433,1,1.2216072160276532,0.1367964699901265,0.20973101990395085,0.29632355026270846,0.039439803704101196,0.052930916790148906,0.12541726740141587,-0.013245310089494096,0.13087759655739536,53.81303367618295,0.0,49.322955119911676
166,2019,0,-0.5368878793321171,0.23932969343883123,-0.9986702111039183,0,23,49.322955119911676,0,1.581165662822648,0.2753697833999239,0.21864848742378046,0.271579514587588,0.016352980179914548,0.05627003312483568,0.1476308902982776,-0.02892816621588167,0.12541726740141587,48.9568838626433,1.0,48.2564743058835
166,2020,0,-0.5368878793321171,0.23932969343883123,-0.9986702111039183,0,24,48.2564743058835,0,1.8134864693803974,0.05196209414925999,0.31276779295523116,0.4275324003406476,0.0434479462035217,0.05433054154978287,0.20427444506227743,0.026390091293701755,0.1476308902982776,49.322955119911676,0.0,46.818752597389626
166,2021,0,-0.5368878793321171,0.23932969343883123,-0.9986702111039183,0,25,46.818752597389626,0,1.2208325431789395,0.06003590725222577,0.18453440708117622,0.3559573593876035,0.021166710614398745,0.01306102635828782,0.1500503353246327,0.02275550225317763,0.20427444506227743,48.2564743058835,0.0,52.3936259297146
166,2022,0,-0.5368878793321171,0.23932969343883123,-0.9986702111039183,0,26,52.3936259297146,0,1.9126242829656088,-0.01778295631136516,0.416456512581418,0.40804020798911483,0.006015926041016917,0.0577389002750163,0.14462648413909118,-0.04181520552787261,0.1500503353246327,46.818752597389626,0.0,62.91591640162538
166,2023,0,-0.5368878793321171,0.23932969343883123,-0.9986702111039183,0,27,62.91591640162538,0,1.8317561008458139,0.04984820279737667,0.2505292298857203,0.3753671854342149,0.02324331507062704,0.048852785627675185,0.1617536790683702,-0.017646593134619974,0.14462648413909118,52.3936259297146,0.0,65.6028359102458
166,2024,0,-0.5368878793321171,0.23932969343883123,-0.9986702111039183,0,28,65.6028359102458,1,1.5744099270943872,0.2101127903679339,0.25516914680191843,0.32200116129455264,0.04272213670154334,0.06650641330648745,0.197920378671938,0.017731722848523448,0.1617536790683702,62.91591640162538,0.0,
167,2015,9,1.5612520372353524,-0.9589413447654025,-0.7876392558406746,1,8,69.50710891230491,1,0.923947415641519,0.03785698169945521,0.571486853697151,0.28054693513812834,0.10659134508180948,0.020884591414461,0.15316305531058408,0.0008622888222681706,,,,78.63366291060028
167,2016,9,1.5612520372353524,-0.9589413447654025,-0.7876392558406746,1,9,78.63366291060028,1,1.2271929297228925,-0.014012527451560357,0.4224489826614674,0.3612850318096414,0.09726446916455708,0.032134283986888286,0.2052367411676575,0.03752047687877906,0.15316305531058408,69.50710891230491,1.0,79.18006321259205
167,2017,9,1.5612520372353524,-0.9589413447654025,-0.7876392558406746,1,10,79.18006321259205,0,1.1557151596218265,-0.048260488818539796,0.3995138994126681,0.25962425464075894,0.08065542170038456,0.04054547873526614,0.15119112647808572,-0.014737416673651015,0.2052367411676575,78.63366291060028,1.0,75.62799064478341
167,2018,9,1.5612520372353524,-0.9589413447654025,-0.7876392558406746,1,11,75.62799064478341,0,1.6177110632715193,0.030393967567104926,0.34503731413192695,0.2995010042091341,0.0954601531769317,0.028943799272370722,0.2119612811136077,0.01397838524512676,0.15119112647808572,79.18006321259205,0.0,83.38449850521233
167,2019,9,1.5612520372353524,-0.9589413447654025,-0.7876392558406746,1,12,83.38449850521233,0,1.4259965928344382,0.04774464361974086,0.5051748692921133,0.42783008678307555,0.09916530113547153,0.027427462957201987,0.15622378496080186,-0.035713487685061156,0.2119612811136077,75.62799064478341,0.0,87.50893652004765
167,2020,9,1.5612520372353524,-0.9589413447654025,-0.7876392558406746,1,13,87.50893652004765,0,1.235619823134633,0.002338436565775855,0.36591536500840216,0.3659138495193983,0.0969936447536569,0.025718617654651964,0.1813889132408156,0.011286917167104766,0.15622378496080186,83.38449850521233,0.0,95.06669925073307
167,2021,9,1.5612520372353524,-0.9589413447654025,-0.7876392558406746,1,14,95.06669925073307,0,1.7276789725457224,-0.06531769900079817,0.32313730341460245,0.28235245084745153,0.09571135967572914,0.034318038501489644,0.23701686964109647,0.03367942397121721,0.1813889132408156,87.50893652004765,0.0,98.5269582155589
167,2022,9,1.5612520372353524,-0.9589413447654025,-0.7876392558406746,1,15,98.5269582155589,0,1.1979999359607818,0.07966039168568939,0.2498099619427964,0.45895427263106464,0.09827813319315531,0.029398681211449555,0.21066696564410986,0.03746345918000751,0.23701686964109647,95.06669925073307,0.0,100.0
167,2023,9,1.5612520372353524,-0.9589413447654025,-0.7876392558406746,1,16,100.0,0,2.106076485617632,-0.09237865515014881,0.24596997716208052,0.43685880426453466,0.08171002802863454,0.03671279388002426,0.15936698140544023,-0.06652227325910393,0.21066696564410986,98.5269582155589,0.0,100.0
167,2024,9,1.5612520372353524,-0.9589413447654025,-0.7876392558406746,1,17,100.0,1,1.2555550272221558,0.05833158974472274,0.6548132654389867,0.3351191486333503,0.07292437887491088,0.08332330674603214,0.16966166141603564,-0.03406010692982195,0.15936698140544023,100.0,0.0,
168,2015,4,-0.2617223520584261,0.12736660523779195,2.2224793578307565,1,32,59.20240724780588,0,1.3295613395058576,0.04293992597076111,0.1900193017582996,0.6655498439393812,0.025521224179419533,0.06394682603550157,0.11700124267019264,-0.033037473023126304,,,,60.02411047099515
168,2016,4,-0.2617223520584261,0.12736660523779195,2.2224793578307565,1,33,60.02411047099515,0,0.9368042651032399,0.10484836067944789,0.20528963315831109,0.5660567700697329,0.002715292712291998,0.06998758645574285,0.04112023133522241,-0.0906783770718311,0.11700124267019264,59.20240724780588,0.0,61.10252138199339
168,2017,4,-0.2617223520584261,0.12736660523779195,2.2224793578307565,1,34,61.10252138199339,0,1.4787736510204041,0.165283474111011,0.17840051501828907,0.7419819975528907,0.009911712084358343,0.04301729368702621,0.1750441538896436,0.01274183092414774,0.04112023133522241,60.02411047099515,0.0,62.84636513322017
168,2018,4,-0.2617223520584261,0.12736660523779195,2.2224793578307565,1,35,62.84636513322017,0,1.7661114466157923,0.13164990483271236,0.11689853669527159,0.6562173738455178,-0.009260285260961443,0.046572686805686915,0.23101160013069913,0.045221877477274706,0.1750441538896436,61.10252138199339,0.0,59.418552132501624
168,2019,4,-0.2617223520584261,0.12736660523779195,2.2224793578307565,1,36,59.418552132501624,1,1.6061051035937037,0.10503986455712416,0.19051868113754136,0.5331797515860246,0.025520898540185608,0.02318895378144656,0.10678646180856174,-0.06817904809165937,0.23101160013069913,62.84636513322017,0.0,68.53987195866337
168,2020,4,-0.2617223520584261,0.12736660523779195,2.2224793578307565,1,37,68.53987195866337,0,1.1995025355045046,0.046631753376623244,0.07054106931336536,0.637135935766795,0.0077901238421103965,0.08408061633837025,0.12660441968528266,-0.02010507692787455,0.10678646180856174,59.418552132501624,1.0,75.10166420097809
168,2021,4,-0.2617223520584261,0.12736660523779195,2.2224793578307565,1,38,75.10166420097809,0,1.722376691201176,0.11523399523979222,0.2739103105497615,0.6726279637777257,0.0030743119798336627,0.046224522697287156,0.15861554012782764,-0.029306109451147477,0.12660441968528266,68.53987195866337,0.0,79.58339743128663
168,2022,4,-0.2617223520584261,0.12736660523779195,2.2224793578307565,1,39,79.58339743128663,0,2.1168626534040142,-0.011052242170085713,0.24484735778636568,0.39884123657074244,0.0008931301354141857,0.020270656127363958,0.23344097677177067,0.02731481999692416,0.15861554012782764,75.10166420097809,0.0,80.77927803414241
168,2023,4,-0.2617223520584261,0.12736660523779195,2.2224793578307565,1,40,80.77927803414241,0,1.649051971809131,0.04586259691565372,0.09496700429034677,0.3831551276539191,0.013943793262000915,0.044301867771552664,0.1817208672998464,-0.00010976124363232995,0.23344097677177067,79.58339743128663,0.0,83.47876178220265
168,2024,4,-0.2617223520584261,0.12736660523779195,2.2224793578307565,1,41,83.47876178220265,1,2.0585121655170826,-0.0014037622485110618,0.13983257057630105,0.679889163339449,-0.005333747526879132,0.059893083040417,0.20596686636685885,1.4143343145524694e-05,0.1817208672998464,80.77927803414241,0.0,
169,2015,3,-0.017435036339596175,0.9034033048540715,-0.16076193257166008,1,28,56.78581628391576,0,1.9466448686617968,0.2453779593123466,0.14995259301372166,0.5438083537683412,0.043295708186590905,0.05513716247341405,0.2149190760886171,0.008160309136483156,,,,57.10134909983752
169,2016,3,-0.017435036339596175,0.9034033048540715,-0.16076193257166008,1,29,57.10134909983752,0,1.7156658426593077,-0.023647299063733446,0.25732793188864517,0.5308759740861826,0.04420417443706467,0.06979921725040254,0.1510576293043509,-0.0310410714061129,0.2149190760886171,56.78581628391576,0.0,61.44778473840255
169,2017,3,-0.017435036339596175,0.9034033048540715,-0.16076193257166008,1,30,61.44778473840255,0,1.690953881428149,0.13137330756079083,0.27520495639593645,0.4793466162574235,0.042097183417379176,0.08331186284412245,0.19931904375020348,0.00389765268130233,0.1510576293043509,57.10134909983752,0.0,53.12714623488984
169,2018,3,-0.017435036339596175,0.9034033048540715,-0.16076193257166008,1,31,53.12714623488984,0,1.9793832768042976,0.17641714189290256,0.2760308384264181,0.401520841017198,0.030015639320758875,0.04812470118867256,0.24300044880643415,0.027984840336051912,0.19931904375020348,61.44778473840255,0.0,49.28060500019663
169,2019,3,-0.017435036339596175,0.9034033048540715,-0.16076193257166008,1,32,49.28060500019663,0,2.219953510495214,0.12064321413407214,0.3991850714191248,0.6245358515088447,-0.0020208935328522026,0.09198149129322417,0.20839345239633678,-0.03219106671740734,0.24300044880643415,53.12714623488984,0.0,51.53131714681105
169,2020,3,-0.017435036339596175,0.9034033048540715,-0.16076193257166008,1,33,51.53131714681105,0,2.678966914395733,0.12060522731170228,0.22592431216120948,0.5287959460715161,0.0561518204817241,0.07606933448415887,0.2237749484122321,-0.040725810746277055,0.20839345239633678,49.28060500019663,0.0,58.2413284331124
169,2021,3,-0.017435036339596175,0.9034033048540715,-0.16076193257166008,1,34,58.2413284331124,1,1.667665798965724,0.10325779386721873,0.24460136877937044,0.5421702968905282,0.03697657990985601,0.05950415102566224,0.23319407702397188,0.04264413462190407,0.2237749484122321,51.53131714681105,0.0,62.68655983761178
169,2022,3,-0.017435036339596175,0.9034033048540715,-0.16076193257166008,1,35,62.68655983761178,0,2.138221351855624,0.2258181837405396,0.19704023207025886,0.3656470296779861,0.031292317979984885,0.0648617378270487,0.2703715573319736,0.03361600349637712,0.23319407702397188,58.2413284331124,1.0,66.77925607472766
169,2023,3,-0.017435036339596175,0.9034033048540715,-0.16076193257166008,1,36,66.77925607472766,1,1.5427403761581489,0.16248890973935812,0.4663957581392795,0.5233783408286347,0.03225957689332659,0.07676108720768167,0.24912716168210414,0.04717862971538983,0.2703715573319736,62.68655983761178,0.0,68.09864669178737
169,2024,3,-0.017435036339596175,0.9034033048540715,-0.16076193257166008,1,37,68.09864669178737,0,2.6534918340183657,0.10464398938565403,0.4197194278266766,0.5577329984714611,0.0638778785300841,0.06169552992829551,0.24719265423687847,-0.02270942333300708,0.24912716168210414,66.77925607472766,1.0,
170,2015,9,0.524180984980245,0.7549684870082468,0.5055048192596581,0,21,61.81389463734408,0,1.9810385994091142,0.23312257916056492,0.29450528111750934,0.5678922130885974,0.036823171252655565,0.0799180356972908,0.2345654208421794,-0.015026474648211021,,,,66.01100401776903
170,2016,9,0.524180984980245,0.7549684870082468,0.5055048192596581,0,22,66.01100401776903,1,1.6568775784924756,0.19452327593549582,0.4195758885751936,0.5101275461892618,0.0493875822468044,0.04811588712763614,0.21660897381524682,-0.010509233292761442,0.2345654208421794,61.81389463734408,0.0,65.1973481112473
170,2017,9,0.524180984980245,0.7549684870082468,0.5055048192596581,0,23,65.1973481112473,0,2.012828316478333,0.2485451472605708,0.3573777820001675,0.3653342479986455,0.0456829731080743,0.06511540999360191,0.2699361539425635,0.009138994575629932,0.21660897381524682,66.01100401776903,1.0,62.650144335630664
170,2018,9,0.524180984980245,0.7549684870082468,0.5055048192596581,0,24,62.650144335630664,0,1.5616142368941919,0.10641321950281153,0.4885438380911526,0.4905307410579429,0.01983782337992704,0.043366027820120515,0.18424434436451034,-0.03450930334237389,0.2699361539425635,65.1973481112473,0.0,67.08414408214483
170,2019,9,0.524180984980245,0.7549684870082468,0.5055048192596581,0,25,67.08414408214483,0,1.6733831174805491,0.03718234695244081,0.23918374464278525,0.385981912725638,0.06045465646421645,0.06558789931996693,0.22267181978271974,0.005020573127046875,0.18424434436451034,62.650144335630664,0.0,69.62603731258223
170,2020,9,0.524180984980245,0.7549684870082468,0.5055048192596581,0,26,69.62603731258223,0,1.5760039132877726,0.1476496841094728,0.13381238117138422,0.48258563249247416,0.04364721641843766,0.05566980059126069,0.17365532360824315,-0.04010136329544559,0.22267181978271974,67.08414408214483,0.0,69.63832291567357
170,2021,9,0.524180984980245,0.7549684870082468,0.5055048192596581,0,27,69.63832291567357,0,1.709056677236105,0.1784548147853843,0.20704407836626443,0.3577594976093449,0.05794080321937692,0.09041526518327223,0.25849166980454863,0.021025045304010146,0.17365532360824315,69.62603731258223,0.0,79.21369197480395
170,2022,9,0.524180984980245,0.7549684870082468,0.5055048192596581,0,28,79.21369197480395,0,2.060824029366753,0.12003044847455294,0.2827602335625892,0.5737394521645962,0.0774858940820923,0.08391937680640063,0.28604264130450396,0.027096485588065405,0.25849166980454863,69.63832291567357,0.0,91.77123340252997
170,2023,9,0.524180984980245,0.7549684870082468,0.5055048192596581,0,29,91.77123340252997,0,2.0095142714601435,0.2259072831907493,0.40539265093698734,0.4094164903240967,0.045998669192691966,0.0675549771094117,0.31133285982847003,0.04258720456835555,0.28604264130450396,79.21369197480395,0.0,100.0
170,2024,9,0.524180984980245,0.7549684870082468,0.5055048192596581,0,30,100.0,0,1.8188873570760586,0.002618556599312649,0.3731553356972002,0.4475902079282052,0.039223063982810814,0.08700371655209202,0.2644416285603095,0.021243577031549866,0.31133285982847003,91.77123340252997,0.0,
171,2015,2,0.609530215159641,0.20458413347605706,-1.2836529398423155,0,20,59.825230770163856,0,1.1463989326047972,0.12698016869922957,0.432288406600774,0.3032297693523725,0.09630573095870198,0.05783359158257225,0.14871130253055614,0.0018566820191397101,,,,62.16581815075382
171,2016,2,0.609530215159641,0.20458413347605706,-1.2836529398423155,0,21,62.16581815075382,0,1.5541809719461992,0.2698386633629582,0.5854394965571587,0.2351129548585714,0.09110765002779127,0.03871424991599375,0.15629286476123314,-0.03401472341847935,0.14871130253055614,59.825230770163856,0.0,65.00692977652591
171,2017,2,0.609530215159641,0.20458413347605706,-1.2836529398423155,0,22,65.00692977652591,0,2.038244447553883,0.08617533620947065,0.4341631018635811,0.4875602721962775,0.09953276027831408,0.0632668404466511,0.1830784260690538,-0.024412580840455948,0.15629286476123314,62.16581815075382,0.0,55.619804293975136
171,2018,2,0.609530215159641,0.20458413347605706,-1.2836529398423155,0,23,55.619804293975136,1,1.2709043394112474,0.2259436288976325,0.4145665989195318,0.3085941819229041,0.06545239332065975,0.062310469352757525,0.17244570182787933,0.003932839220684734,0.1830784260690538,65.00692977652591,0.0,63.47696980654106
171,2019,2,0.609530215159641,0.20458413347605706,-1.2836529398423155,0,24,63.47696980654106,1,1.8575094783802715,-0.01309251285709305,0.4471941451849543,0.4992683749319974,0.08633072089660607,0.04291963618399301,0.21291248137433913,0.027387178003048084,0.17244570182787933,55.619804293975136,1.0,58.91622314639313
171,2020,2,0.609530215159641,0.20458413347605706,-1.2836529398423155,0,25,58.91622314639313,0,1.5380316539335503,0.2487044510290049,0.29515044040395116,0.3694390943523893,0.06084180437125401,0.03325243456216985,0.15716158874192032,-0.022843317503762162,0.21291248137433913,63.47696980654106,1.0,61.79716233286812
171,2021,2,0.609530215159641,0.20458413347605706,-1.2836529398423155,0,26,61.79716233286812,0,1.4670858030464178,0.10360348301356423,0.6186162344154887,0.24957880971520371,0.0810379436192745,0.0630902168930379,0.19922656749706752,0.015680246806804184,0.15716158874192032,58.91622314639313,0.0,58.22632815443867
171,2022,2,0.609530215159641,0.20458413347605706,-1.2836529398423155,0,27,58.22632815443867,0,1.7974172854485453,-0.08791181524275152,0.28251665732127595,0.24550558473588155,0.08516894611894416,0.014319607286471754,0.11826641670845511,-0.05360432727898376,0.19922656749706752,61.79716233286812,0.0,60.89281403876997
171,2023,2,0.609530215159641,0.20458413347605706,-1.2836529398423155,0,28,60.89281403876997,0,2.137783651125975,0.12511256835774318,0.43732673478898043,0.27733898957044384,0.057722786697436315,0.08219833072738486,0.20184906048707485,-0.028448010405977314,0.11826641670845511,58.22632815443867,0.0,53.642678726146336
171,2024,2,0.609530215159641,0.20458413347605706,-1.2836529398423155,0,29,53.642678726146336,0,2.562755434749473,-0.06399930426345807,0.4644843614591166,0.43804630974430414,0.068182446240245,0.03670132432882055,0.24551746694625975,0.00813689541524561,0.20184906048707485,60.89281403876997,0.0,
172,2015,5,0.22688177610679092,-0.4023838261158374,-0.06347453452441164,1,9,61.991317748592316,0,1.4046355404466027,0.058211838454657196,0.179531401849366,0.35623899941502707,0.033605906678850106,0.04489038503548895,0.19514213648399842,0.0356021398139556,,,,62.29069570245208
172,2016,5,0.22688177610679092,-0.4023838261158374,-0.06347453452441164,1,10,62.29069570245208,0,1.1722812397744944,-0.03777079606924291,0.35485566315627487,0.24455737606077227,0.02877767584399415,0.046434573823366014,0.22228954675791524,0.07408129215994244,0.19514213648399842,61.991317748592316,0.0,60.118130565349205
172,2017,5,0.22688177610679092,-0.4023838261158374,-0.06347453452441164,1,11,60.118130565349205,0,0.8556744310435713,0.04641477690502775,0.22781081209390375,0.36182813105296113,0.05192122884064626,0.04011669424696065,0.16824435413344538,0.041945054493595424,0.22228954675791524,62.29069570245208,0.0,61.36229709235532
172,2018,5,0.22688177610679092,-0.4023838261158374,-0.06347453452441164,1,12,61.36229709235532,1,1.416713098927319,0.09983161344670113,0.3031381243182043,0.2391778327184411,0.06562788117043271,0.031039637304873326,0.20842413071019392,0.03698100511852075,0.16824435413344538,60.118130565349205,0.0,64.4734122494435
172,2019,5,0.22688177610679092,-0.4023838261158374,-0.06347453452441164,1,13,64.4734122494435,1,0.77585601294613,-0.14334770452425508,0.28023785213266816,0.4020539894971311,0.04135462684407116,0.057856043751765604,0.13328645660562485,0.020100990565995423,0.20842413071019392,61.36229709235532,1.0,72.70320617363257
172,2020,5,0.22688177610679092,-0.4023838261158374,-0.06347453452441164,1,14,72.70320617363257,0,0.9731734048775956,-0.008593094244528775,0.2223412345198948,0.34876869049711795,0.08146503688423305,0.057714811169137625,0.09304357475703443,-0.04133115616666589,0.13328645660562485,64.4734122494435,1.0,75.78185421879238
172,2021,5,0.22688177610679092,-0.4023838261158374,-0.06347453452441164,1,15,75.78185421879238,0,1.4754818255280504,0.014010696277538346,0.3053611294481766,0.23311242439552757,0.04446264843257863,0.04785918078566351,0.23029382751639993,0.056750009598593956,0.09304357475703443,72.70320617363257,0.0,75.58547012316505
172,2022,5,0.22688177610679092,-0.4023838261158374,-0.06347453452441164,1,16,75.58547012316505,0,1.4724075976431497,-0.028508752496206213,0.4693482693457946,0.48587263933757285,0.04648056058077983,0.048355195757218875,0.20966780450193745,0.03242043287661005,0.23029382751639993,75.78185421879238,0.0,83.95114120507445
172,2023,5,0.22688177610679092,-0.4023838261158374,-0.06347453452441164,1,17,83.95114120507445,0,1.4329863062694936,0.0045152701619133075,0.20971955210423246,0.47005304950694665,0.026055781935429023,0.04267101464664511,0.20144265133745487,0.034309493356366,0.20966780450193745,75.58547012316505,0.0,93.87904392044433
172,2024,5,0.22688177610679092,-0.4023838261158374,-0.06347453452441164,1,18,93.87904392044433,1,1.5727163342119932,0.11599003970553061,0.22424993123804485,0.4591610730247052,0.06304327974768209,0.04131541142074471,0.22838452316716013,0.04200470577067515,0.20144265133745487,83.95114120507445,0.0,
173,2015,5,1.8348852806658447,-0.42284842783704696,-0.8092955991101215,1,27,69.58427503717002,1,1.038139455972248,0.06019337104110967,0.30639414755934047,0.26532063050678834,0.06478382352501613,0.05015422629569479,0.1427110080680902,0.0017316449856362131,,,,66.88767210791524
173,2016,5,1.8348852806658447,-0.42284842783704696,-0.8092955991101215,1,28,66.88767210791524,0,0.997776544151717,0.14940771330822644,0.27547817684632436,0.14937060917959039,0.09085998068856797,0.03272357369992063,0.15081934454601562,0.007183433026675966,0.1427110080680902,69.58427503717002,1.0,76.13637033261034
173,2017,5,1.8348852806658447,-0.42284842783704696,-0.8092955991101215,1,29,76.13637033261034,1,1.2150284413899983,0.20532724986284098,0.2914812654299077,0.34338156857915886,0.08490398701893276,0.057275861446801926,0.18803879902164142,0.021002560664282657,0.15081934454601562,66.88767210791524,0.0,76.77820366717906
173,2018,5,1.8348852806658447,-0.42284842783704696,-0.8092955991101215,1,30,76.77820366717906,1,1.3927437862074907,0.09082299246732328,0.451850303846211,0.3758910107584939,0.09626236102430162,0.049944717449830284,0.1680512814091211,-0.00848147595348428,0.18803879902164142,76.13637033261034,1.0,79.02675639206429
173,2019,5,1.8348852806658447,-0.42284842783704696,-0.8092955991101215,1,31,79.02675639206429,0,1.2525012281923076,0.07600754169612257,0.4421609871542284,0.3231611471781213,0.10749757058747421,0.053688921230356346,0.15249458871299393,-0.014881645994018668,0.1680512814091211,76.77820366717906,1.0,88.3759334290566
173,2020,5,1.8348852806658447,-0.42284842783704696,-0.8092955991101215,1,32,88.3759334290566,1,1.8907370823658292,0.09201571878997196,0.6205279986570797,0.24773777671900615,0.09406241198503898,0.007125718874759358,0.26176337342018485,0.05116357035427488,0.15249458871299393,79.02675639206429,0.0,96.69997396923954
173,2021,5,1.8348852806658447,-0.42284842783704696,-0.8092955991101215,1,33,96.69997396923954,1,1.799965789195117,-0.004043776792038177,0.4239192786284969,0.5220975577087309,0.0880099401537766,0.044779684732289785,0.20222342940157473,0.0035170406730971352,0.26176337342018485,88.3759334290566,1.0,91.01464824359317
173,2022,5,1.8348852806658447,-0.42284842783704696,-0.8092955991101215,1,34,91.01464824359317,1,2.025908148768419,0.08121775842576195,0.32880547432972373,0.48381672604132026,0.12083108415916716,0.04977803415233191,0.24145554874457256,0.023112785559114214,0.20222342940157473,96.69997396923954,1.0,96.61582636579546
173,2023,5,1.8348852806658447,-0.42284842783704696,-0.8092955991101215,1,35,96.61582636579546,1,1.9368193547929058,0.03537208923782494,0.38326377464764916,0.37265905262472343,0.08480681948434703,0.053221443943273966,0.21141953611012948,-0.004320573369495466,0.24145554874457256,91.01464824359317,1.0,100.0
173,2024,5,1.8348852806658447,-0.42284842783704696,-0.8092955991101215,1,36,100.0,1,2.1093400382909135,0.05489507379908092,0.3139288326861711,0.5547017791972564,0.09537414244467929,0.06487321998193818,0.25346390070078206,0.027257963534472514,0.21141953611012948,96.61582636579546,1.0,
174,2015,6,1.1275493921280344,1.6719110555014947,-0.21325757754116922,1,21,63.67452002030264,0,2.5837856762492835,0.33045539068228014,0.1527915529215607,0.49883548744521544,0.05620565925516466,0.08192834139272474,0.25007727345522374,-0.03648618259222806,,,,70.02312307599318
174,2016,6,1.1275493921280344,1.6719110555014947,-0.21325757754116922,1,22,70.02312307599318,0,2.629361817615905,0.13967006834337933,0.5256750354371664,0.39091318753290577,0.052655775927124296,0.04737974038273333,0.31246340471500106,0.024418468322200657,0.25007727345522374,63.67452002030264,0.0,76.37192861421416
174,2017,6,1.1275493921280344,1.6719110555014947,-0.21325757754116922,1,23,76.37192861421416,0,2.0359290066909117,0.21402520964425806,0.20769660275036764,0.30554554192006067,0.06649864935917904,0.10190195128776833,0.2920611940892467,0.03384892328438644,0.31246340471500106,70.02312307599318,0.0,81.12686380859297
174,2018,6,1.1275493921280344,1.6719110555014947,-0.21325757754116922,1,24,81.12686380859297,0,2.4294993598080215,0.3454987392550056,0.3283168918913766,0.39252688632827243,0.08333728397009624,0.09414817570660367,0.2748593450332159,-0.021921965375666288,0.2920611940892467,76.37192861421416,0.0,84.25442500609536
174,2019,6,1.1275493921280344,1.6719110555014947,-0.21325757754116922,1,25,84.25442500609536,0,2.4513573166228113,0.17736949028236734,0.33382949974958226,0.17219756252704613,0.09038703830830218,0.042666186939263155,0.3242348654036095,0.045817244720629965,0.2748593450332159,81.12686380859297,0.0,91.12874385065155
174,2020,6,1.1275493921280344,1.6719110555014947,-0.21325757754116922,1,26,91.12874385065155,0,2.2810056668362604,0.3047568863062434,0.2796939116261472,0.45116775212183563,0.07990191191539028,0.06936536472619967,0.26003710464946267,-0.017962700357181668,0.3242348654036095,84.25442500609536,0.0,93.51817512766848
174,2021,6,1.1275493921280344,1.6719110555014947,-0.21325757754116922,1,27,93.51817512766848,0,2.4085290296163233,0.2533283424055086,0.5982675408539183,0.3720570982644539,0.09838822172520498,0.11871904752146772,0.28014765651100115,-0.02560013730661385,0.26003710464946267,91.12874385065155,0.0,96.04648670666917
174,2022,6,1.1275493921280344,1.6719110555014947,-0.21325757754116922,1,28,96.04648670666917,0,2.217142318468719,0.379196835555735,0.34952692992795087,0.31159266663930085,0.07743721039179471,0.052787647554684826,0.22182717166931992,-0.05888577506386745,0.28014765651100115,93.51817512766848,0.0,93.00541471737695
174,2023,6,1.1275493921280344,1.6719110555014947,-0.21325757754116922,1,29,93.00541471737695,0,2.65833638255883,0.32577439271390496,0.42780277646816917,0.2997880610499802,0.059706574335533905,0.08291539028028876,0.3349334612774159,0.018503311884112576,0.22182717166931992,96.04648670666917,0.0,100.0
174,2024,6,1.1275493921280344,1.6719110555014947,-0.21325757754116922,1,30,100.0,1,2.816310115455016,0.22946066826246828,0.29153772336955797,0.39512250453088216,0.0726560136931642,0.06033936897422396,0.2978045761523148,-0.015741143604644698,0.3349334612774159,93.00541471737695,0.0,
175,2015,2,0.16348667073756668,0.775336595140306,1.0720674225937226,1,29,56.32024203659756,0,1.4923798393236951,0.1401292856628766,0.15591915166320264,0.43551257755530015,0.04737374257545217,0.07867413829980345,0.14762771396838972,-0.024145725664648152,,,,59.103148690624714
175,2016,2,0.16348667073756668,0.775336595140306,1.0720674225937226,1,30,59.103148690624714,0,2.0374730381612127,0.1483752928831902,0.16369363638500795,0.6257421295450176,0.022331377885171436,0.06266506918814946,0.18529068281991196,-0.02039059039593716,0.14762771396838972,56.32024203659756,0.0,58.423574142743774
175,2017,2,0.16348667073756668,0.775336595140306,1.0720674225937226,1,31,58.423574142743774,0,2.0589903120601374,0.25949382596349013,0.21684639933689773,0.655002777360409,0.02869270023395911,0.06409299613522233,0.17885315933712365,-0.04064849518294177,0.18529068281991196,59.103148690624714,0.0,59.40523105597759
175,2018,2,0.16348667073756668,0.775336595140306,1.0720674225937226,1,32,59.40523105597759,0,2.0542242331650478,0.34237534717752804,0.2568958871354315,0.45797896634323515,0.016542635526240083,0.05609323838122221,0.19702242630733088,-0.03224461984707135,0.17885315933712365,58.423574142743774,0.0,62.417786451331956
175,2019,2,0.16348667073756668,0.775336595140306,1.0720674225937226,1,33,62.417786451331956,0,2.424563722625827,0.19788829553274329,0.2727640889249502,0.3843272316057436,0.03718149208128131,0.02756765342867784,0.20579379142753965,-0.035516648208538316,0.19702242630733088,59.40523105597759,0.0,62.09211389663807
175,2020,2,0.16348667073756668,0.775336595140306,1.0720674225937226,1,34,62.09211389663807,0,1.6763862380368124,0.09204208309212672,0.21436769231887115,0.533180213398799,0.042541387243553275,0.0994995814207825,0.21793884633905883,0.023811182893354522,0.20579379142753965,62.417786451331956,0.0,64.54101653361091
175,2021,2,0.16348667073756668,0.775336595140306,1.0720674225937226,1,35,64.54101653361091,1,2.2686146933215037,0.1466257942082042,0.15160437525047576,0.7591774373686259,0.06279638336766341,0.07740439636788982,0.2582354093895871,0.028479457509361428,0.21793884633905883,62.09211389663807,0.0,78.3515788417051
175,2022,2,0.16348667073756668,0.775336595140306,1.0720674225937226,1,36,78.3515788417051,0,1.7661431190979835,0.1676991678651373,0.28560040571208944,0.5647377586532661,0.057175308808413046,0.05741940578135121,0.18440870251152164,-0.01775834935222513,0.2582354093895871,64.54101653361091,1.0,85.4098723930393
175,2023,2,0.16348667073756668,0.775336595140306,1.0720674225937226,1,37,85.4098723930393,1,2.2017192033360855,0.009309704115421286,0.20279249082731796,0.3598110963861823,0.029175085922232308,0.043494290293145305,0.24192756771344565,0.025145708137439618,0.18440870251152164,78.3515788417051,0.0,88.57437085123766
175,2024,2,0.16348667073756668,0.775336595140306,1.0720674225937226,1,38,88.57437085123766,0,2.4191091527679562,0.17215882524818843,0.18798454992877905,0.7597994711840635,0.037610270942187794,0.049103402895552595,0.2288575887619988,-0.011940438862006079,0.24192756771344565,85.4098723930393,1.0,
176,2015,8,-0.7465098788560733,0.19455208821702663,0.6060027598398047,0,4,55.59681251184815,0,1.3604146622087554,0.021400323688073153,0.3758038250035783,0.5339787899778933,0.002812904317747264,0.06708953734179852,0.17847564711664032,-0.003897242073524695,,,,58.521110077622204
176,2016,8,-0.7465098788560733,0.19455208821702663,0.6060027598398047,0,5,58.521110077622204,0,1.860533876757044,-0.02204598332842951,0.17997173942181807,0.5399432823425903,0.014654187767007344,0.04433998737039002,0.2035399146848879,-0.0014356137951519387,0.17847564711664032,55.59681251184815,0.0,58.598682022442375
176,2017,8,-0.7465098788560733,0.19455208821702663,0.6060027598398047,0,6,58.598682022442375,0,1.1974775101152946,0.19500484543191338,0.19854017054499862,0.45738274773804827,0.030061165052811898,0.05539281158479376,0.16538684236857715,-0.016008936249960505,0.2035399146848879,58.521110077622204,0.0,63.79644025298524
176,2018,8,-0.7465098788560733,0.19455208821702663,0.6060027598398047,0,7,63.79644025298524,0,1.3646272151067291,0.011618768185837333,0.12251878349839032,0.36388414488999943,0.01986047964126927,0.04237777953110266,0.1575161498607375,-0.017519563714958625,0.16538684236857715,58.598682022442375,0.0,63.40452359673308
176,2019,8,-0.7465098788560733,0.19455208821702663,0.6060027598398047,0,8,63.40452359673308,0,0.9296445935727483,0.12375145566450414,0.13735609656974965,0.6043947616709632,0.020936761595836302,0.036188943337839896,0.19266567006003255,0.04417758013759963,0.1575161498607375,63.79644025298524,0.0,64.6999768826637
176,2020,8,-0.7465098788560733,0.19455208821702663,0.6060027598398047,0,9,64.6999768826637,0,0.9997760456256525,0.043934797879058934,0.31520627330994166,0.5276651008961591,0.016103539305257306,0.06184710657992749,0.12115982223013971,-0.04198872083459675,0.19266567006003255,63.40452359673308,0.0,74.2582008306119
176,2021,8,-0.7465098788560733,0.19455208821702663,0.6060027598398047,0,10,74.2582008306119,0,1.5892196821288869,0.08290833758712837,0.5345263793058512,0.5837405412669929,0.012850527390740153,0.0705169893484474,0.19499609973493137,-0.019494727509031824,0.12115982223013971,64.6999768826637,0.0,81.14171773058199
176,2022,8,-0.7465098788560733,0.19455208821702663,0.6060027598398047,0,11,81.14171773058199,0,1.6001547166723464,-0.06452467817549455,0.3955668691133724,0.5761802264626554,0.038849694827827574,0.04888323834372991,0.22033023806899407,0.022250424797861417,0.19499609973493137,74.2582008306119,0.0,83.49271915750438
176,2023,8,-0.7465098788560733,0.19455208821702663,0.6060027598398047,0,12,83.49271915750438,0,1.6102910904700969,0.21019998332432827,0.20262920293532743,0.4216086575573121,0.024466669866844933,0.03888444419788528,0.20182725945295482,-0.013182891708719665,0.22033023806899407,81.14171773058199,0.0,78.97258601703925
176,2024,8,-0.7465098788560733,0.19455208821702663,0.6060027598398047,0,13,78.97258601703925,0,2.0645172332943296,0.04315857812913733,0.1411435762380987,0.6268901397661578,-0.01885587683498236,0.03409238658180268,0.20217130525180838,-0.025509729400500475,0.20182725945295482,83.49271915750438,0.0,
177,2015,3,1.0726759145491425,0.07997570972725596,0.16791687536977298,1,16,65.01902216379072,1,1.372457288889764,0.26873276981689087,0.3168006961749891,0.46235666213949317,0.030158929538161794,0.03780615537847111,0.17281610209698148,0.002425401574255583,,,,57.77108089090685
177,2016,3,1.0726759145491425,0.07997570972725596,0.16791687536977298,1,17,57.77108089090685,0,1.5608644946821384,0.07060872064830234,0.3014802729649303,0.3410944610709388,0.08310274164421685,0.04534475903466436,0.15873568563092702,-0.016213162830821644,0.17281610209698148,65.01902216379072,1.0,62.0936777298084
177,2017,3,1.0726759145491425,0.07997570972725596,0.16791687536977298,1,18,62.0936777298084,0,1.2078702826366983,0.0868897148434428,0.210191633160792,0.47048011863692685,0.09033895364262715,0.0591731695063065,0.18272386709392582,0.03309986330788927,0.15873568563092702,57.77108089090685,0.0,67.6385346708669
177,2018,3,1.0726759145491425,0.07997570972725596,0.16791687536977298,1,19,67.6385346708669,0,1.8865995507337026,0.009679990737157293,0.21773006786612295,0.4360668481057052,0.04627759981821977,0.049994212026112136,0.19085364277842964,-0.0011023906814346372,0.18272386709392582,62.0936777298084,0.0,71.75235759255335
177,2019,3,1.0726759145491425,0.07997570972725596,0.16791687536977298,1,20,71.75235759255335,0,1.9558994143213462,0.15312093053044487,0.4299571013297045,0.5304089867549516,0.05827434328293957,0.05592566060575863,0.2461500297941569,0.030206372400845734,0.19085364277842964,67.6385346708669,0.0,77.49811581486466
177,2020,3,1.0726759145491425,0.07997570972725596,0.16791687536977298,1,21,77.49811581486466,0,1.6362807829891275,0.11951476444684772,0.5129535440379609,0.3935922135848413,0.03176786944618381,0.04523184681645405,0.22624013070596063,0.02934686617631325,0.2461500297941569,71.75235759255335,0.0,78.7000547571006
177,2021,3,1.0726759145491425,0.07997570972725596,0.16791687536977298,1,22,78.7000547571006,0,2.011890558813965,-0.08439345865416452,0.189630654791843,0.39397263260572113,0.06559240190378351,0.06080661579765488,0.21218135652367487,0.011726322687265353,0.22624013070596063,77.49811581486466,0.0,86.82659713600981
177,2022,3,1.0726759145491425,0.07997570972725596,0.16791687536977298,1,23,86.82659713600981,0,1.7184980606314124,0.123181648348226,0.22769404966945686,0.41597122240799395,0.10279389499859028,0.05738142659109004,0.21971920598620484,0.023577120407009065,0.21218135652367487,78.7000547571006,0.0,88.1892455081738
177,2023,3,1.0726759145491425,0.07997570972725596,0.16791687536977298,1,24,88.1892455081738,0,2.181462135325467,0.14752312377752286,0.25407562500819325,0.4374337886712519,0.06793068300048385,0.04856950212005302,0.22600271298968305,-0.004146579522260974,0.21971920598620484,86.82659713600981,0.0,98.85546318234677
177,2024,3,1.0726759145491425,0.07997570972725596,0.16791687536977298,1,25,98.85546318234677,0,2.3059994783614934,0.1442378846868175,0.366376124965626,0.4761785205841292,0.0560881098013097,0.04106354195165234,0.30753952576970134,0.06619234794657047,0.22600271298968305,88.1892455081738,0.0,
178,2015,2,1.2708455827316443,-1.40703034524802,-0.10044830306651978,0,24,66.34386320197437,0,0.7632723115352316,-0.02067069947500578,0.41662496121044196,0.6084211740157844,0.03824041423911087,0.04444852238838613,0.1252287715196864,0.028668231138563708,,,,66.03241900106764
178,2016,2,1.2708455827316443,-1.40703034524802,-0.10044830306651978,0,25,66.03241900106764,0,0.8954657793748182,-0.05566894002086355,0.26254335469667467,0.4965583508181059,0.06849066425641129,0.012606041111773993,0.07966243511949388,-0.014006690868605154,0.1252287715196864,66.34386320197437,0.0,68.17353608216264
178,2017,2,1.2708455827316443,-1.40703034524802,-0.10044830306651978,0,26,68.17353608216264,0,1.1416860043870527,-0.11327931364393001,0.27480623627980044,0.4161865460621374,0.07007283182067418,0.027739573225263225,0.09665660228254808,-0.014688945387789969,0.07966243511949388,66.03241900106764,0.0,74.83913934607082
178,2018,2,1.2708455827316443,-1.40703034524802,-0.10044830306651978,0,27,74.83913934607082,0,1.0127599308374917,-0.12330939974658428,0.27100149648838767,0.367376859159944,0.05573160274329762,0.003996841588890923,0.0855477015628298,-0.012900140547221212,0.09665660228254808,68.17353608216264,0.0,80.94441161245297
178,2019,2,1.2708455827316443,-1.40703034524802,-0.10044830306651978,0,28,80.94441161245297,0,1.2833932083042592,-0.22937230053847682,0.1658636782029853,0.46759417755915644,0.06939849149233754,0.022751515825030023,0.036505491430288986,-0.07237299072099075,0.0855477015628298,74.83913934607082,0.0,82.90430983815077
178,2020,2,1.2708455827316443,-1.40703034524802,-0.10044830306651978,0,29,82.90430983815077,0,1.3553218357785541,0.09273721806497201,0.20884024626908587,0.6575335570415386,0.07731702492454011,0.03382811306558046,0.13850521428133516,0.0005171032492777793,0.036505491430288986,80.94441161245297,0.0,89.48130917894979
178,2021,2,1.2708455827316443,-1.40703034524802,-0.10044830306651978,0,30,89.48130917894979,0,1.591360185562273,-0.06804003628661272,0.38319770070926745,0.36141250991769086,0.08015927251057282,0.03125330744817949,0.13674044944899627,-0.021122526752972593,0.13850521428133516,82.90430983815077,0.0,94.1282382517212
178,2022,2,1.2708455827316443,-1.40703034524802,-0.10044830306651978,0,31,94.1282382517212,1,1.3184240548092916,-0.06579356130492335,0.2424391672973586,0.501420675453427,0.09358978076398483,-0.009202954942306291,0.13996302753416845,0.016850497629285248,0.13674044944899627,89.48130917894979,0.0,95.02806172292728
178,2023,2,1.2708455827316443,-1.40703034524802,-0.10044830306651978,0,32,95.02806172292728,0,1.5607035622031127,-0.12748514961947893,0.40733260173322,0.43158359139833147,0.07928654248492403,0.02391705263207421,0.14922513874662025,-0.001978817245574184,0.13996302753416845,94.1282382517212,1.0,100.0
178,2024,2,1.2708455827316443,-1.40703034524802,-0.10044830306651978,0,33,100.0,0,1.4157231377077977,0.054961588955786664,0.33704714084549203,0.25890269194260734,0.09659082743210488,0.029579970794366493,0.20189234049925775,0.04387859869969484,0.14922513874662025,95.02806172292728,0.0,
179,2015,4,1.4184942822675106,-0.5427906738387833,1.2984452225742555,0,7,70.1854338823427,0,0.7465924515424996,0.01999094673882977,0.10618482502402536,0.595313823225731,0.05892420079977103,0.03514477033759282,0.0796895653862851,-0.01142030473133479,,,,70.2147189563608
179,2016,4,1.4184942822675106,-0.5427906738387833,1.2984452225742555,0,8,70.2147189563608,1,1.1830982500365939,-0.020753741993605898,0.307472042376964,0.572126074573084,0.048345874035221476,0.0409459955053208,0.11122727833522446,-0.015767994682247252,0.0796895653862851,70.1854338823427,0.0,72.26851687717331
179,2017,4,1.4184942822675106,-0.5427906738387833,1.2984452225742555,0,9,72.26851687717331,1,2.1529900558386013,0.017993760359532297,0.3794478567503328,0.6088680580116568,0.04965003576780372,0.028569337542861332,0.1542709620043745,-0.04463778651874387,0.11122727833522446,70.2147189563608,1.0,70.96608832175859
179,2018,4,1.4184942822675106,-0.5427906738387833,1.2984452225742555,0,10,70.96608832175859,0,0.9840464531052215,0.06450025304955817,0.37104762251512313,0.3851052649886915,0.047875448232715084,0.05361733669152752,0.1898503556647076,0.057278381572379286,0.1542709620043745,72.26851687717331,1.0,83.24170901769352
179,2019,4,1.4184942822675106,-0.5427906738387833,1.2984452225742555,0,11,83.24170901769352,0,1.2892977068647118,-0.05134122723921833,0.43937285365895234,0.5165914416367088,0.07047478726111445,0.03991911212269122,0.13808055410215545,-0.006290215769327949,0.1898503556647076,70.96608832175859,0.0,87.21287362828737
179,2020,4,1.4184942822675106,-0.5427906738387833,1.2984452225742555,0,12,87.21287362828737,0,1.2967324372463678,0.026924684370381695,0.25602089032553504,0.6374425578584472,0.04021246902025572,0.04449010698791125,0.111733929129892,-0.030673962194677697,0.13808055410215545,83.24170901769352,0.0,86.73031570415154
179,2021,4,1.4184942822675106,-0.5427906738387833,1.2984452225742555,0,13,86.73031570415154,0,1.6241364706668218,0.04328391140161433,0.3905039908488878,0.6204153950845972,0.04306143164404723,0.0424970482356304,0.23317517193296677,0.06198919418042999,0.111733929129892,87.21287362828737,0.0,88.33266882057723
179,2022,4,1.4184942822675106,-0.5427906738387833,1.2984452225742555,0,14,88.33266882057723,0,1.0321293745804812,0.06682606498100263,0.15171249642050902,0.47971345939623,0.07031654320911632,0.03583765616750679,0.12385143190192496,-0.005553426502858615,0.23317517193296677,86.73031570415154,0.0,96.66922935089681
179,2023,4,1.4184942822675106,-0.5427906738387833,1.2984452225742555,0,15,96.66922935089681,1,1.767221281504713,0.0018203053446113684,0.28150889768369236,0.5129829491354637,0.055166694695133855,0.04395411432868634,0.15302843542186914,-0.025941902199771404,0.12385143190192496,88.33266882057723,0.0,100.0
179,2024,4,1.4184942822675106,-0.5427906738387833,1.2984452225742555,0,16,100.0,1,1.33329895335851,0.012711491670310514,0.3157962578767626,0.5901273661220351,0.07181416027442436,0.028977530722132078,0.17127956753988924,0.023478914919365722,0.15302843542186914,96.66922935089681,1.0,
180,2015,1,-0.03164149307393157,0.18358586464373625,1.292623212688054,1,4,55.88139114318134,0,0.5915492494694216,0.11404245776710051,0.14820857131076495,0.42743646198129664,0.0385955889179066,0.04114073023785271,0.1260263658500635,0.028992603165973563,,,,54.484368462255965
180,2016,1,-0.03164149307393157,0.18358586464373625,1.292623212688054,1,5,54.484368462255965,0,1.3765380047487017,0.05979212064016566,0.31833229940743546,0.630114299231558,0.05498085019519435,0.0419574694361986,0.21048224889102654,0.058863146388656605,0.1260263658500635,55.88139114318134,0.0,56.360848926317395
180,2017,1,-0.03164149307393157,0.18358586464373625,1.292623212688054,1,6,56.360848926317395,0,1.6824034590590986,0.03790160646994187,0.23083889892174514,0.3821264270950971,0.02259943524502111,0.031045275845023455,0.16280168406801013,-0.011433875735241418,0.21048224889102654,54.484368462255965,0.0,60.03245913087358
180,2018,1,-0.03164149307393157,0.18358586464373625,1.292623212688054,1,7,60.03245913087358,0,1.6194879658484316,0.11145852542866808,0.317292559909225,0.6557702635057819,0.041428402947664006,0.06361208680061148,0.17805666564665476,-0.002213414383903687,0.16280168406801013,56.360848926317395,0.0,60.89179244901875
180,2019,1,-0.03164149307393157,0.18358586464373625,1.292623212688054,1,8,60.89179244901875,0,1.4685941409849637,-0.035788317611022746,0.34921223929786216,0.6743141472588343,0.03325586478164088,0.05266808609732524,0.15082975312837432,-0.007634448998308631,0.17805666564665476,60.03245913087358,0.0,62.10577176620807
180,2020,1,-0.03164149307393157,0.18358586464373625,1.292623212688054,1,9,62.10577176620807,0,1.7781934215610744,0.17601842635839451,0.31036351716371136,0.6034349685156676,0.022960527799545733,0.0594444506014679,0.20654367835182863,0.0090002789466169,0.15082975312837432,60.89179244901875,0.0,59.19055692354888
180,2021,1,-0.03164149307393157,0.18358586464373625,1.292623212688054,1,10,59.19055692354888,0,1.634283378224804,-0.013813181991495602,0.33413941537249003,0.6993313453976513,0.028025650119792016,0.04571289887329567,0.17125451012601345,-0.000875567758190485,0.20654367835182863,62.10577176620807,0.0,63.02190491584671
180,2022,1,-0.03164149307393157,0.18358586464373625,1.292623212688054,1,11,63.02190491584671,1,2.125453431871036,0.07434539026941571,0.15678619156761792,0.36937954681121177,0.024978917151403445,0.08901258203628637,0.2592652066578226,0.03668575631784438,0.17125451012601345,59.19055692354888,0.0,71.84025963192472
180,2023,1,-0.03164149307393157,0.18358586464373625,1.292623212688054,1,12,71.84025963192472,0,1.6996271758362091,0.045774961207181546,0.18935615061033598,0.39065037126607755,0.026543768063853848,0.04460202795905513,0.20356352256962376,0.01831167166459335,0.2592652066578226,63.02190491584671,1.0,70.57468447189717
180,2024,1,-0.03164149307393157,0.18358586464373625,1.292623212688054,1,13,70.57468447189717,0,1.7980827548503082,-0.05263392410074384,0.36233717793335524,0.57294212481241,0.014738348608828389,0.05659408351653806,0.1798592615861678,-0.009485511679360969,0.20356352256962376,71.84025963192472,0.0,
181,2015,4,-0.47257601015099293,0.1694589177953598,-1.2093118612677956,0,5,55.85831050842661,0,1.2413641012038805,0.13415233532851856,0.37094598380083005,0.3016343674846378,0.05656893421513294,0.03237968515149565,0.14457488724611586,-0.012853815285909457,,,,53.497173250709054
181,2016,4,-0.47257601015099293,0.1694589177953598,-1.2093118612677956,0,6,53.497173250709054,0,1.778087295245367,0.1292766135287473,0.31807222429450266,0.39222599286159543,0.05011389532703706,0.03454667968626157,0.18343575401190346,-0.01007519192514661,0.14457488724611586,55.85831050842661,0.0,56.07203329252458
181,2017,4,-0.47257601015099293,0.1694589177953598,-1.2093118612677956,0,7,56.07203329252458,0,2.079278290106549,0.007159043309377527,0.2292616779022027,0.3490700439474332,0.020248254529902827,0.05211981135449828,0.24472777688253022,0.035221890494428705,0.18343575401190346,53.497173250709054,0.0,60.07985625714057
181,2018,4,-0.47257601015099293,0.1694589177953598,-1.2093118612677956,0,8,60.07985625714057,0,1.561427900103916,0.04320956866647435,0.3797669564237313,0.36748548443547113,0.04747509197564359,0.07029664905781499,0.18610031246001296,-0.002121936321390072,0.24472777688253022,56.07203329252458,0.0,65.71520021027743
181,2019,4,-0.47257601015099293,0.1694589177953598,-1.2093118612677956,0,9,65.71520021027743,0,1.090969493846821,0.10624008842764551,0.2556146662142014,0.49424198880518017,0.037252417614012004,0.08550171217930808,0.16033017616113596,0.004494470808474764,0.18610031246001296,60.07985625714057,0.0,65.06457958959206
181,2020,4,-0.47257601015099293,0.1694589177953598,-1.2093118612677956,0,10,65.06457958959206,0,1.4089165294412684,0.12839162367909945,0.2429994573021277,0.38032208656598143,0.07235485899324683,0.04506884893319893,0.21438889306387737,0.04222801746442858,0.16033017616113596,65.71520021027743,0.0,73.91153431065355
181,2021,4,-0.47257601015099293,0.1694589177953598,-1.2093118612677956,0,11,73.91153431065355,0,1.578230943178754,0.003984511976770633,0.4433133528129464,0.6027178375088403,0.04844321101761464,0.05799551902049935,0.17157411510123127,-0.011981288119749087,0.21438889306387737,65.06457958959206,0.0,76.13071499054276
181,2022,4,-0.47257601015099293,0.1694589177953598,-1.2093118612677956,0,12,76.13071499054276,0,1.543216315604619,-0.025906511226366974,0.4496486025021792,0.33462684463907316,0.046095849191260085,0.048121122972242386,0.19068925400674583,0.009548958165202986,0.17157411510123127,73.91153431065355,0.0,79.56693296682515
181,2023,4,-0.47257601015099293,0.1694589177953598,-1.2093118612677956,0,13,79.56693296682515,0,1.9468392151829241,0.19435835293271625,0.4281282863815185,0.45105723089516025,0.04343501068064219,0.04449310773197718,0.20801621637454976,-0.015883175589004997,0.19068925400674583,76.13071499054276,0.0,82.63950660826724
181,2024,4,-0.47257601015099293,0.1694589177953598,-1.2093118612677956,0,14,82.63950660826724,0,1.444746498861439,0.016212744914689034,0.39699226115314623,0.16693512641372862,0.019957932036486756,0.07295480117033262,0.20822785544284006,0.02065880405177367,0.20801621637454976,79.56693296682515,0.0,
182,2015,0,-1.513759173886296,-1.4306820305246077,-0.1853346278179992,1,20,52.41454820802513,0,0.2761145332073572,-0.14465130712453095,0.151701595177208,0.2844209873154936,0.005888931441211502,0.014168621526138502,0.0689074421954019,0.036572474442048405,,,,47.84872892902562
182,2016,0,-1.513759173886296,-1.4306820305246077,-0.1853346278179992,1,21,47.84872892902562,0,0.16331574527551396,-0.09641639807621892,0.2870697024464081,0.3969520954204943,0.034871043936629896,-0.0010868174391033235,0.03117297314914965,0.0047009690490363385,0.0689074421954019,52.41454820802513,0.0,46.03115759007882
182,2017,0,-1.513759173886296,-1.4306820305246077,-0.1853346278179992,1,22,46.03115759007882,0,0.2696395941032302,-0.14798119941073776,0.2403059348486679,0.48865951384708756,0.0166267968816636,-0.008984258154031612,0.031607367501205255,0.006984637261892639,0.03117297314914965,47.84872892902562,0.0,48.33089962144739
182,2018,0,-1.513759173886296,-1.4306820305246077,-0.1853346278179992,1,23,48.33089962144739,0,0.42949778559345964,-0.15916710656560099,0.17159086819765015,0.452130081509007,0.01764968091375381,0.017028215182653215,0.03206646450780239,-0.00815797121827083,0.031607367501205255,46.03115759007882,0.0,49.592516760115764
182,2019,0,-1.513759173886296,-1.4306820305246077,-0.1853346278179992,1,24,49.592516760115764,0,0.9388163529681861,-0.08698183760605649,0.2117656655185755,0.4236967184194992,0.016274672358137177,0.019424848829389014,0.10276679778055132,0.01799095459045774,0.03206646450780239,48.33089962144739,0.0,52.30440213597396
182,2020,0,-1.513759173886296,-1.4306820305246077,-0.1853346278179992,1,25,52.30440213597396,0,0.6385450767830849,-0.13631970027769127,0.09828216084998771,0.39755259480794564,-0.011533680338184658,0.05811979302941396,0.09284241361922639,0.023912879070303168,0.10276679778055132,49.592516760115764,0.0,54.637635028342196
182,2021,0,-1.513759173886296,-1.4306820305246077,-0.1853346278179992,1,26,54.637635028342196,0,1.337896165824461,-0.18244202959398997,0.20554874133591175,0.5818665238610892,0.009690186928392346,0.009222798973331798,0.04521816806216926,-0.05904978553643339,0.09284241361922639,52.30440213597396,0.0,57.207745679609786
182,2022,0,-1.513759173886296,-1.4306820305246077,-0.1853346278179992,1,27,57.207745679609786,0,-0.09593613908604082,-0.20838054462742228,0.25735564483991175,0.45848297233914503,-0.006278226581607637,0.02366443407086754,0.02774506417166869,0.019101887516337394,0.04521816806216926,54.637635028342196,0.0,53.71596303031759
182,2023,0,-1.513759173886296,-1.4306820305246077,-0.1853346278179992,1,28,53.71596303031759,0,0.8874908572390904,-0.251846161910497,0.34325232755875273,0.6334811019915015,0.005377190393236605,0.05077740093516907,0.08662458569490968,0.0059205992890109345,0.02774506417166869,57.207745679609786,0.0,58.296251096474386
182,2024,0,-1.513759173886296,-1.4306820305246077,-0.1853346278179992,1,29,58.296251096474386,0,1.0848978384727523,0.04271152264819464,0.2227413485722136,0.35055380102730854,-0.013392207429225447,0.03497722345220343,0.12394754301055126,0.007031691991336362,0.08662458569490968,53.71596303031759,0.0,
183,2015,6,0.30015444396380336,-1.4450783225554655,0.14339058266391833,1,31,57.71230746666899,0,0.6476873505808052,-0.17927606778166708,0.2679580901353467,0.4945114456207982,0.053924775707552164,-0.0017746285927976412,0.11054357230241157,0.03931365432408187,,,,59.03401867663855
183,2016,6,0.30015444396380336,-1.4450783225554655,0.14339058266391833,1,32,59.03401867663855,0,1.2241679670963233,-0.1688443338582577,0.5094684743530823,0.6079384319953982,0.039826385196369614,0.02196193931931552,0.11680279592570339,-0.00810275859621665,0.11054357230241157,57.71230746666899,0.0,55.602713361599285
183,2017,6,0.30015444396380336,-1.4450783225554655,0.14339058266391833,1,33,55.602713361599285,0,1.1753587328174122,-0.08399722280267395,0.26902614697560195,0.37787817135678264,0.034899946094018114,0.04015058846915082,0.15256397974099958,0.023583472924873946,0.11680279592570339,59.03401867663855,0.0,60.51854710819708
183,2018,6,0.30015444396380336,-1.4450783225554655,0.14339058266391833,1,34,60.51854710819708,0,0.317308962033071,-0.07848449891068719,0.271073296810339,0.43485449961008876,0.032449733105718616,0.028130436685997653,0.08668586726839334,0.01882230725620612,0.15256397974099958,55.602713361599285,0.0,56.86055918016513
183,2019,6,0.30015444396380336,-1.4450783225554655,0.14339058266391833,1,35,56.86055918016513,0,0.7828309517550082,-0.16045187255980745,0.18994988572690666,0.33732711441027263,0.05231220827116117,0.04389351995864086,0.06651049287353872,-0.029028002157343327,0.08668586726839334,60.51854710819708,0.0,60.0690355949421
183,2020,6,0.30015444396380336,-1.4450783225554655,0.14339058266391833,1,36,60.0690355949421,0,1.6271390445268255,-0.11121646763809488,0.38619152789996725,0.3168888841680567,0.03294498249113148,0.04312991454323691,0.16248331070848757,-0.003203984456604322,0.06651049287353872,56.86055918016513,0.0,70.8790893109446
183,2021,6,0.30015444396380336,-1.4450783225554655,0.14339058266391833,1,37,70.8790893109446,0,0.9823958827571458,-0.16918688999701512,0.2929964377858811,0.5033875586616076,0.05477672620069313,-0.0009249276702351546,0.09538627212185256,-0.008428850662690451,0.16248331070848757,60.0690355949421,0.0,72.6064311625495
183,2022,6,0.30015444396380336,-1.4450783225554655,0.14339058266391833,1,38,72.6064311625495,0,0.5422326670458408,-0.003811133229017702,0.18230942998963776,0.47446834575142427,0.054157605596017344,0.04414700058835863,0.050677240364147974,-0.040394286786662625,0.09538627212185256,70.8790893109446,0.0,84.88825242068233
183,2023,6,0.30015444396380336,-1.4450783225554655,0.14339058266391833,1,39,84.88825242068233,0,1.5641763472289885,-0.15115430582690326,0.18677794338885503,0.45118595618759005,0.0661896731753899,0.025874762445320033,0.180166712901433,0.03280181598594038,0.050677240364147974,72.6064311625495,0.0,85.94884541803587
183,2024,6,0.30015444396380336,-1.4450783225554655,0.14339058266391833,1,40,85.94884541803587,0,1.0619450153498629,-0.20589151923208765,0.4588523220417561,0.5470113808962104,0.04070558595756019,0.021791005015094084,0.13539504689554524,0.01490102127903088,0.180166712901433,84.88825242068233,0.0,
184,2015,4,-0.6358535388727478,-0.9992054125169899,1.5169093453796538,0,23,57.74684304317458,1,0.6110611760575893,-0.16726851202101634,0.1753204884680219,0.5325797461534526,0.014467802799780046,0.024087486617428083,0.026866419822909826,-0.04991038785553417,,,,60.5770313457859
184,2016,4,-0.6358535388727478,-0.9992054125169899,1.5169093453796538,0,24,60.5770313457859,1,1.0407135667191085,0.0354957514174855,0.1697826703676491,0.6142912290310728,0.018918256790768345,0.05581919044766904,0.14476102632470014,0.019327245292615126,0.026866419822909826,57.74684304317458,1.0,62.31198349372247
184,2017,4,-0.6358535388727478,-0.9992054125169899,1.5169093453796538,0,25,62.31198349372247,0,0.915031230429061,0.021286861897839363,0.11811671025565196,0.5249786863277058,0.00731876920206404,0.024209398310063305,0.100577142309159,-0.012648584669303286,0.14476102632470014,60.5770313457859,1.0,66.23932156615902
184,2018,4,-0.6358535388727478,-0.9992054125169899,1.5169093453796538,0,26,66.23932156615902,0,0.8697334667976788,-0.022539826156191125,0.24396360145459262,0.6253354835257322,0.00807251280793004,0.06315909301896626,0.1346789887087032,0.016900894103587753,0.100577142309159,62.31198349372247,0.0,57.63320278037402
184,2019,4,-0.6358535388727478,-0.9992054125169899,1.5169093453796538,0,27,57.63320278037402,0,0.668769221435883,-0.016621969789464043,0.178875323099421,0.6957395080934793,-0.0033025710823052067,0.02779155200907223,0.07378505300573648,-0.020883051658615766,0.1346789887087032,66.23932156615902,0.0,58.350121900877326
184,2020,4,-0.6358535388727478,-0.9992054125169899,1.5169093453796538,0,28,58.350121900877326,0,0.7571939613549742,-0.06612635240982428,0.13851961803280816,0.47522659925101796,0.01293936105319458,0.07223157741888081,0.1795149424758479,0.07072323393720131,0.07378505300573648,57.63320278037402,0.0,60.371679880291
184,2021,4,-0.6358535388727478,-0.9992054125169899,1.5169093453796538,0,29,60.371679880291,0,0.4811335787786465,-0.08151280359325669,0.15031934700884084,0.7115133274574714,0.028565328971147746,0.06527675757157106,0.11638079178955088,0.028806526896987008,0.1795149424758479,58.350121900877326,0.0,64.09066596057743
184,2022,4,-0.6358535388727478,-0.9992054125169899,1.5169093453796538,0,30,64.09066596057743,0,0.8904854779120939,-0.07510136865094048,0.12059265693514172,0.6462965060574236,0.006281292462861985,0.04215024534487631,0.14335717893962008,0.03304274794057996,0.11638079178955088,60.371679880291,0.0,71.35296957906156
184,2023,4,-0.6358535388727478,-0.9992054125169899,1.5169093453796538,0,31,71.35296957906156,0,0.995946441685741,-0.05194423272278855,0.13972686303019835,0.5959013403786918,0.005624208116187624,0.04274908576734675,0.1448289645091552,0.021736763808383637,0.14335717893962008,64.09066596057743,0.0,79.07436715105834
184,2024,4,-0.6358535388727478,-0.9992054125169899,1.5169093453796538,0,32,79.07436715105834,1,1.287889122897868,-0.12216910630788529,0.29501613790515874,0.4964855308404456,0.002360889539223695,0.030762882765635127,0.1289766671546927,-0.014803950708897576,0.1448289645091552,71.35296957906156,0.0,
185,2015,6,1.289587952941654,0.3843948331259998,1.0417729710038792,0,27,70.63055431952198,0,1.0520065681515223,0.013532912992758508,0.13885732327409261,0.581623921992271,0.07660286075019461,0.02692076759563994,0.16640854514319725,0.038642337979100674,,,,70.59362176488762
185,2016,6,1.289587952941654,0.3843948331259998,1.0417729710038792,0,28,70.59362176488762,0,1.5462550244278273,0.01985118642840608,0.3005084026857816,0.6628865946279919,0.04566151679914843,0.056708081904951316,0.1714922984992971,-0.005015612154934047,0.16640854514319725,70.63055431952198,0.0,72.32988377988836
185,2017,6,1.289587952941654,0.3843948331259998,1.0417729710038792,0,29,72.32988377988836,0,2.2738621398032226,0.21533919859756384,0.2850868453865475,0.40671226903393415,0.04614570268923544,0.03347062888010097,0.2412879215830523,-0.0007187885871110971,0.1714922984992971,70.59362176488762,0.0,72.5569823284921
185,2018,6,1.289587952941654,0.3843948331259998,1.0417729710038792,0,30,72.5569823284921,0,1.5383808957496736,0.187509060238634,0.4249288563799012,0.678599567038677,0.07771067361602431,0.0581429842827516,0.26480698218228094,0.06725323190156263,0.2412879215830523,72.32988377988836,0.0,73.73586276182829
185,2019,6,1.289587952941654,0.3843948331259998,1.0417729710038792,0,31,73.73586276182829,0,1.5143977721066932,0.16279335402481862,0.3090904244420104,0.42335018396909124,0.051271821520799475,0.04786467360062563,0.20060577741176927,0.006585224310585371,0.26480698218228094,72.5569823284921,0.0,80.71515550335093
185,2020,6,1.289587952941654,0.3843948331259998,1.0417729710038792,0,32,80.71515550335093,0,2.403878273569225,0.10229230375939993,0.2080990841535751,0.3853421221594421,0.0714759796843378,0.06326752035647434,0.2678065650358591,0.01661489481284854,0.20060577741176927,73.73586276182829,0.0,81.2018598154386
185,2021,6,1.289587952941654,0.3843948331259998,1.0417729710038792,0,33,81.2018598154386,0,2.3318807971158892,0.14843857099440524,0.3553630948372499,0.4207351140079574,0.05122826038012617,0.07244479847949263,0.2562069730509013,-0.0033858119187938312,0.2678065650358591,80.71515550335093,0.0,82.475972262167
185,2022,6,1.289587952941654,0.3843948331259998,1.0417729710038792,0,34,82.475972262167,0,1.7874352537287623,0.020675095147352204,0.22303504853898662,0.6654443676764358,0.04791612439238198,0.052366719081522635,0.2281913092393559,0.029352165162767126,0.2562069730509013,81.2018598154386,0.0,84.35167735794603
185,2023,6,1.289587952941654,0.3843948331259998,1.0417729710038792,0,35,84.35167735794603,1,2.7447005482406106,0.2065554578277785,0.20807419038393046,0.6227740221819797,0.04577060362358106,0.05875806177374425,0.2887322788068393,0.007209640144109006,0.2281913092393559,82.475972262167,0.0,87.69893055068033
185,2024,6,1.289587952941654,0.3843948331259998,1.0417729710038792,0,36,87.69893055068033,0,2.1560176105083464,0.11163962397028962,0.3086414155605781,0.5256462231061064,0.06748285037014247,0.030123733520267412,0.21899013692947084,-0.016007200253799907,0.2887322788068393,84.35167735794603,1.0,
186,2015,0,-0.1384315703174572,0.09052823125831681,-1.0035667766751297,0,17,62.65266627689276,0,1.3219446798150745,-0.022301977575120507,0.3868523006038014,0.4322194102263616,0.009177727898049964,0.052384039300051796,0.1271342078359875,-0.005197902838734687,,,,66.53531497134027
186,2016,0,-0.1384315703174572,0.09052823125831681,-1.0035667766751297,0,18,66.53531497134027,0,1.3791907994784598,0.07777572124751722,0.4293041314912085,0.401328290640511,0.03240100933028664,0.03650421435316433,0.16109341786462206,0.017609059631685048,0.1271342078359875,62.65266627689276,0.0,68.01248201193957
186,2017,0,-0.1384315703174572,0.09052823125831681,-1.0035667766751297,0,19,68.01248201193957,0,1.1854824347313637,0.1449221231547161,0.21798837553778405,0.24597501507610542,0.036722607582032045,0.04659896675634263,0.1806805803436837,0.04580915459448088,0.16109341786462206,66.53531497134027,0.0,69.62127586506355
186,2018,0,-0.1384315703174572,0.09052823125831681,-1.0035667766751297,0,20,69.62127586506355,0,1.5292030250535644,0.06097451487920828,0.26545495564362676,0.4012673034737671,0.031105918457093405,0.02755024740857988,0.1514226092687932,0.0026163984683710583,0.1806805803436837,68.01248201193957,0.0,68.35997408569598
186,2019,0,-0.1384315703174572,0.09052823125831681,-1.0035667766751297,0,21,68.35997408569598,0,1.603672729926327,0.007327096317561531,0.46315976991768,0.17508549494521555,0.026810062123697093,0.0657837309258009,0.20933382215612367,0.0395776751322862,0.1514226092687932,69.62127586506355,0.0,69.00672245997214
186,2020,0,-0.1384315703174572,0.09052823125831681,-1.0035667766751297,0,22,69.00672245997214,0,1.7539469960040157,0.15037724380657203,0.39539279979404707,0.4006287936162885,0.04622844587346094,0.06233245298015663,0.21538738809179003,0.028581806187686663,0.20933382215612367,68.35997408569598,0.0,76.08791287977587
186,2021,0,-0.1384315703174572,0.09052823125831681,-1.0035667766751297,0,23,76.08791287977587,0,1.565439340557963,-0.15437847420265077,0.22188081357476194,0.4100857915595655,0.03944087706429196,0.04647920523735762,0.11567905477104139,-0.02639679474739716,0.21538738809179003,69.00672245997214,0.0,80.04749943203788
186,2022,0,-0.1384315703174572,0.09052823125831681,-1.0035667766751297,0,24,80.04749943203788,0,1.8242131719305175,0.02257910024371837,0.2451816967834098,0.19625899903819283,0.04025815772182158,0.07282889777286403,0.17869577027153724,-0.0030011163210854836,0.11567905477104139,76.08791287977587,0.0,79.86316116002237
186,2023,0,-0.1384315703174572,0.09052823125831681,-1.0035667766751297,0,25,79.86316116002237,0,1.9940380551459718,0.08223756544559055,0.28605752249304606,0.4529452537940486,0.06137555143214883,0.03984720564065587,0.17026657722138566,-0.02022253325280063,0.17869577027153724,80.04749943203788,0.0,84.15074617813801
186,2024,0,-0.1384315703174572,0.09052823125831681,-1.0035667766751297,0,26,84.15074617813801,0,1.5397389580510665,0.15164975304867456,0.31458862974228724,0.4359012671024066,0.05898559908534149,0.027085105847729527,0.17501844837682398,0.012049284824005104,0.17026657722138566,79.86316116002237,0.0,
187,2015,3,-1.3539024172819198,-0.25265442000112753,0.6388690978314902,0,5,53.225973554908016,0,1.38709615296154,-0.12048039784080687,0.19726543586760928,0.5211448007130308,-0.023989201872217192,0.03585347042760507,0.09586417499792353,-0.033861489561042665,,,,50.77630791745951
187,2016,3,-1.3539024172819198,-0.25265442000112753,0.6388690978314902,0,6,50.77630791745951,0,0.9644532008196498,0.0071673239858463566,0.11985142949200929,0.6808439369863668,-0.005573939524867182,0.04682354036762198,0.14034059616172206,0.03353207158062403,0.09586417499792353,53.225973554908016,0.0,55.009138663799504
187,2017,3,-1.3539024172819198,-0.25265442000112753,0.6388690978314902,0,7,55.009138663799504,0,1.3259120848957557,-0.018197040448482683,0.15167517583532109,0.674660148214507,-0.027189657079880056,0.016825991265802906,0.08739200058964103,-0.039698696311433725,0.14034059616172206,50.77630791745951,0.0,57.83436310960716
187,2018,3,-1.3539024172819198,-0.25265442000112753,0.6388690978314902,0,8,57.83436310960716,0,0.8104971834392898,-0.014295767522414411,0.2156981316347923,0.6070982595354477,-0.018098684698525793,0.047335582230832916,0.18675896680220427,0.08583379500748843,0.08739200058964103,55.009138663799504,0.0,57.568507966228495
187,2019,3,-1.3539024172819198,-0.25265442000112753,0.6388690978314902,0,9,57.568507966228495,0,1.6474377879261555,0.05604355553308181,0.2978733846137294,0.5307345713110523,-0.04666060092366947,0.04185038491115098,0.1357353946543911,-0.03651799735978234,0.18675896680220427,57.83436310960716,0.0,60.78144528659294
187,2020,3,-1.3539024172819198,-0.25265442000112753,0.6388690978314902,0,10,60.78144528659294,0,0.5766886525325091,-0.14319779555821135,0.24362701891865482,0.42767255300072243,-0.030297503881985353,0.028117232070461882,0.09757454427130607,0.01920464971480848,0.1357353946543911,57.568507966228495,0.0,59.362910274807945
187,2021,3,-1.3539024172819198,-0.25265442000112753,0.6388690978314902,0,11,59.362910274807945,0,1.368097281200729,-0.06591115188401724,0.10372423391751019,0.5828400724772906,-0.010915616417590191,0.04063170054378573,0.11443908302974135,-0.019978998968934455,0.09757454427130607,60.78144528659294,0.0,59.147697941760256
187,2022,3,-1.3539024172819198,-0.25265442000112753,0.6388690978314902,0,12,59.147697941760256,0,1.317908158090279,0.08670270673222778,0.2602582827670071,0.45988801688626396,-0.00024484081589451045,0.04004916025999586,0.09075474229297416,-0.060744243785832944,0.11443908302974135,59.362910274807945,0.0,61.43902515269225
187,2023,3,-1.3539024172819198,-0.25265442000112753,0.6388690978314902,0,13,61.43902515269225,0,1.3804202296613215,-0.10024585313127782,0.11710416173857134,0.5587571377748648,0.014720428988440972,0.027188223218206388,0.1249327100135446,-0.007343973228084036,0.09075474229297416,59.147697941760256,0.0,60.80858210202195
187,2024,3,-1.3539024172819198,-0.25265442000112753,0.6388690978314902,0,14,60.80858210202195,0,1.1402018732976047,0.12343518888334469,0.1945121001988364,0.48601198992866446,-0.028196862783251887,0.03450877552156135,0.2011200177732334,0.06098389491863574,0.1249327100135446,61.43902515269225,0.0,
188,2015,3,2.059882865219213,0.9259556882203035,-0.2459777259688093,1,14,73.64671684125402,1,2.423253747916038,0.15913831138882983,0.5500806185887388,0.2829676185142452,0.08556312086232032,0.0738995611712038,0.23024426233831,-0.03156282443957311,,,,76.52759622422646
188,2016,3,2.059882865219213,0.9259556882203035,-0.2459777259688093,1,15,76.52759622422646,1,1.8717227266697476,0.2831590177185638,0.3379286495608418,0.3100312596250227,0.10314055885132996,0.08095512322218301,0.2621452403061551,0.031074908043186564,0.23024426233831,73.64671684125402,1.0,78.17263133895545
188,2017,3,2.059882865219213,0.9259556882203035,-0.2459777259688093,1,16,78.17263133895545,1,2.197503933210906,0.22043177856117438,0.22307035553364624,0.2661566449834633,0.1286992355951762,0.08564258237203652,0.20868092175243103,-0.04045390463755155,0.2621452403061551,76.52759622422646,1.0,72.12616624424925
188,2018,3,2.059882865219213,0.9259556882203035,-0.2459777259688093,1,17,72.12616624424925,1,2.011152121536875,0.21380295638568145,0.4446750191049165,0.4001161602787399,0.06127872439513309,0.07633795394213902,0.2511213686822615,0.013194754511200365,0.20868092175243103,78.17263133895545,1.0,79.12231384623593
188,2019,3,2.059882865219213,0.9259556882203035,-0.2459777259688093,1,18,79.12231384623593,1,2.381207206175366,0.14504541812237587,0.41909990047367524,0.384310208968968,0.10214802845792754,0.022112238024302774,0.22290440265537073,-0.025172131023561074,0.2511213686822615,72.12616624424925,1.0,81.09939487305192
188,2020,3,2.059882865219213,0.9259556882203035,-0.2459777259688093,1,19,81.09939487305192,0,2.478762269489446,0.2202062072108414,0.28142560576126713,0.3603159104249442,0.08887786887760299,0.04623752077147148,0.284222824178142,0.02250585860582393,0.22290440265537073,79.12231384623593,1.0,85.12618704075233
188,2021,3,2.059882865219213,0.9259556882203035,-0.2459777259688093,1,20,85.12618704075233,0,2.6552413702140027,0.3633873078596289,0.38566762670260263,0.4041399254674797,0.12186205884636016,0.06208201560178413,0.30564332832993885,0.011184226131792726,0.284222824178142,81.09939487305192,0.0,95.6709718561869
188,2022,3,2.059882865219213,0.9259556882203035,-0.2459777259688093,1,21,95.6709718561869,1,1.453119288565021,0.09467554164831528,0.3655173007084015,0.43119679225130597,0.07192223347346391,0.10251564397480604,0.16007639993838224,-0.03993794123768864,0.30564332832993885,85.12618704075233,0.0,96.43346542235247
188,2023,3,2.059882865219213,0.9259556882203035,-0.2459777259688093,1,22,96.43346542235247,1,2.155232777162511,0.21719788725696382,0.630909379335201,0.3145390956922641,0.12183882480993735,0.07688132562555602,0.2577652256512914,-0.0019840612232211504,0.16007639993838224,95.6709718561869,1.0,100.0
188,2024,3,2.059882865219213,0.9259556882203035,-0.2459777259688093,1,23,100.0,0,2.654286420827084,0.3254456339187447,0.21069676024397124,0.3144866006606136,0.09614984688728317,0.021639904160113486,0.2649613709830896,-0.01484733715285337,0.2577652256512914,96.43346542235247,1.0,
189,2015,0,-1.3548046481795457,-0.11579369038704498,0.7221089082424027,0,26,55.01658046776997,0,0.9948235729979504,0.0627542242443336,0.2156582663213344,0.491230707431282,0.005052787499782063,0.04690292400172441,0.12908453379840074,0.015250765560348486,,,,44.988568367441
189,2016,0,-1.3548046481795457,-0.11579369038704498,0.7221089082424027,0,27,44.988568367441,0,1.005301729613259,0.17083120793566053,0.12279821415398895,0.34530987428206306,-0.003215201200173089,0.049577410719549485,0.15976077885911955,0.03577820208227356,0.12908453379840074,55.01658046776997,0.0,40.03533614758288
189,2017,0,-1.3548046481795457,-0.11579369038704498,0.7221089082424027,0,28,40.03533614758288,0,0.2748806037284264,0.022103133295444367,0.1233598656519508,0.5626880763265631,-0.011697784210796154,0.02730037839564595,0.051702668184827966,-0.0030526254903185507,0.15976077885911955,44.988568367441,0.0,38.21667806184896
189,2018,0,-1.3548046481795457,-0.11579369038704498,0.7221089082424027,0,29,38.21667806184896,0,1.10741317468541,0.06551751406474965,0.11888496929585161,0.6594589932595383,-0.009588494511693212,0.07463778371174937,0.14934620214978198,0.026850478478102145,0.051702668184827966,40.03533614758288,0.0,33.74772378475218
189,2019,0,-1.3548046481795457,-0.11579369038704498,0.7221089082424027,0,30,33.74772378475218,0,0.8446029404474178,-0.03019991163940085,0.31139835164683316,0.6952379583374162,0.0076425441695842904,0.01685419645007642,0.12085287334563542,0.02671142736895517,0.14934620214978198,38.21667806184896,0.0,42.57471225530639
189,2020,0,-1.3548046481795457,-0.11579369038704498,0.7221089082424027,0,31,42.57471225530639,0,1.2726577463851718,0.06660128871597623,0.11928674375041766,0.5157553080038617,0.005606661808313216,0.023148755670272417,0.1613604691225528,0.03203783316144708,0.12085287334563542,33.74772378475218,0.0,37.36756551714337
189,2021,0,-1.3548046481795457,-0.11579369038704498,0.7221089082424027,0,32,37.36756551714337,1,1.4094231057057633,-0.09775216376871994,0.38136092325593773,0.5133955474188485,-0.018124494483371383,0.032484451474894115,0.1267418597186894,-0.013607890318984083,0.1613604691225528,42.57471225530639,0.0,34.6991890852737
189,2022,0,-1.3548046481795457,-0.11579369038704498,0.7221089082424027,0,33,34.6991890852737,0,1.143115035290315,0.16841299415890548,0.3005274915115361,0.5708277470047725,-0.006310559318671287,0.023502379995813526,0.07575888399307923,-0.05977121048716028,0.1267418597186894,37.36756551714337,1.0,32.59923785385765
189,2023,0,-1.3548046481795457,-0.11579369038704498,0.7221089082424027,0,34,32.59923785385765,0,1.287959990434589,0.13474090850255774,0.21948770961570926,0.6138362146206073,-0.015163386943857033,0.08455072184900042,0.12811151497099202,-0.02467848963751826,0.07575888399307923,34.6991890852737,0.0,35.80641553015333
189,2024,0,-1.3548046481795457,-0.11579369038704498,0.7221089082424027,0,35,35.80641553015333,0,1.826383626315186,-0.08892273443170567,0.2376815144665388,0.5349964051296497,-0.01668921149053991,0.03202305738448629,0.1482022692905953,-0.018309495607492014,0.12811151497099202,32.59923785385765,0.0,
190,2015,8,-1.4636778268804762,0.3522352355579149,-1.7500668853201211,0,5,51.269037855482395,0,1.2410217988031298,-0.029360347393262903,0.4891167812771218,0.3697977093761452,-0.00029851990285455904,0.056370405388256974,0.20844375717356772,0.03618021988014476,,,,51.6457600681473
190,2016,8,-1.4636778268804762,0.3522352355579149,-1.7500668853201211,0,6,51.6457600681473,0,1.4048893774518743,0.2131798524099646,0.3160906965581879,0.4392848186140866,-0.0019996196519128477,0.0701168956260467,0.14658635377935358,-0.05528897232904439,0.20844375717356772,51.269037855482395,0.0,47.21502434911347
190,2017,8,-1.4636778268804762,0.3522352355579149,-1.7500668853201211,0,7,47.21502434911347,0,1.651393432355279,0.0884778404753673,0.2124726556175647,0.25797844558069893,0.005696459906217258,0.058596020016555464,0.1764372367107952,-0.02916279511844498,0.14658635377935358,51.6457600681473,0.0,49.1002352530321
190,2018,8,-1.4636778268804762,0.3522352355579149,-1.7500668853201211,0,8,49.1002352530321,0,1.6753266352513612,0.0723265188659861,0.27867702039168274,0.22177586095317484,0.03722950642947761,0.06979709291575163,0.19108349984603284,-0.02257033402503466,0.1764372367107952,47.21502434911347,0.0,59.3730033612531
190,2019,8,-1.4636778268804762,0.3522352355579149,-1.7500668853201211,0,9,59.3730033612531,0,2.229702263240459,0.041915025150790014,0.25735741648173643,0.22603613241270096,0.044479604210448075,0.08010544825232416,0.27320092962287545,0.019960993907185504,0.19108349984603284,49.1002352530321,0.0,62.39299580922703
190,2020,8,-1.4636778268804762,0.3522352355579149,-1.7500668853201211,0,10,62.39299580922703,0,1.0204898638007616,0.21239303371448442,0.2325038801320103,0.2047544790601942,0.03673369944538921,0.07087840810686685,0.21556945255574086,0.032923447361713536,0.27320092962287545,59.3730033612531,0.0,66.05185454905256
190,2021,8,-1.4636778268804762,0.3522352355579149,-1.7500668853201211,0,11,66.05185454905256,0,2.223671194931387,0.21041821567747457,0.4243433741637162,0.35595549774209223,-0.001919739212793297,0.07820434639479126,0.24637261084865075,-0.0250086042354531,0.21556945255574086,62.39299580922703,0.0,63.38509553929595
190,2022,8,-1.4636778268804762,0.3522352355579149,-1.7500668853201211,0,12,63.38509553929595,1,1.2716797630833159,0.03072684693770198,0.3453642890453762,0.24636875403954744,0.03814565748482657,0.056641302662238754,0.19431689616303108,0.00672503007450652,0.24637261084865075,66.05185454905256,0.0,63.612277314978606
190,2023,8,-1.4636778268804762,0.3522352355579149,-1.7500668853201211,0,13,63.612277314978606,0,1.1125781118337992,0.028456261838416215,0.18828599384075353,0.4401904836160065,0.021200018178230404,0.06502149754925185,0.1837849721817023,0.015381552217612091,0.19431689616303108,63.38509553929595,1.0,67.6185406471196
190,2024,8,-1.4636778268804762,0.3522352355579149,-1.7500668853201211,0,14,67.6185406471196,0,1.6350708164046557,0.10806502903041959,0.13784862385581748,0.5337496210713928,0.024262426278770653,0.06789771142317146,0.1953580312607155,-0.013434074990720205,0.1837849721817023,63.612277314978606,0.0,
191,2015,5,-0.9915803579151043,0.9510517816224513,-0.5457610726403225,0,19,57.39083253883226,0,1.6707235362575505,0.2413106666813896,0.18222311405034103,0.46068099221201575,0.0004995006151241946,0.07177715167524983,0.2342049909847181,0.032111716945249856,,,,57.72408406319999
191,2016,5,-0.9915803579151043,0.9510517816224513,-0.5457610726403225,0,20,57.72408406319999,0,1.813760651233466,0.17165911703305062,0.19217003007206981,0.5282710736820228,0.04894218222947136,0.036853231912457374,0.27666314466324027,0.07368494506576018,0.2342049909847181,57.39083253883226,0.0,55.79760408497653
191,2017,5,-0.9915803579151043,0.9510517816224513,-0.5457610726403225,0,21,55.79760408497653,0,1.8645792041320015,-0.07917473377104944,0.22257601831721452,0.40135477896358024,0.029125155316643715,0.08449918643678606,0.25584229731582236,0.05132603001289636,0.27666314466324027,57.72408406319999,0.0,58.915773162819505
191,2018,5,-0.9915803579151043,0.9510517816224513,-0.5457610726403225,0,22,58.915773162819505,0,2.140692649774697,0.26598242330768873,0.30573676330165667,0.350829888883759,0.011838352063893054,0.0905908362988934,0.28134202733652913,0.026118608150691672,0.25584229731582236,55.79760408497653,0.0,59.25902731058827
191,2019,5,-0.9915803579151043,0.9510517816224513,-0.5457610726403225,0,23,59.25902731058827,0,1.7081508219644128,-0.006811186400374397,0.3168476439800424,0.5166315082718672,-0.011650601910097626,0.04773006183797663,0.18549956117194746,-0.008425373438536731,0.28134202733652913,58.915773162819505,0.0,64.09470430918631
191,2020,5,-0.9915803579151043,0.9510517816224513,-0.5457610726403225,0,24,64.09470430918631,0,1.5559176790764182,0.15205660668892113,0.18780288305113405,0.39013152763165626,0.03173690983249683,0.08180269133847735,0.2547507632854621,0.05632441270707353,0.18549956117194746,59.25902731058827,0.0,63.118819540322185
191,2021,5,-0.9915803579151043,0.9510517816224513,-0.5457610726403225,0,25,63.118819540322185,0,1.57084324867535,0.10073951193639785,0.20129522027827826,0.3550814733785308,0.035904860717006964,0.07626592903398527,0.16156507224459626,-0.03731075562272439,0.2547507632854621,64.09470430918631,0.0,67.97668195163254
191,2022,5,-0.9915803579151043,0.9510517816224513,-0.5457610726403225,0,26,67.97668195163254,0,1.3608725473325762,0.2529982880731397,0.2852919099580769,0.24984774128132875,0.03588711816699976,0.05816353277051314,0.1767594633323018,-0.017246864640793988,0.16156507224459626,63.118819540322185,0.0,73.13680354842192
191,2023,5,-0.9915803579151043,0.9510517816224513,-0.5457610726403225,0,27,73.13680354842192,0,1.9244334571945796,0.07886509702296435,0.30949381708119855,0.48227801954996496,0.018388010184384667,0.09114908075652811,0.2247303606996522,-0.00144704310034769,0.1767594633323018,67.97668195163254,0.0,79.07797858418964
191,2024,5,-0.9915803579151043,0.9510517816224513,-0.5457610726403225,0,28,79.07797858418964,0,1.8643706229108556,0.1057473286246127,0.3120190770379495,0.23250914994040625,0.0360852728441292,0.044372422165389114,0.179505764172553,-0.040987982281063436,0.2247303606996522,73.13680354842192,0.0,
192,2015,3,0.9025265449373329,-2.3176502261692207,0.17165204075990642,0,20,63.512470150029465,0,0.1159477800794908,-0.10795557291306625,0.40807702988685896,0.35408352316159253,0.03310140949957824,0.0023606683905957934,0.0986838210587562,0.06969952920146928,,,,56.05513707626073
192,2016,3,0.9025265449373329,-2.3176502261692207,0.17165204075990642,0,21,56.05513707626073,0,0.7258685657301125,-0.09334858916988462,0.22701906413223305,0.34978729682352583,0.06133362010667163,0.0008616187616142202,0.11397447831531127,0.047550752086678215,0.0986838210587562,63.512470150029465,0.0,57.636789677174
192,2017,3,0.9025265449373329,-2.3176502261692207,0.17165204075990642,0,22,57.636789677174,0,0.8524642684526458,-0.31130507434145804,0.33862308392290247,0.23022898031523045,0.03881582360917702,0.01903685372169374,0.0721048277864241,0.001392471320461276,0.11397447831531127,56.05513707626073,0.0,60.56680951906302
192,2018,3,0.9025265449373329,-2.3176502261692207,0.17165204075990642,0,23,60.56680951906302,1,0.6812833105574088,-0.0424968243778224,0.2759354780095604,0.46889954466647127,0.041193578087690835,0.011645009536856613,0.07685296487474928,0.006618355010493246,0.0721048277864241,57.636789677174,0.0,63.98997885404287
192,2019,3,0.9025265449373329,-2.3176502261692207,0.17165204075990642,0,24,63.98997885404287,1,0.3644070606282884,-0.19949870889812796,0.23503006306900387,0.2680508998663606,0.058422692016411,0.004033859515328774,0.07978776661118564,0.04191042920436845,0.07685296487474928,60.56680951906302,1.0,59.55859791447025
192,2020,3,0.9025265449373329,-2.3176502261692207,0.17165204075990642,0,25,59.55859791447025,0,0.6130001030563464,-0.16661962136746397,0.44118439458535774,0.2870117152491662,0.09655124016477101,-0.006895369526632481,0.04518140887790423,-0.01802647537098288,0.07978776661118564,63.98997885404287,1.0,62.36609820625676
192,2021,3,0.9025265449373329,-2.3176502261692207,0.17165204075990642,0,26,62.36609820625676,0,0.3405973739754475,-0.1628028856496054,0.5100118435418773,0.3345895425107019,0.058387714923990225,0.0014796627462225946,0.11739735338732464,0.0697038102703987,0.04518140887790423,59.55859791447025,0.0,70.44285689268048
192,2022,3,0.9025265449373329,-2.3176502261692207,0.17165204075990642,0,27,70.44285689268048,1,1.006514716733015,-0.13326975485207776,0.3707871653376882,0.45734409450126967,0.06147118433885741,0.009609569025839333,0.10454851868981063,0.009710785940875656,0.11739735338732464,62.36609820625676,0.0,79.50636483807982
192,2023,3,0.9025265449373329,-2.3176502261692207,0.17165204075990642,0,28,79.50636483807982,0,0.5411915099561169,-0.11845899338987678,0.1927293232587427,0.36737905325581416,0.06612555490422539,-0.000590633851553609,0.02552042939772077,-0.03144707637993814,0.10454851868981063,70.44285689268048,1.0,85.57085122582724
192,2024,3,0.9025265449373329,-2.3176502261692207,0.17165204075990642,0,29,85.57085122582724,1,0.7983037559737226,-0.12226175901380125,0.4264592503540035,0.4971093339351549,0.09349657621191604,-0.003493582906237847,0.034567820289038965,-0.043524076276363476,0.02552042939772077,79.50636483807982,0.0,
193,2015,9,0.9915347479453419,0.2161958552630817,1.505962676577836,1,21,62.69150143651886,0,1.790683880129913,-0.09012232988018823,0.28011874555305794,0.39844425545905215,0.05651618611703334,0.04559948165219837,0.23917819538877913,0.03949998418984465,,,,65.88773623637543
193,2016,9,0.9915347479453419,0.2161958552630817,1.505962676577836,1,22,65.88773623637543,0,1.676153991424783,0.20516508358076513,0.3239468533076935,0.5561037172404545,0.03188716407927368,0.05708235213619055,0.20299818736561562,-0.01731789814280375,0.23917819538877913,62.69150143651886,0.0,70.97646336212394
193,2017,9,0.9915347479453419,0.2161958552630817,1.505962676577836,1,23,70.97646336212394,0,1.6550081287771572,0.049879207263240286,0.23177761662214416,0.39985766159647007,0.04856126489694948,0.06599584862920671,0.14946721855279632,-0.05909252547665533,0.20299818736561562,65.88773623637543,0.0,75.37431902565123
193,2018,9,0.9915347479453419,0.2161958552630817,1.505962676577836,1,24,75.37431902565123,0,1.8972379608987084,0.1771424759603793,0.29998330914067856,0.47345389504738833,0.047575026069883265,0.05538524632224945,0.2182657687634032,-0.014543253263825821,0.14946721855279632,70.97646336212394,0.0,77.98625946489
193,2019,9,0.9915347479453419,0.2161958552630817,1.505962676577836,1,25,77.98625946489,0,1.5677537719261645,0.03442791429538371,0.2242751555300055,0.7575870618540189,0.039487293882383846,0.07653954388180584,0.19514827690701755,-0.004402515084435003,0.2182657687634032,75.37431902565123,0.0,83.60799116769113
193,2020,9,0.9915347479453419,0.2161958552630817,1.505962676577836,1,26,83.60799116769113,0,1.6759100711256965,0.04890719431367645,0.20515673606344675,0.5696865409069287,0.08649402348981435,0.056953119443021415,0.17957790352411723,-0.027028850272498683,0.19514827690701755,77.98625946489,0.0,87.46594413178627
193,2021,9,0.9915347479453419,0.2161958552630817,1.505962676577836,1,27,87.46594413178627,0,1.641296584107685,0.11835360564542231,0.4130750737083853,0.7150459201942825,0.05922737270876255,0.04781468021698311,0.21030860811772006,-0.0020975513375261455,0.17957790352411723,83.60799116769113,0.0,86.9250339172921
193,2022,9,0.9915347479453419,0.2161958552630817,1.505962676577836,1,28,86.9250339172921,1,2.204495422690134,0.06433697741566319,0.23229509130921053,0.6229989715118975,0.04865959562774631,0.06348193455644056,0.1778871450664404,-0.07090027482350847,0.21030860811772006,87.46594413178627,0.0,96.70614646094818
193,2023,9,0.9915347479453419,0.2161958552630817,1.505962676577836,1,29,96.70614646094818,0,1.9059035040046626,0.20665470939027492,0.25333850212928105,0.5142828984374772,0.057535034591453524,0.09254850574857006,0.25642300652908484,0.008619222187586132,0.1778871450664404,86.9250339172921,1.0,100.0
193,2024,9,0.9915347479453419,0.2161958552630817,1.505962676577836,1,30,100.0,0,2.5566526975606196,0.02544831116182393,0.3288852529641904,0.38221136632641206,0.04589200190003689,0.06960584473766811,0.29699208590902715,0.013732970909839132,0.25642300652908484,96.70614646094818,0.0,
194,2015,2,0.029347996052830144,0.13175153135041873,-0.3736298119581297,0,29,61.01718067784267,0,1.4627051884659066,0.04616566810905588,0.4124578261610437,0.4220764909457529,0.04424318350333066,0.029289498937170443,0.12770253793900216,-0.03047668772957081,,,,59.1128627752573
194,2016,2,0.029347996052830144,0.13175153135041873,-0.3736298119581297,0,30,59.1128627752573,0,2.1000948035126474,0.09785254820217054,0.23499463469875895,0.5417728858723084,0.06993123412517444,0.0868395234441554,0.20273265978408372,-0.01008070259935833,0.12770253793900216,61.01718067784267,0.0,61.52944188127555
194,2017,2,0.029347996052830144,0.13175153135041873,-0.3736298119581297,0,31,61.52944188127555,0,1.5655382754185512,0.13170889332297922,0.17697523744510518,0.47382950994405804,0.05242392809542138,0.04635893203978185,0.14710756545052706,-0.02433388595479149,0.20273265978408372,59.1128627752573,0.0,71.43977485133712
194,2018,2,0.029347996052830144,0.13175153135041873,-0.3736298119581297,0,32,71.43977485133712,0,1.241807274413256,0.18133401075505107,0.3628961919869799,0.44816246822478456,0.04264211795733156,0.03294731649468999,0.14532965590362207,-0.010110199521598117,0.14710756545052706,61.52944188127555,0.0,71.06071057219161
194,2019,2,0.029347996052830144,0.13175153135041873,-0.3736298119581297,0,33,71.06071057219161,0,1.4851331009984046,0.11354158335729331,0.16535320490638591,0.35842482317499136,0.04721562672140231,0.099797704856503,0.17167190122864662,-0.006730965554852957,0.14532965590362207,71.43977485133712,0.0,80.40836948998992
194,2020,2,0.029347996052830144,0.13175153135041873,-0.3736298119581297,0,34,80.40836948998992,0,1.5627823524475235,-0.009569135419878125,0.15015268598617504,0.38170811260877074,0.00780653310200987,0.034909406452005985,0.17330657889792897,0.012655015839952797,0.17167190122864662,71.06071057219161,0.0,86.24412848410685
194,2021,2,0.029347996052830144,0.13175153135041873,-0.3736298119581297,0,35,86.24412848410685,0,1.3463038367681195,0.15815490965006818,0.2258743150517964,0.43969408480661337,0.05388212886881967,0.04087026327974554,0.17053076300935455,0.00841867236215016,0.17330657889792897,80.40836948998992,0.0,85.45132770978188
194,2022,2,0.029347996052830144,0.13175153135041873,-0.3736298119581297,0,36,85.45132770978188,0,1.7795654327253505,0.10236008634061314,0.3412269021505866,0.6115261800501663,0.037139994223572184,0.06437535128133406,0.21155287000772657,0.01604369987338613,0.17053076300935455,86.24412848410685,0.0,86.20389751719227
194,2023,2,0.029347996052830144,0.13175153135041873,-0.3736298119581297,0,37,86.20389751719227,0,1.5966730608678674,-0.018789806665703915,0.29260784810580065,0.3357916326796378,0.05049283275885647,0.06876791863482165,0.16833106956722713,-0.011997011758962887,0.21155287000772657,85.45132770978188,0.0,86.70702134056745
194,2024,2,0.029347996052830144,0.13175153135041873,-0.3736298119581297,0,38,86.70702134056745,0,1.9938101230185687,0.09065674265075153,0.2709627191678284,0.2808605718202447,0.05139864640555869,0.036222826043473245,0.2342799679572972,0.025710755810611472,0.16833106956722713,86.20389751719227,0.0,
195,2015,1,0.7711928053998663,-0.822970952099136,-0.9410986159247977,0,34,59.7299843034829,0,0.7833906795628416,-0.04278049749156549,0.24773251695431944,0.44548122931493433,0.0586915963390992,0.056212803508948854,0.1382699765241181,0.040934552793324266,,,,61.017106964830205
195,2016,1,0.7711928053998663,-0.822970952099136,-0.9410986159247977,0,35,61.017106964830205,0,0.7382333813541644,0.009189476691186289,0.38345972267234774,0.39598005256236424,0.07870838072629857,0.056783088945796804,0.12357229376262832,0.018088044632239113,0.1382699765241181,59.7299843034829,0.0,59.546128544078975
195,2017,1,0.7711928053998663,-0.822970952099136,-0.9410986159247977,0,36,59.546128544078975,0,1.567386314778713,0.05842913458147008,0.27319611323291215,0.19078454350107402,0.06603997964380282,0.05199346150760521,0.19378353706343956,0.027347348626273877,0.12357229376262832,61.017106964830205,0.0,58.504441213416456
195,2018,1,0.7711928053998663,-0.822970952099136,-0.9410986159247977,0,37,58.504441213416456,0,1.233357700849247,-0.04733211895385793,0.17623053769755706,0.28120056056197673,0.09133994493814954,0.05207651484288965,0.15354465531334535,0.019967351534581772,0.19378353706343956,59.546128544078975,0.0,57.69478287006111
195,2019,1,0.7711928053998663,-0.822970952099136,-0.9410986159247977,0,38,57.69478287006111,0,1.7786860867673395,-0.11094428272857215,0.34325838336201026,0.27152936021588026,0.009754902060527412,0.045188796929363444,0.19557268890847368,0.024565790175425886,0.15354465531334535,58.504441213416456,0.0,57.95021712352174
195,2020,1,0.7711928053998663,-0.822970952099136,-0.9410986159247977,0,39,57.95021712352174,0,1.2871228855537744,-0.038238169946059414,0.3607084239714248,0.3047322210262394,0.05792075045128511,0.04022814338936067,0.1366362002384072,-0.006757363656751362,0.19557268890847368,57.69478287006111,0.0,59.026161207115294
195,2021,1,0.7711928053998663,-0.822970952099136,-0.9410986159247977,0,40,59.026161207115294,0,1.5284903276848194,0.1575487906478019,0.24355803995098782,0.31872545183686735,0.09645610745997096,0.021944695301569467,0.15469996743301384,-0.010653227696906561,0.1366362002384072,57.95021712352174,0.0,63.42627040429415
195,2022,1,0.7711928053998663,-0.822970952099136,-0.9410986159247977,0,41,63.42627040429415,0,1.629353462604737,-0.08607946414792988,0.2999727615377116,0.30365929038076805,0.07418295075501934,0.029208646575432425,0.20416430285460838,0.04447416058342876,0.15469996743301384,59.026161207115294,0.0,70.49360434121594
195,2023,1,0.7711928053998663,-0.822970952099136,-0.9410986159247977,0,42,70.49360434121594,0,1.304487743161129,0.07537899718384071,0.48311121035595694,0.3549524660508177,0.06760898209337006,0.04395129911559213,0.18985601835084126,0.029188461470261204,0.20416430285460838,63.42627040429415,0.0,69.59317252967952
195,2024,1,0.7711928053998663,-0.822970952099136,-0.9410986159247977,0,43,69.59317252967952,0,1.373330517808766,-0.10054442200695303,0.3778843659760072,0.4668624188796514,0.06542940780496644,0.01946160599698475,0.17866271388849383,0.037201157301017466,0.18985601835084126,70.49360434121594,0.0,
196,2015,6,-0.12538324247929808,0.7758551274998056,-0.34151324671175265,0,22,55.99140054386282,1,1.822916291177705,0.14113096822093582,0.3322675828639482,0.6870888006013679,0.024110448042793935,0.07242491777871077,0.17964533505048985,-0.031218029117501708,,,,61.42235395548268
196,2016,6,-0.12538324247929808,0.7758551274998056,-0.34151324671175265,0,23,61.42235395548268,0,1.8658362411620641,0.10023020646780137,0.2230050288283678,0.4752000404336517,0.01282846187008456,0.07234669301833402,0.23146974299645812,0.017610136137392405,0.17964533505048985,55.99140054386282,1.0,62.148195107906915
196,2017,6,-0.12538324247929808,0.7758551274998056,-0.34151324671175265,0,24,62.148195107906915,1,1.7678017623040516,0.23158716755866415,0.2970308923918059,0.2804169857853369,0.03775279496132413,0.044185190033640354,0.2022541883525189,-0.017028485868319995,0.23146974299645812,61.42235395548268,0.0,63.30738985025429
196,2018,6,-0.12538324247929808,0.7758551274998056,-0.34151324671175265,0,25,63.30738985025429,0,1.7030066618633035,0.05699595594627607,0.24596882549533006,0.4363192590625681,0.030280975619975163,0.07193120956705269,0.18443247385532427,-0.018985829283513302,0.2022541883525189,62.148195107906915,1.0,65.27194183313192
196,2019,6,-0.12538324247929808,0.7758551274998056,-0.34151324671175265,0,26,65.27194183313192,0,1.2506673324866995,0.06192505014147681,0.2348868479837594,0.4066246373426404,0.04169194590362831,0.07425399232108036,0.14798696974406367,-0.025194376407129952,0.18443247385532427,63.30738985025429,0.0,68.37132680754522
196,2020,6,-0.12538324247929808,0.7758551274998056,-0.34151324671175265,0,27,68.37132680754522,0,1.8698700773866872,0.14871295552966524,0.23485841184300862,0.26522643182065203,0.04263344194954003,0.07818495466739422,0.26114621166096375,0.03493887933242929,0.14798696974406367,65.27194183313192,0.0,72.20797370148006
196,2021,6,-0.12538324247929808,0.7758551274998056,-0.34151324671175265,0,28,72.20797370148006,0,1.5526057671159934,0.1612674458379773,0.19067326312678573,0.3637107673523427,0.05156225448105251,0.06984290043425001,0.1812400745322155,-0.02342304559932389,0.26114621166096375,68.37132680754522,0.0,73.66139901316753
196,2022,6,-0.12538324247929808,0.7758551274998056,-0.34151324671175265,0,29,73.66139901316753,0,2.542364456297155,0.09818508545937749,0.19267166692579488,0.5604795817231559,0.02011518194632458,0.08609192416864564,0.2359637386266249,-0.03171997885289636,0.1812400745322155,72.20797370148006,0.0,79.73232506461298
196,2023,6,-0.12538324247929808,0.7758551274998056,-0.34151324671175265,0,30,79.73232506461298,0,2.2885588836988524,0.08545572046768762,0.24526901794963651,0.5204641174511366,0.020523322824683225,0.041756760150572086,0.31282412554361244,0.0685820743584709,0.2359637386266249,73.66139901316753,0.0,84.87634906318418
196,2024,6,-0.12538324247929808,0.7758551274998056,-0.34151324671175265,0,31,84.87634906318418,0,2.0481706084614477,0.06663905498125203,0.2184694105578992,0.32841960976142265,0.03393762039808364,0.03793283464557912,0.25482382256708347,0.02349077500439273,0.31282412554361244,79.73232506461298,0.0,
197,2015,2,0.8365219169048682,1.2877588532260502,-0.048981709538682756,0,30,63.398628164438804,0,1.9326576805357571,0.15660366738928092,0.2841847735273962,0.5044698879065337,0.06173366767803676,0.061913137989213315,0.16684734340334048,-0.038703287031732536,,,,62.67879612061882
197,2016,2,0.8365219169048682,1.2877588532260502,-0.048981709538682756,0,31,62.67879612061882,0,1.342183634767749,0.15157443208251056,0.1695570730968977,0.6141258180152419,0.036081635957038116,0.06631478338483773,0.1833044721192951,0.021797958332904096,0.16684734340334048,63.398628164438804,0.0,63.82386868790857
197,2017,2,0.8365219169048682,1.2877588532260502,-0.048981709538682756,0,32,63.82386868790857,0,1.926676557053727,0.28181073549668456,0.2016373935966004,0.360758249058607,0.05713701948600985,0.06336110022215843,0.21976615408742436,0.0009973331486006888,0.1833044721192951,62.67879612061882,0.0,67.52800011716599
197,2018,2,0.8365219169048682,1.2877588532260502,-0.048981709538682756,0,33,67.52800011716599,1,2.5371549115964482,0.2529871776490922,0.3415277911028106,0.30084929689305007,0.08052951093662013,0.0865195297564565,0.271509594073102,-0.0014080675586132176,0.21976615408742436,63.82386868790857,0.0,65.85000419599417
197,2019,2,0.8365219169048682,1.2877588532260502,-0.048981709538682756,0,34,65.85000419599417,0,1.8526145294452643,0.12454989001151104,0.39574394304054844,0.4333983245166168,0.0511113615240753,0.07916690823772408,0.23635415760695297,0.020355519027852344,0.271509594073102,67.52800011716599,1.0,69.21641861102569
197,2020,2,0.8365219169048682,1.2877588532260502,-0.048981709538682756,0,35,69.21641861102569,0,2.286920654079407,0.21216003658452914,0.21125081416188038,0.46076376043424006,0.03191559306353839,0.07998015519993874,0.23240840385090195,-0.013569193613288578,0.23635415760695297,65.85000419599417,0.0,72.39449996674031
197,2021,2,0.8365219169048682,1.2877588532260502,-0.048981709538682756,0,36,72.39449996674031,1,2.6016569305957304,0.21913841251972446,0.46782650126448216,0.22393434816949145,0.06591259468143838,0.11292804318091676,0.3052911431713412,0.015075636832348678,0.23240840385090195,69.21641861102569,0.0,76.46490792118357
197,2022,2,0.8365219169048682,1.2877588532260502,-0.048981709538682756,0,37,76.46490792118357,0,3.025884426479739,0.2273625605413179,0.5352873019984349,0.35198926311060247,0.06629634238974695,0.08985718690121021,0.28880716389835626,-0.0300218167427676,0.3052911431713412,72.39449996674031,1.0,84.11634688575697
197,2023,2,0.8365219169048682,1.2877588532260502,-0.048981709538682756,0,38,84.11634688575697,0,2.724729293079187,0.058205093796469154,0.11704003415579448,0.45871189540186635,0.024726673469057568,0.07238291954328341,0.2753414821387677,0.01043585336415893,0.28880716389835626,76.46490792118357,0.0,82.58102663803464
197,2024,2,0.8365219169048682,1.2877588532260502,-0.048981709538682756,0,39,82.58102663803464,0,2.5656637364337316,0.12074439787702393,0.40220779197871426,0.34383590756236226,0.0630405916069494,0.060997912856633134,0.2893128108415092,0.020892534320642697,0.2753414821387677,84.11634688575697,0.0,
198,2015,1,-0.20436896309212774,-0.3374423658889931,1.5759843210992206,0,25,66.20646792787623,0,1.1941574300174216,-0.014676159617598945,0.4544826355210948,0.7915352983589521,0.022776104794420996,0.0216975155653817,0.139808724041664,0.017307974484748884,,,,58.41020131777257
198,2016,1,-0.20436896309212774,-0.3374423658889931,1.5759843210992206,0,26,58.41020131777257,0,0.28013305563958957,0.010761772165072639,0.08424393891416446,0.47184524015805374,0.004611056563348034,0.0074722713499952575,0.07288751593499454,0.021243061862534333,0.139808724041664,66.20646792787623,0.0,58.854921135549326
198,2017,1,-0.20436896309212774,-0.3374423658889931,1.5759843210992206,0,27,58.854921135549326,0,0.8702014696017049,0.13749723963644528,0.17786928054678383,0.6250779249367291,0.005844166873484255,0.023961302124631666,0.03726055874899088,-0.06816277778672881,0.07288751593499454,58.41020131777257,0.0,57.78393990620844
198,2018,1,-0.20436896309212774,-0.3374423658889931,1.5759843210992206,0,28,57.78393990620844,0,1.654575076956653,0.050991718793377945,0.3690896389660522,0.44703591422434225,0.018019615875509015,0.02897206685709075,0.13946517058867128,-0.025179405523117534,0.03726055874899088,58.854921135549326,0.0,58.57243463517883
198,2019,1,-0.20436896309212774,-0.3374423658889931,1.5759843210992206,0,29,58.57243463517883,0,0.8913475060144478,0.10225131790612269,0.23307967597664864,0.37257646218716783,0.033018653968356806,0.027337640187970726,0.08576584397443321,-0.030078436817388348,0.13946517058867128,57.78393990620844,0.0,58.5981312825394
198,2020,1,-0.20436896309212774,-0.3374423658889931,1.5759843210992206,0,30,58.5981312825394,0,0.7862652186701882,0.02760188639324221,0.26266852605023006,0.7184075576344386,0.03769253353091245,0.05054218326209309,0.10444002910598037,0.0022819972816487243,0.08576584397443321,58.57243463517883,0.0,58.805134814739766
198,2021,1,-0.20436896309212774,-0.3374423658889931,1.5759843210992206,0,31,58.805134814739766,0,1.0864273150856802,0.10410930030010626,0.2653397461021042,0.5305775398537211,0.018631495454999307,0.03955204903900725,0.10641393621599815,-0.02509379703059564,0.10444002910598037,58.5981312825394,0.0,64.37452848376036
198,2022,1,-0.20436896309212774,-0.3374423658889931,1.5759843210992206,0,32,64.37452848376036,0,1.3591400644452647,0.036872467636215434,0.12127446022395535,0.5308897438192994,0.028352137550497578,0.04924235063208744,0.15855399065253833,0.014749175962422019,0.10641393621599815,58.805134814739766,0.0,59.569822437923506
198,2023,1,-0.20436896309212774,-0.3374423658889931,1.5759843210992206,0,33,59.569822437923506,0,1.1607477780434303,0.12079728585550986,0.2231330258907415,0.6483688102244309,0.040131029679096666,0.025982417504090256,0.1134677467952972,-0.02166951310202253,0.15855399065253833,64.37452848376036,0.0,66.10557378224647
198,2024,1,-0.20436896309212774,-0.3374423658889931,1.5759843210992206,0,34,66.10557378224647,0,1.1515228626796317,0.15004031924912475,0.30852579939590374,0.47153868053304004,0.014851218408006753,0.019021416259337776,0.1562861803807219,0.015608796468517759,0.1134677467952972,59.569822437923506,0.0,
199,2015,1,0.7286609906373783,2.125795831883891,-0.7600406142376644,1,29,63.887095992934825,0,2.6950594813662416,0.32384534503212875,0.3020458393295989,0.4159945854368586,0.027614321723806477,0.09491357539478495,0.2951720060550219,0.01372025527775541,,,,60.83123985317019
199,2016,1,0.7286609906373783,2.125795831883891,-0.7600406142376644,1,30,60.83123985317019,0,2.2733937200404006,0.23952725792157853,0.17171393738925383,0.3810224265627587,0.04901148275076235,0.08859888131967533,0.19193759298326962,-0.055420220834369045,0.2951720060550219,63.887095992934825,0.0,55.721951388260074
199,2017,1,0.7286609906373783,2.125795831883891,-0.7600406142376644,1,31,55.721951388260074,0,2.120085055430045,0.25786438672460255,0.2420298399642393,0.30658561069621776,0.07945571595404391,0.09027132459459257,0.2901372487125675,0.05056337998598509,0.19193759298326962,60.83123985317019,0.0,56.1232232682243
199,2018,1,0.7286609906373783,2.125795831883891,-0.7600406142376644,1,32,56.1232232682243,0,2.0977310756599135,0.3438635256257651,0.537159782442425,0.4681804950848565,0.009822560892011827,0.09654475309543847,0.24900603864600418,-0.008753703487717196,0.2901372487125675,55.721951388260074,0.0,62.21012374036354
199,2019,1,0.7286609906373783,2.125795831883891,-0.7600406142376644,1,33,62.21012374036354,1,2.5752918702045604,0.23967746972383647,0.43078140240015905,0.3391868028059882,0.08774004978401811,0.06957362544961007,0.3256007979179281,0.05027006291005602,0.24900603864600418,56.1232232682243,0.0,66.5279357071742
199,2020,1,0.7286609906373783,2.125795831883891,-0.7600406142376644,1,34,66.5279357071742,0,2.4393696460314063,0.23983471636905027,0.20539110473809244,0.34111669702124064,0.07300546237604262,0.10182314978963813,0.2811294385266134,0.01212665705379411,0.3256007979179281,62.21012374036354,1.0,72.92952810810361
199,2021,1,0.7286609906373783,2.125795831883891,-0.7600406142376644,1,35,72.92952810810361,1,2.5081895225530006,0.2228358730054431,0.3205340342395915,0.4620685403055178,0.059942131843206625,0.09276434042370417,0.281452731663672,0.009694626466036964,0.2811294385266134,66.5279357071742,0.0,78.85337720000749
199,2022,1,0.7286609906373783,2.125795831883891,-0.7600406142376644,1,36,78.85337720000749,1,3.2448630766910482,0.3182225252219811,0.31509301361418407,0.3026517792765117,0.0593492548645403,0.07080317076856524,0.29159512842591984,-0.03752343669336678,0.281452731663672,72.92952810810361,1.0,75.24686415651203
199,2023,1,0.7286609906373783,2.125795831883891,-0.7600406142376644,1,37,75.24686415651203,1,2.4038508683324826,0.30604610009113875,0.34893104393799296,0.4311622518946219,0.077435786181872,0.0715112184128749,0.2758681037431178,0.0061446476946667,0.29159512842591984,78.85337720000749,1.0,77.44256681905402
199,2024,1,0.7286609906373783,2.125795831883891,-0.7600406142376644,1,38,77.44256681905402,0,2.4678568800499128,0.21268671154178437,0.5091051529949251,0.2600815152986123,0.06900666015371518,0.06772583789172641,0.2985275547347342,0.023061168315305965,0.2758681037431178,75.24686415651203,1.0,
200,2015,8,-0.371848614262616,-0.1688712597909892,-1.102952402467007,1,10,64.2186303961372,0,0.9755578309632332,0.03593719961939064,0.15448226377902238,0.5312298851312732,0.04331289762123783,0.05379195413604693,0.128043400412614,-0.017751466761935803,,,,62.71955133475305
200,2016,8,-0.371848614262616,-0.1688712597909892,-1.102952402467007,1,11,62.71955133475305,1,1.5872877124046894,0.017266170719630252,0.16253962469030644,0.27231246185658975,0.03683296633606424,0.03596876081947403,0.19629149601980098,0.00695115850936228,0.128043400412614,64.2186303961372,0.0,61.619020602639
200,2017,8,-0.371848614262616,-0.1688712597909892,-1.102952402467007,1,12,61.619020602639,0,1.3113670676344418,0.04385697552205666,0.233802527686254,0.6484621977548333,0.04872536000542559,0.05826177870901254,0.20065218865506468,0.024392402098826173,0.19629149601980098,62.71955133475305,1.0,61.18239911486083
200,2018,8,-0.371848614262616,-0.1688712597909892,-1.102952402467007,1,13,61.18239911486083,1,1.2173582292772298,-0.03196309945893025,0.21393633198853798,0.39911514273144405,0.03662759441327238,0.0791553876296367,0.21903597121405344,0.045292224531415036,0.20065218865506468,61.619020602639,0.0,65.78581994300269
200,2019,8,-0.371848614262616,-0.1688712597909892,-1.102952402467007,1,14,65.78581994300269,0,1.0428861641685505,0.12809066360603286,0.24127613567498776,0.3882205712588961,0.03544332724907513,0.06588836010292998,0.17877529152987906,0.005495545701022294,0.21903597121405344,61.18239911486083,1.0,67.55357374995486
200,2020,8,-0.371848614262616,-0.1688712597909892,-1.102952402467007,1,15,67.55357374995486,0,1.4118537736060288,-0.01615425397163016,0.26604224044866065,0.3314178372378381,0.053240120504221514,0.06946355945379608,0.17424979931991028,-0.016341745292455922,0.17877529152987906,65.78581994300269,0.0,71.99790329799723
200,2021,8,-0.371848614262616,-0.1688712597909892,-1.102952402467007,1,16,71.99790329799723,0,1.022415154629713,0.08413434271857383,0.35337409247341756,0.3969511402707971,0.037704889337823344,0.03349524236570996,0.14190066697116224,-0.0233977292732917,0.17424979931991028,67.55357374995486,0.0,74.87561555429667
200,2022,8,-0.371848614262616,-0.1688712597909892,-1.102952402467007,1,17,74.87561555429667,0,1.4753360478522635,0.05355518430499902,0.5203360171863469,0.5668212091733952,0.0346629492346825,0.04724443830611622,0.2619766992137347,0.06145117576592726,0.14190066697116224,71.99790329799723,0.0,71.29949819430661
200,2023,8,-0.371848614262616,-0.1688712597909892,-1.102952402467007,1,18,71.29949819430661,0,1.7718775807593505,0.11721794943972089,0.2715663540284974,0.2369797514425205,0.04190359372340256,0.021598223005717097,0.15212860409056855,-0.07046377368386826,0.2619766992137347,74.87561555429667,0.0,76.44190767330176
200,2024,8,-0.371848614262616,-0.1688712597909892,-1.102952402467007,1,19,76.44190767330176,1,1.363106754066351,0.07989360629774453,0.19773393271554457,0.28255915977585144,0.056060716438451265,0.039418032433486856,0.21896785140629052,0.029939448492888952,0.15212860409056855,71.29949819430661,0.0,
201,2015,6,0.4838060721099754,-0.3464305937656722,0.6099418247480335,1,18,65.69413240943028,0,1.0499910372830539,0.12266395311618727,0.10467732682038829,0.3616027916097248,0.043498678670418164,0.06842819658573623,0.12972359198188008,-0.008537862091930425,,,,73.10791508195469
201,2016,6,0.4838060721099754,-0.3464305937656722,0.6099418247480335,1,19,73.10791508195469,0,1.4384489894400838,-0.09070916204130905,0.21272358944995223,0.5901579694978121,0.03474081058202401,0.05239499058178091,0.1047176744064683,-0.0420531670100273,0.12972359198188008,65.69413240943028,0.0,77.17814003912677
201,2017,6,0.4838060721099754,-0.3464305937656722,0.6099418247480335,1,20,77.17814003912677,0,1.2035685325703587,-0.03890926998981185,0.3534877397898712,0.49734123009160247,0.027443396385612245,0.05979729370756506,0.15250109316284507,0.009862122648368053,0.1047176744064683,73.10791508195469,0.0,78.50302187422034
201,2018,6,0.4838060721099754,-0.3464305937656722,0.6099418247480335,1,21,78.50302187422034,0,1.0608088100773077,-0.04940959145925291,0.3979614799499063,0.28216202912390886,0.060525006597667255,0.06641173550677801,0.11460882204929548,-0.026872991573771758,0.15250109316284507,77.17814003912677,0.0,81.83841467089944
201,2019,6,0.4838060721099754,-0.3464305937656722,0.6099418247480335,1,22,81.83841467089944,1,1.3509043603819575,0.03683082590957517,0.47260903774340796,0.31129853703817856,0.06809859798345749,0.04736139471061435,0.14640653334225603,-0.01923039961302263,0.11460882204929548,78.50302187422034,0.0,86.9298575202113
201,2020,6,0.4838060721099754,-0.3464305937656722,0.6099418247480335,1,23,86.9298575202113,0,1.575779918346156,-0.06331585651179861,0.2616208156018834,0.374608206122959,0.035296674858293686,0.054985113414863,0.16226499484982881,-0.006944439360092138,0.14640653334225603,81.83841467089944,1.0,86.3785398680664
201,2021,6,0.4838060721099754,-0.3464305937656722,0.6099418247480335,1,24,86.3785398680664,0,1.5263817189666944,0.0008715464039161305,0.329247214309019,0.5525418240160573,0.04412082584279917,0.01022166176736707,0.24256684896203456,0.08157766238348234,0.16226499484982881,86.9298575202113,0.0,95.14009698198
201,2022,6,0.4838060721099754,-0.3464305937656722,0.6099418247480335,1,25,95.14009698198,0,1.3784779785963364,0.06258346370164541,0.4214568219368035,0.24451936621917797,0.04821937753828204,0.03206797468440259,0.1557765678709993,-0.017094708051119168,0.24256684896203456,86.3785398680664,0.0,100.0
201,2023,6,0.4838060721099754,-0.3464305937656722,0.6099418247480335,1,26,100.0,0,1.8346353387991678,0.05960849928565458,0.3853578265556237,0.4137497271327424,0.03068323614087471,0.04408877587736778,0.2021690123465411,0.0011723304400134142,0.1557765678709993,95.14009698198,0.0,100.0
201,2024,6,0.4838060721099754,-0.3464305937656722,0.6099418247480335,1,27,100.0,0,2.0498561791709444,0.05771449828722093,0.32964573921655216,0.6731909178376703,-0.008158562530449998,0.05864192980608643,0.20575931821923757,-0.009511868909124995,0.2021690123465411,100.0,0.0,
202,2015,6,-1.2234671667066415,0.8863811801954377,2.5159186329777836,1,3,54.066288285018054,0,1.5923044736309455,0.1132739739625658,0.04859996869634527,0.8307327917969521,-0.011009727143974095,0.043879963103317314,0.11301924006053532,-0.05893930276689329,,,,55.05623014508923
202,2016,6,-1.2234671667066415,0.8863811801954377,2.5159186329777836,1,4,55.05623014508923,0,1.9553292065364427,0.10332817505749403,0.1845849895569558,0.630624180430419,-0.03219464653969518,0.08384028292868756,0.19521098049450916,-0.019721336415096748,0.11301924006053532,54.066288285018054,0.0,64.03322456288663
202,2017,6,-1.2234671667066415,0.8863811801954377,2.5159186329777836,1,5,64.03322456288663,0,1.571169576493935,0.16535394542185222,0.09851466910932792,0.7388450685309161,-0.020497232960634916,0.07656383352528945,0.2135962371852515,0.023660471250362677,0.19521098049450916,55.05623014508923,0.0,58.92093753196232
202,2018,6,-1.2234671667066415,0.8863811801954377,2.5159186329777836,1,6,58.92093753196232,0,1.8716045359041278,0.015441937484191662,0.14977259013558514,0.643059762905496,0.009678041899356844,0.0783240131953634,0.2091675904985043,0.003878289954757009,0.2135962371852515,64.03322456288663,0.0,60.702460625659455
202,2019,6,-1.2234671667066415,0.8863811801954377,2.5159186329777836,1,7,60.702460625659455,0,1.7200356539205142,0.11722677482392764,0.08249129175634808,0.6633962372848355,-0.03372191771875957,0.06469045789900035,0.1237367204656874,-0.07356499880538611,0.2091675904985043,58.92093753196232,0.0,65.78806474816267
202,2020,6,-1.2234671667066415,0.8863811801954377,2.5159186329777836,1,8,65.78806474816267,0,1.6659496773637716,0.1080891157671153,0.13783111441554438,0.7684375452079883,-0.013212703407727545,0.058204521224945314,0.21381306110263662,0.024418380255522117,0.1237367204656874,60.702460625659455,0.0,62.72656250861016
202,2021,6,-1.2234671667066415,0.8863811801954377,2.5159186329777836,1,9,62.72656250861016,0,2.0634900157581644,0.07596415282138788,0.06931934400359147,0.62090559960741,-0.0293190975859309,0.03807016400076056,0.23587276602753535,0.02128020089662013,0.21381306110263662,65.78806474816267,0.0,61.73470799400653
202,2022,6,-1.2234671667066415,0.8863811801954377,2.5159186329777836,1,10,61.73470799400653,0,1.9180462613334863,0.042561964641978145,0.09724417843498642,0.7330617195647183,-0.0005001323784560342,0.07890635746357422,0.2548411198428057,0.04281180842038786,0.23587276602753535,62.72656250861016,0.0,64.5999922954427
202,2023,6,-1.2234671667066415,0.8863811801954377,2.5159186329777836,1,11,64.5999922954427,0,1.723332835011007,0.030747926903478648,0.23596506365355718,0.7453452995870351,-0.004032858969080098,0.07299646005595477,0.1693218536974172,-0.03313020757406992,0.2548411198428057,61.73470799400653,0.0,62.562480119558906
202,2024,6,-1.2234671667066415,0.8863811801954377,2.5159186329777836,1,12,62.562480119558906,0,2.0107940473951054,0.22832855654578305,0.14781197428305745,0.6076737444992432,-0.018976883012822514,0.037799565300096816,0.2258524155569337,-0.0008447475592900232,0.1693218536974172,64.5999922954427,0.0,
203,2015,4,0.23280330744842634,-0.5661302280799773,-0.6638852402984802,0,21,65.68547785545265,0,0.9532991475038436,-0.012857125898507253,0.39572407516995844,0.43387830346268136,0.07747970226202693,0.033885119779002625,0.10167986481959942,-0.02704407446465268,,,,66.34450036827567
203,2016,4,0.23280330744842634,-0.5661302280799773,-0.6638852402984802,0,22,66.34450036827567,0,1.3075645663547504,0.04809339173584839,0.33557665410933346,0.3799348298625229,0.08524534092035348,0.03393249910202256,0.17143555136202698,0.014106228634973187,0.10167986481959942,65.68547785545265,0.0,59.97733517913386
203,2017,4,0.23280330744842634,-0.5661302280799773,-0.6638852402984802,0,23,59.97733517913386,0,1.379094608198291,0.1271240837992328,0.25678907605248635,0.4636582417092167,0.07023951304705366,0.02950810884777275,0.1658892937853616,-0.0005336864007712636,0.17143555136202698,66.34450036827567,0.0,63.011677655465924
203,2018,4,0.23280330744842634,-0.5661302280799773,-0.6638852402984802,0,24,63.011677655465924,0,1.4023414456093934,-0.07653908812453082,0.20698617522155421,0.2600925881322509,0.06429513637395073,0.04476850804029753,0.1423334342109172,-0.016678939734110734,0.1658892937853616,59.97733517913386,0.0,69.94466891164907
203,2019,4,0.23280330744842634,-0.5661302280799773,-0.6638852402984802,0,25,69.94466891164907,0,1.264100741876,-0.12483362260826354,0.40070638246453294,0.44288765080247394,0.05729902210418409,0.020775708543819625,0.1965209152540293,0.05266038350047412,0.1423334342109172,63.011677655465924,0.0,73.7197634376641
203,2020,4,0.23280330744842634,-0.5661302280799773,-0.6638852402984802,0,26,73.7197634376641,0,1.172009003869494,-0.056840657359241514,0.3094009799595074,0.2957702404530512,0.05973831671184436,0.048845892541786756,0.15460506845769134,0.0032863575162598666,0.1965209152540293,69.94466891164907,0.0,72.67314812589693
203,2021,4,0.23280330744842634,-0.5661302280799773,-0.6638852402984802,0,27,72.67314812589693,0,1.4025041923393242,-0.09015146943841057,0.26525828819701136,0.4141628662460725,0.06410048479067018,0.06422611524463202,0.16963359361910066,0.00528419528289787,0.15460506845769134,73.7197634376641,0.0,76.88547692702609
203,2022,4,0.23280330744842634,-0.5661302280799773,-0.6638852402984802,0,28,76.88547692702609,0,1.2882231607297385,0.008083288923651599,0.47447296066586125,0.2633328552925874,0.03027775657463048,0.025895784143974206,0.14081702220277778,-0.025647786758979156,0.16963359361910066,72.67314812589693,0.0,81.48116554426059
203,2023,4,0.23280330744842634,-0.5661302280799773,-0.6638852402984802,0,29,81.48116554426059,0,1.2747023869931458,0.1323741384945798,0.28903401540687135,0.34790403672575454,0.044917105416066014,0.03586121237773251,0.14476768490771394,-0.024343307754632584,0.14081702220277778,76.88547692702609,0.0,83.3365684268926
203,2024,4,0.23280330744842634,-0.5661302280799773,-0.6638852402984802,0,30,83.3365684268926,1,1.8585468759718846,0.07432414292448872,0.25070854691944816,0.2820452876847016,0.06680177945057854,0.012776333860977866,0.21956566793913576,0.018266493494535973,0.14476768490771394,81.48116554426059,0.0,
204,2015,9,0.0325549263816661,0.8635531663690671,0.7688207883556426,0,21,60.854702918250204,0,1.6610307602674317,0.19183268869458187,0.30845968744735563,0.6227010756504969,0.01218673016322084,0.07784142121968021,0.20359567556086028,-0.025760744443684015,,,,64.66240868320996
204,2016,9,0.0325549263816661,0.8635531663690671,0.7688207883556426,0,22,64.66240868320996,0,1.6756748767017635,0.1263493313568164,0.15156699059860915,0.4581120270346774,0.002119884771557383,0.04468504528299247,0.23414040804647335,0.01489891102728769,0.20359567556086028,60.854702918250204,0.0,70.92519895858986
204,2017,9,0.0325549263816661,0.8635531663690671,0.7688207883556426,0,23,70.92519895858986,0,1.8949006014325367,0.31077932401169955,0.291277178919028,0.3590332991738568,0.035382902804325496,0.059340693216888486,0.25016950934643634,-0.010363176207521708,0.23414040804647335,64.66240868320996,0.0,70.10024426836962
204,2018,9,0.0325549263816661,0.8635531663690671,0.7688207883556426,0,24,70.10024426836962,0,2.039892117147806,0.16041076171876956,0.2146479169545107,0.28503392369463876,-0.00818417608441125,0.07641243343830503,0.3041195212730475,0.040577588404697995,0.25016950934643634,70.92519895858986,0.0,70.8932260210086
204,2019,9,0.0325549263816661,0.8635531663690671,0.7688207883556426,0,25,70.8932260210086,0,1.6188508587098542,0.3061413034375182,0.14447839548492483,0.4632797530594467,0.016662411341312022,0.08296670803065956,0.18362989795244378,-0.06010031284782604,0.3041195212730475,70.10024426836962,0.0,73.13623853612344
204,2020,9,0.0325549263816661,0.8635531663690671,0.7688207883556426,0,26,73.13623853612344,0,2.0865272656942135,0.11587548797542992,0.17859266547014174,0.3435714753909848,0.04982966891217892,0.09674594600412934,0.25052283404471276,-0.014975625449997426,0.18362989795244378,70.8932260210086,0.0,79.05096233863725
204,2021,9,0.0325549263816661,0.8635531663690671,0.7688207883556426,0,27,79.05096233863725,0,1.4480348784975365,0.14918800585818706,0.15196273242106512,0.5386337687289148,0.006729942229039738,0.026332157016273845,0.19726810754132562,-0.008737236050046173,0.25052283404471276,73.13623853612344,0.0,76.84391378689006
204,2022,9,0.0325549263816661,0.8635531663690671,0.7688207883556426,0,28,76.84391378689006,0,2.245265737732015,0.1220434555612186,0.21474255932671552,0.4452144464263689,0.04115004904007895,0.06930345379787228,0.3719699702038257,0.09929598316302035,0.19726810754132562,79.05096233863725,0.0,76.75315311283639
204,2023,9,0.0325549263816661,0.8635531663690671,0.7688207883556426,0,29,76.75315311283639,0,2.2846807807196106,0.13600072502293933,0.3991676188449566,0.4702105495665166,0.0222753354892812,0.045858145302910366,0.33603359599158333,0.051826669266055156,0.3719699702038257,76.84391378689006,0.0,84.19203836460721
204,2024,9,0.0325549263816661,0.8635531663690671,0.7688207883556426,0,30,84.19203836460721,0,2.369938802550983,0.20904457266644047,0.5454391660771966,0.5723733079665922,0.044278950921906514,0.09153436382014737,0.31957341975949527,0.010391811269045405,0.33603359599158333,76.75315311283639,0.0,
205,2015,4,-1.388505798455385,-1.2535283061063933,0.5731784457876953,0,27,52.468628047779184,0,0.8298137015012359,-0.07974160831838513,0.31792589392313686,0.36650919029497825,0.0022754142560313054,0.00907269421714406,0.11045457562211372,0.01442527702784737,,,,51.60567606240986
205,2016,4,-1.388505798455385,-1.2535283061063933,0.5731784457876953,0,28,51.60567606240986,0,0.37702138402000784,-0.14685915483873516,0.1287322483063968,0.5479658615838046,-0.02858345111440432,0.01942240019204302,0.09134576888032586,0.038887403657555775,0.11045457562211372,52.468628047779184,0.0,53.26203181801519
205,2017,4,-1.388505798455385,-1.2535283061063933,0.5731784457876953,0,29,53.26203181801519,0,0.2288596918949256,-0.1503196767540808,0.16905551746258807,0.4818927386611277,-0.00026166944824649175,0.0011134756600276186,0.05463480295614487,0.014086525571032687,0.09134576888032586,51.60567606240986,0.0,56.73210167872289
205,2018,4,-1.388505798455385,-1.2535283061063933,0.5731784457876953,0,30,56.73210167872289,0,0.7576190975612576,-0.24417128873947577,0.13485692047119996,0.5684627629807574,-0.020799594835451633,0.04121179546177299,0.07417615903007267,-0.0025289242673812947,0.05463480295614487,53.26203181801519,0.0,58.46179339251706
205,2019,4,-1.388505798455385,-1.2535283061063933,0.5731784457876953,0,31,58.46179339251706,0,0.6749342352700405,-0.09224017626748156,0.13125394006103316,0.5159388821866545,0.005254096068788349,0.01969965067523242,0.04239051406024597,-0.037476942013843544,0.07417615903007267,56.73210167872289,0.0,58.608233698866194
205,2020,4,-1.388505798455385,-1.2535283061063933,0.5731784457876953,0,32,58.608233698866194,0,0.9805246812556533,-0.060928783690327795,0.21499584601174343,0.5823706695697017,-0.012017991984119548,0.01597995653362561,0.08002047636866232,-0.024353832676573133,0.04239051406024597,58.46179339251706,0.0,63.62783459085802
205,2021,4,-1.388505798455385,-1.2535283061063933,0.5731784457876953,0,33,63.62783459085802,0,0.6346781180708145,-0.07149358061808428,0.18930227877580166,0.3689279786108152,0.006223865239624844,0.04647223553404848,0.09702205576053792,0.005376399472929109,0.08002047636866232,58.608233698866194,0.0,67.66664686097285
205,2022,4,-1.388505798455385,-1.2535283061063933,0.5731784457876953,0,34,67.66664686097285,0,0.7814442023163564,-0.1510580943361086,0.12312529977822827,0.5809232865941881,-0.02580446621396787,0.03036754135132258,0.10537308558645474,0.01766227612243691,0.09702205576053792,63.62783459085802,0.0,66.78306626556021
205,2023,4,-1.388505798455385,-1.2535283061063933,0.5731784457876953,0,35,66.78306626556021,0,1.2701532630959305,-0.0454331319961813,0.3785251540008622,0.6479931706066828,-0.00017515388943986653,0.02371735559969101,0.13362082866283348,-0.00371596753784819,0.10537308558645474,67.66664686097285,0.0,72.18402122794468
205,2024,4,-1.388505798455385,-1.2535283061063933,0.5731784457876953,0,36,72.18402122794468,0,0.48750257781100337,-0.0811779397450721,0.156090317671109,0.33926717099956194,0.01274503566464271,0.021846632481423937,0.10182022935938893,0.02261958829796033,0.13362082866283348,66.78306626556021,0.0,
206,2015,1,-0.8612250203337638,1.8403719192850685,0.9259902039514234,0,3,64.53313398661857,0,1.7757376314859128,0.2663112452288597,0.3170516816663048,0.40499388393121777,0.02099208957642511,0.05072528449104374,0.17197128020695496,-0.029690444069149086,,,,67.61954272252984
206,2016,1,-0.8612250203337638,1.8403719192850685,0.9259902039514234,0,4,67.61954272252984,0,1.8750451708552296,0.2492041249509659,0.21789752035520457,0.5362206036227054,-0.022881016630815133,0.09097154530393256,0.1927486437770275,-0.020824732427959222,0.17197128020695496,64.53313398661857,0.0,58.30085915283725
206,2017,1,-0.8612250203337638,1.8403719192850685,0.9259902039514234,0,5,58.30085915283725,0,1.9254134023122442,0.22260659186099316,0.1440680456354018,0.5248158473699714,-0.0014171795429392536,0.051439240640450024,0.20582549165567296,0.00046512258073546693,0.1927486437770275,67.61954272252984,0.0,46.1839350134782
206,2018,1,-0.8612250203337638,1.8403719192850685,0.9259902039514234,0,6,46.1839350134782,0,1.0776187839291016,0.020533858815612926,0.1526051870955522,0.5331266756430948,-0.037499644907188885,0.06941786966005824,0.05913767074271671,-0.07746359945944879,0.20582549165567296,58.30085915283725,0.0,50.01461282706951
206,2019,1,-0.8612250203337638,1.8403719192850685,0.9259902039514234,0,7,50.01461282706951,0,2.2350875972864257,0.2839799121213406,0.14720628649631862,0.6739402491515054,-0.002422658706594671,0.06853976326090835,0.31033799868249484,0.08001510159526963,0.05913767074271671,46.1839350134782,0.0,49.71707759251141
206,2020,1,-0.8612250203337638,1.8403719192850685,0.9259902039514234,0,8,49.71707759251141,0,2.2675953158265547,0.3191747633705586,0.14335043047590673,0.4504119210321018,-0.003775059962545674,0.058589923200261865,0.20875075611789484,-0.0378793983202092,0.31033799868249484,50.01461282706951,0.0,52.6513223355747
206,2021,1,-0.8612250203337638,1.8403719192850685,0.9259902039514234,0,9,52.6513223355747,0,2.0823568497155462,0.21121755104821277,0.12585905099222966,0.6116380095907311,0.020118166791592153,0.056009050238008395,0.2196614824995511,0.0007582337604568815,0.20875075611789484,49.71707759251141,0.0,56.82675212175916
206,2022,1,-0.8612250203337638,1.8403719192850685,0.9259902039514234,0,10,56.82675212175916,0,2.189850066261017,0.2885169790544033,0.11885552154590005,0.7340349165702205,0.018801912291582352,0.10528830591691066,0.2571352131379094,0.014642145766914782,0.2196614824995511,52.6513223355747,0.0,61.11902050631115
206,2023,1,-0.8612250203337638,1.8403719192850685,0.9259902039514234,0,11,61.11902050631115,0,2.655120580122096,-0.00507549063254828,0.1671618997498038,0.5985979667416506,0.014077870306967197,0.03857463802095894,0.22777623794588323,-0.016362355459190042,0.2571352131379094,56.82675212175916,0.0,67.30166314283281
206,2024,1,-0.8612250203337638,1.8403719192850685,0.9259902039514234,0,12,67.30166314283281,1,2.4566672532615104,0.31450430878243185,0.08161830865499804,0.5636120934353751,0.027101709525546844,0.10824891159101116,0.33760718055367284,0.06975859625213114,0.22777623794588323,61.11902050631115,0.0,
207,2015,4,0.3845200521257369,-0.09307864459329862,-0.47849627630051755,0,17,56.73860524612381,0,1.2541265575801117,-0.10435049092152893,0.21998352083630554,0.6406305347971566,0.07881409797000485,0.024541987024355442,0.18004730583967257,0.056914929497450195,,,,56.09940189885987
207,2016,4,0.3845200521257369,-0.09307864459329862,-0.47849627630051755,0,18,56.09940189885987,0,1.0294138121580092,0.1824951009052047,0.30716967622573094,0.34357450648142634,0.05732564672568922,0.09642762882772198,0.1734272370682268,0.016477456251070728,0.18004730583967257,56.73860524612381,0.0,58.83524292886201
207,2017,4,0.3845200521257369,-0.09307864459329862,-0.47849627630051755,0,19,58.83524292886201,0,1.1670265367908068,0.04274052360136571,0.19276220560005028,0.37606935483531795,0.05824821434282391,0.03748353952516372,0.13373620416929577,-0.004986862385510332,0.1734272370682268,56.09940189885987,0.0,62.01353218639693
207,2018,4,0.3845200521257369,-0.09307864459329862,-0.47849627630051755,0,20,62.01353218639693,0,1.201689278887093,0.01951254226915547,0.2940231609352033,0.4530941154206057,0.04017808282667036,0.03806124714911687,0.1497928426529601,0.008484108403087927,0.13373620416929577,58.83524292886201,0.0,66.14435324863918
207,2019,4,0.3845200521257369,-0.09307864459329862,-0.47849627630051755,0,21,66.14435324863918,0,1.2688636540625895,0.14028383725788046,0.2466875789247301,0.49071986610901663,0.05607967976297585,0.03352168673864421,0.16188030203507825,0.00862763982900536,0.1497928426529601,62.01353218639693,0.0,71.88543641016047
207,2020,4,0.3845200521257369,-0.09307864459329862,-0.47849627630051755,0,22,71.88543641016047,0,1.714631121068021,-0.0069819888134809716,0.25973691554815437,0.39063991417387506,0.053933113589923025,0.044395670132110036,0.1245328908577396,-0.05506080025888506,0.16188030203507825,66.14435324863918,0.0,74.87422068287374
207,2021,4,0.3845200521257369,-0.09307864459329862,-0.47849627630051755,0,23,74.87422068287374,0,1.3067194798223343,-0.08490385512607654,0.27371089454707664,0.6509694998161967,0.05072293893852221,0.05813184081882229,0.1174167999833317,-0.026434252862787704,0.1245328908577396,71.88543641016047,0.0,75.63780857977399
207,2022,4,0.3845200521257369,-0.09307864459329862,-0.47849627630051755,0,24,75.63780857977399,0,1.4532495374126704,-0.10645951263468756,0.1472083115078386,0.1923015573367731,0.05489783359951795,0.061813587220865926,0.06782986142968023,-0.09008779218473892,0.1174167999833317,74.87422068287374,0.0,88.18320642410579
207,2023,4,0.3845200521257369,-0.09307864459329862,-0.47849627630051755,0,25,88.18320642410579,0,2.3063297393504456,0.039861469245775896,0.49400430880435614,0.3008254122835255,0.036363778550351375,0.07336985867033645,0.2759751004290652,0.035260928937630054,0.06782986142968023,75.63780857977399,0.0,96.56808737263795
207,2024,4,0.3845200521257369,-0.09307864459329862,-0.47849627630051755,0,26,96.56808737263795,0,1.9978176268476697,0.0159761475478426,0.37968367278491305,0.36526189452465346,0.06895715027983083,0.04696321307000171,0.21932862262557776,0.004951222200801196,0.2759751004290652,88.18320642410579,0.0,
208,2015,4,1.1697731759375092,0.10582700861598116,0.602066392877163,0,34,60.39128296162018,0,1.7143985316012371,0.04603692737239881,0.29110892587699283,0.5709691479046823,0.06657128696343588,0.037027817840038724,0.1405721204478335,-0.03776060493692015,,,,53.204180814180276
208,2016,4,1.1697731759375092,0.10582700861598116,0.602066392877163,0,35,53.204180814180276,0,1.7057746347945408,0.2680697268712523,0.1894388015089578,0.41823080086258646,0.07237270745700627,0.03936417150998478,0.18133734559745912,-0.014492388426878016,0.1405721204478335,60.39128296162018,0.0,54.78161610657382
208,2017,4,1.1697731759375092,0.10582700861598116,0.602066392877163,0,36,54.78161610657382,0,1.324397739498281,0.22274506593028065,0.5662534332664936,0.5932248304137463,0.06852368054597448,0.023358571917184698,0.19864159078216045,0.024123474445648597,0.18133734559745912,53.204180814180276,0.0,60.59437550668052
208,2018,4,1.1697731759375092,0.10582700861598116,0.602066392877163,0,37,60.59437550668052,1,1.7387245940556888,0.08502829328887423,0.23943540239435662,0.5310125063611353,0.04826057002255411,0.04031157964198451,0.19328469485385436,0.0049064255358387205,0.19864159078216045,54.78161610657382,0.0,66.58968260680886
208,2019,4,1.1697731759375092,0.10582700861598116,0.602066392877163,0,38,66.58968260680886,1,1.2845068992457866,0.1534623689415961,0.28228797976274517,0.5074773942171452,0.09483254814911005,0.05001162938920801,0.1917178548767529,0.025035276210620176,0.19328469485385436,60.59437550668052,1.0,75.6574373907609
208,2020,4,1.1697731759375092,0.10582700861598116,0.602066392877163,0,39,75.6574373907609,0,2.4419105307111177,0.16469945635615085,0.38622944966323164,0.5311296927532159,0.05130340406690772,0.0670520821588021,0.2452048265783292,-0.01141546265714415,0.1917178548767529,66.58968260680886,1.0,77.77731838380672
208,2021,4,1.1697731759375092,0.10582700861598116,0.602066392877163,0,40,77.77731838380672,1,1.7002159866840578,0.1427461884002389,0.4159038199036297,0.6710430627051911,0.04627625308471351,0.05579040525727712,0.2122256128228594,0.010368416144490805,0.2452048265783292,75.6574373907609,0.0,81.78967853326581
208,2022,4,1.1697731759375092,0.10582700861598116,0.602066392877163,0,41,81.78967853326581,0,2.1068063051732064,0.031081131350166144,0.23190893654922642,0.4539425509455605,0.08201621966549867,0.021769423469866746,0.214926346015621,0.0034938163200440788,0.2122256128228594,77.77731838380672,1.0,92.211381482341
208,2023,4,1.1697731759375092,0.10582700861598116,0.602066392877163,0,42,92.211381482341,0,1.686645974502146,0.04813536112180677,0.2616969057606721,0.35168576274692354,0.060297138472028784,0.02404774855689249,0.15788036887716916,-0.02992174644604522,0.214926346015621,81.78967853326581,0.0,90.64638347068453
208,2024,4,1.1697731759375092,0.10582700861598116,0.602066392877163,0,43,90.64638347068453,0,2.259466553301297,0.1255430572563337,0.3608187421649218,0.41344192353475606,0.08047247135784387,0.06174636034933528,0.2776410008066826,0.03390414286505428,0.15788036887716916,92.211381482341,0.0,
209,2015,0,-0.21194304953583232,0.041199264693719435,-1.7327211243634932,0,13,54.2739185845502,1,1.918324863547032,0.16526614023954284,0.3515179913475917,0.20259860404420135,0.08782377257760657,0.03753277523963619,0.2735886568325272,0.07877278278381386,,,,50.6945187701064
209,2016,0,-0.21194304953583232,0.041199264693719435,-1.7327211243634932,0,14,50.6945187701064,0,1.2445270541530922,0.06856095713563905,0.34476832467276747,0.37862940023418373,0.05415142169518842,0.061152967345711504,0.1805883886081532,0.03178779544131124,0.2735886568325272,54.2739185845502,1.0,54.39592119248047
209,2017,0,-0.21194304953583232,0.041199264693719435,-1.7327211243634932,0,15,54.39592119248047,0,1.2100765551101804,0.12432257522842734,0.24656119492111367,0.4038035862060428,0.05905874562804289,0.027737241617890988,0.17297713267707027,0.036236964280326155,0.1805883886081532,50.6945187701064,0.0,55.11057357607749
209,2018,0,-0.21194304953583232,0.041199264693719435,-1.7327211243634932,0,16,55.11057357607749,0,1.4558065618306977,0.1599823564544172,0.36521784751784814,0.38183772273440253,0.05851115155678681,0.034484402258277466,0.1784063303796687,0.014956756547462893,0.17297713267707027,54.39592119248047,0.0,56.201604664363956
209,2019,0,-0.21194304953583232,0.041199264693719435,-1.7327211243634932,0,17,56.201604664363956,0,0.9844486201417111,0.06741567301220605,0.2530989232523663,0.2391000872478121,0.05223123352330699,0.038533510954298036,0.16210721536021394,0.037828766695260585,0.1784063303796687,55.11057357607749,0.0,60.12583074951564
209,2020,0,-0.21194304953583232,0.041199264693719435,-1.7327211243634932,0,18,60.12583074951564,0,2.103183049253472,0.02719411184839004,0.23474507390987043,0.340346514448745,0.07892849240843403,0.04772964306609125,0.20539270314063318,0.005739640581715401,0.16210721536021394,56.201604664363956,0.0,58.97749189213058
209,2021,0,-0.21194304953583232,0.041199264693719435,-1.7327211243634932,0,19,58.97749189213058,0,1.4943035746947273,-0.0020763293382045286,0.3245375777387285,0.32873054286011916,0.05378893531568338,0.02523261736182094,0.16021595325281673,0.004687235719067885,0.20539270314063318,60.12583074951564,0.0,60.69639794933269
209,2022,0,-0.21194304953583232,0.041199264693719435,-1.7327211243634932,0,20,60.69639794933269,0,2.1400976526369084,-0.09929118716213967,0.3356086740453486,0.34095439017891455,0.07707607932257121,0.051725812715258904,0.16872299384229905,-0.03039990261481787,0.16021595325281673,58.97749189213058,0.0,62.23799170907069
209,2023,0,-0.21194304953583232,0.041199264693719435,-1.7327211243634932,0,21,62.23799170907069,0,1.693896673130296,0.10231210095520277,0.42107381218166856,0.4064145955137512,0.042748849104918704,0.080583163079042,0.23550078606543315,0.042743778421932256,0.16872299384229905,60.69639794933269,0.0,65.21072596915158
209,2024,0,-0.21194304953583232,0.041199264693719435,-1.7327211243634932,0,22,65.21072596915158,0,2.4075448190332445,0.20607944736990932,0.4491556272713021,0.2645651126966899,0.10099461535373797,0.027139875148963957,0.18053823489191484,-0.06453811466863142,0.23550078606543315,62.23799170907069,0.0,
210,2015,1,1.5854311693284122,0.4858827975070677,1.8679369225472144,1,23,65.86810827896377,0,1.6910557930356667,0.2435070713473176,0.22379256530015673,0.43606123696529614,0.06641422500513008,0.08241566574888645,0.18518473666040228,-0.0066745907122657995,,,,70.59270272176973
210,2016,1,1.5854311693284122,0.4858827975070677,1.8679369225472144,1,24,70.59270272176973,1,1.9920246820643863,0.12965753836163613,0.3445911284227252,0.30969208290869243,0.0037264116332858047,0.060930030759240555,0.16886402090585545,-0.04036677794270121,0.18518473666040228,65.86810827896377,0.0,71.31098588504112
210,2017,1,1.5854311693284122,0.4858827975070677,1.8679369225472144,1,25,71.31098588504112,0,1.5896614290828772,0.047819987926326524,0.15091331732236546,0.6615811566583966,0.049764832780444315,0.05821284554403906,0.1075744126934517,-0.05404423779683831,0.16886402090585545,70.59270272176973,1.0,71.51103449505372
210,2018,1,1.5854311693284122,0.4858827975070677,1.8679369225472144,1,26,71.51103449505372,0,1.7029216967376364,0.05200869713343534,0.21639485584808418,0.5970318389090777,0.051377808198568,0.029580282670956425,0.09789315265689816,-0.06769098557940295,0.1075744126934517,71.31098588504112,0.0,72.46229069046814
210,2019,1,1.5854311693284122,0.4858827975070677,1.8679369225472144,1,27,72.46229069046814,0,2.0206418859746136,0.1248737981820222,0.2311290832666367,0.37818638037348656,0.032426224979680854,0.031460241087437515,0.2349856031231604,0.03614770651382564,0.09789315265689816,71.51103449505372,0.0,76.13744857421521
210,2020,1,1.5854311693284122,0.4858827975070677,1.8679369225472144,1,28,76.13744857421521,0,2.2167434643143755,0.32796085200356384,0.47423020774422286,0.5997405675787069,0.05795820555037518,0.03739530180794977,0.2713850173443344,0.031904617495542104,0.2349856031231604,72.46229069046814,0.0,81.27081001737477
210,2021,1,1.5854311693284122,0.4858827975070677,1.8679369225472144,1,29,81.27081001737477,0,2.6628435709802276,0.060128792808555404,0.47607523505831756,0.5620945525910332,0.07439682723215045,0.07434524125763646,0.2921681084530754,0.030033435780358653,0.2713850173443344,76.13744857421521,0.0,81.66625020403237
210,2022,1,1.5854311693284122,0.4858827975070677,1.8679369225472144,1,30,81.66625020403237,1,1.4358975461399726,0.18809299427324574,0.2237594414583754,0.28022113434463236,0.07977986016884683,0.04359439954472437,0.15649476791476227,-0.020248381476261786,0.2921681084530754,81.27081001737477,0.0,86.25985647885454
210,2023,1,1.5854311693284122,0.4858827975070677,1.8679369225472144,1,31,86.25985647885454,0,2.1727360156528106,0.16535411817519305,0.21261426595196817,0.7240279763040027,0.07640149412683686,0.05779273419825029,0.27436008133768863,0.056605209034642744,0.15649476791476227,81.66625020403237,1.0,95.07706640402378
210,2024,1,1.5854311693284122,0.4858827975070677,1.8679369225472144,1,32,95.07706640402378,0,2.741052938990804,0.20794738629231735,0.16989893246952,0.6285779071318623,0.07694791562960215,0.045139025528111665,0.2299365447572173,-0.0332330048371558,0.27436008133768863,86.25985647885454,0.0,
211,2015,0,-0.7321614913882528,-1.42254613213405,-0.2707347698150633,0,5,50.43948634370742,0,0.731104360392621,-0.08179926444409431,0.16289327801364284,0.6940955563827957,0.04037700547002411,0.014584078336298642,0.0641420145296396,0.0029978434733976137,,,,50.06290912497127
211,2016,0,-0.7321614913882528,-1.42254613213405,-0.2707347698150633,0,6,50.06290912497127,0,0.5648830527174142,0.08285162955612735,0.45180344480830675,0.44029983316605636,0.00624475963841176,0.03607685891458508,0.04570114525995449,-0.03482484020629746,0.0641420145296396,50.43948634370742,0.0,49.94767910736611
211,2017,0,-0.7321614913882528,-1.42254613213405,-0.2707347698150633,0,7,49.94767910736611,0,0.5323528555179098,-0.1983299971747654,0.16765646845099869,0.45984854031371963,0.0017921074919110443,0.03827073705267113,-0.010469665497337619,-0.05819205580096439,0.04570114525995449,50.06290912497127,0.0,45.99968057616591
211,2018,0,-0.7321614913882528,-1.42254613213405,-0.2707347698150633,0,8,45.99968057616591,0,0.5522594622297057,-0.0466666052180664,0.1530162604179201,0.4679944853898651,0.051714774889192364,0.03979583344981197,0.08269144346182468,0.023475076789310965,-0.010469665497337619,49.94767910736611,0.0,49.35651600422938
211,2019,0,-0.7321614913882528,-1.42254613213405,-0.2707347698150633,0,9,49.35651600422938,0,0.9482079244383779,-0.2511702033567098,0.21306120763847888,0.28619719246646674,0.022430304504585684,0.009181345287812646,0.019871448974406465,-0.05431677115396761,0.08269144346182468,45.99968057616591,0.0,49.74194690582241
211,2020,0,-0.7321614913882528,-1.42254613213405,-0.2707347698150633,0,10,49.74194690582241,0,1.2530882884386974,-0.07084381296900932,0.3185624903448146,0.27990779886078065,0.03803607961321301,0.027843741074943355,0.12302395166446345,0.007070221573384918,0.019871448974406465,49.35651600422938,0.0,50.82962590409334
211,2021,0,-0.7321614913882528,-1.42254613213405,-0.2707347698150633,0,11,50.82962590409334,0,0.8436836927560085,-0.01547008532183243,0.2866831695671694,0.3980141536764362,0.027459941909750273,0.02433730076380167,0.04239494167432501,-0.04961566200119357,0.12302395166446345,49.74194690582241,0.0,52.14487331976262
211,2022,0,-0.7321614913882528,-1.42254613213405,-0.2707347698150633,0,12,52.14487331976262,0,0.997791641025937,-0.22563769994332186,0.25158204728265743,0.5230427239017881,0.06837405864472068,0.061078970206620314,0.11575929232945935,0.02557418829347828,0.04239494167432501,50.82962590409334,0.0,58.78561920913835
211,2023,0,-0.7321614913882528,-1.42254613213405,-0.2707347698150633,0,13,58.78561920913835,0,0.8886140629437959,-0.12137224195449835,0.2782451402261984,0.46046024637394184,0.040601228435666784,0.0290137147061523,0.1356046276172078,0.04698960834146761,0.11575929232945935,52.14487331976262,0.0,64.71184707691093
211,2024,0,-0.7321614913882528,-1.42254613213405,-0.2707347698150633,0,14,64.71184707691093,0,0.719022599769471,-0.1318328422966152,0.11100188773356713,0.554806858296265,-0.00031667155835996344,0.023784325771498808,0.0547136085753201,-0.014185537680815518,0.1356046276172078,58.78561920913835,0.0,
212,2015,8,-0.6643004534713869,-1.6401427219521512,-1.1428653183084214,0,12,59.916809216042516,0,0.706113194143168,-0.13333667228928336,0.30548914977835867,0.24881615356322026,0.05628846046112186,0.0337950256994935,0.058040472139569754,-0.04690440044148324,,,,66.5973083467644
212,2016,8,-0.6643004534713869,-1.6401427219521512,-1.1428653183084214,0,13,66.5973083467644,0,0.6938599687814377,-0.25262489715059416,0.36033817993497647,0.2887154528129094,0.05311388694419701,0.038439846139903255,0.11977973638812277,0.023537952551822786,0.058040472139569754,59.916809216042516,0.0,69.18385210780463
212,2017,8,-0.6643004534713869,-1.6401427219521512,-1.1428653183084214,0,14,69.18385210780463,0,0.6641722175155043,-0.08790113598296767,0.27017475094095084,0.3657287028732208,0.03356758090044841,0.013124497957219195,0.0933820634144951,-0.0059322455715670325,0.11977973638812277,66.5973083467644,0.0,73.45330581468883
212,2018,8,-0.6643004534713869,-1.6401427219521512,-1.1428653183084214,0,15,73.45330581468883,0,0.5963336081849558,-0.00516751834214417,0.46712978721124704,0.37099233929811565,0.04747333440913046,0.0039393147819841955,0.07027730407049715,-0.03525549371491961,0.0933820634144951,69.18385210780463,0.0,80.83746625207168
212,2019,8,-0.6643004534713869,-1.6401427219521512,-1.1428653183084214,0,16,80.83746625207168,0,0.7748915385925396,-0.18656223720600015,0.36323541186272723,0.28060959878157415,0.02442877898966352,0.053324727544241085,0.10982388509723912,-0.004143928452298019,0.07027730407049715,73.45330581468883,0.0,83.07523072850535
212,2020,8,-0.6643004534713869,-1.6401427219521512,-1.1428653183084214,0,17,83.07523072850535,0,0.32521505163733583,-0.12433131448427337,0.2186836731008385,0.4647539995045392,0.03120952598130895,0.037953404351004943,0.11519443851692132,0.037561843918306755,0.10982388509723912,80.83746625207168,0.0,85.34464877094014
212,2021,8,-0.6643004534713869,-1.6401427219521512,-1.1428653183084214,0,18,85.34464877094014,0,0.5421251054432852,-0.08653868251744043,0.31193073172769126,0.26192009223057044,0.025390784807213483,0.013929084996190442,0.09555728130046204,-0.002670497763034254,0.11519443851692132,83.07523072850535,0.0,92.00259514149319
212,2022,8,-0.6643004534713869,-1.6401427219521512,-1.1428653183084214,0,19,92.00259514149319,0,0.6034309602169874,-0.19086442096825218,0.4397739222037581,0.28014544088918664,0.048011054836292796,0.02435643659719313,0.10637787445461003,0.004825670184303642,0.09555728130046204,85.34464877094014,0.0,98.6067898260412
212,2023,8,-0.6643004534713869,-1.6401427219521512,-1.1428653183084214,0,20,98.6067898260412,0,1.0655269693869798,-0.17255532657710015,0.3057227041879607,0.21928418340180594,0.028304446219367986,0.038584024452954425,0.09680140629973552,-0.039525476663246926,0.10637787445461003,92.00259514149319,0.0,100.0
212,2024,8,-0.6643004534713869,-1.6401427219521512,-1.1428653183084214,0,21,100.0,0,0.9044734067463867,-0.0652956905440239,0.24941762374003282,0.2559843366813069,0.03744261735211168,0.021806685519905458,0.11823181980244729,-0.009040541563443995,0.09680140629973552,98.6067898260412,0.0,
213,2015,1,-1.5440243702280794,-0.6909581518631752,-0.9704804197805089,0,35,50.16080993539308,0,0.2889404894352187,-0.06272848949414515,0.46362030740847016,0.1966973665807627,-0.019144704824645052,0.0305684324158712,0.06535277824693075,-0.0004226162294823309,,,,46.324317873606475
213,2016,1,-1.5440243702280794,-0.6909581518631752,-0.9704804197805089,0,36,46.324317873606475,0,0.40153253063606936,0.03344247776940601,0.1251690370102947,0.522751014330034,-0.01733787858362007,0.010874570077617485,0.03620031174332007,-0.02151234693934009,0.06535277824693075,50.16080993539308,0.0,47.51786815417804
213,2017,1,-1.5440243702280794,-0.6909581518631752,-0.9704804197805089,0,37,47.51786815417804,0,0.9264609381390094,-0.03546561198463988,0.2228601958139879,0.31293313771388914,0.03796704078474638,0.02836339499069385,0.13529733617785414,0.03480978996194054,0.03620031174332007,46.324317873606475,0.0,46.661929900648786
213,2018,1,-1.5440243702280794,-0.6909581518631752,-0.9704804197805089,0,38,46.661929900648786,0,0.7621985593206134,0.05259969111845013,0.20660239535366526,0.3194796475795218,0.01674641368035161,0.031102837067117514,0.12391975441594812,0.023914069645497017,0.13529733617785414,47.51786815417804,0.0,52.84997789582208
213,2019,1,-1.5440243702280794,-0.6909581518631752,-0.9704804197805089,0,39,52.84997789582208,0,0.6200224142534674,-0.08487227632978589,0.3925174432641917,0.44686591768735306,0.029274496015032805,0.03591963670659324,0.10736395776036137,0.021697278332888027,0.12391975441594812,46.661929900648786,0.0,53.996815416632984
213,2020,1,-1.5440243702280794,-0.6909581518631752,-0.9704804197805089,0,40,53.996815416632984,0,1.4226810919319721,-0.109294885045637,0.30330532466203014,0.41541250252331685,0.026595100714316026,0.04646394756931431,0.10413829960487456,-0.03617226754376257,0.10736395776036137,52.84997789582208,0.0,50.90227442235239
213,2021,1,-1.5440243702280794,-0.6909581518631752,-0.9704804197805089,0,41,50.90227442235239,0,1.4707607515070762,0.014836348809126675,0.23748370468132532,0.42734700460141245,0.00852093938267361,0.04791868321830842,0.1477497342429229,-0.003939365042175004,0.10413829960487456,53.996815416632984,0.0,53.37028213141175
213,2022,1,-1.5440243702280794,-0.6909581518631752,-0.9704804197805089,0,42,53.37028213141175,0,1.5585530887392212,0.044501980965544044,0.17639207411969834,0.2549495835620858,-0.012566709187601775,0.031181756159746922,0.18811516857608343,0.028413829775090587,0.1477497342429229,50.90227442235239,0.0,59.07043473374949
213,2023,1,-1.5440243702280794,-0.6909581518631752,-0.9704804197805089,0,43,59.07043473374949,0,0.7805239969493492,-0.09441748074619036,0.28411115192237235,0.5218837178684459,-0.01734013342010511,0.0690197216451515,0.08952417184286507,-0.01537704647333943,0.18811516857608343,53.37028213141175,0.0,56.322375660917935
213,2024,1,-1.5440243702280794,-0.6909581518631752,-0.9704804197805089,0,44,56.322375660917935,0,0.6614936643656326,0.000674155523466724,0.24190342371244672,0.34588381201363816,0.030041040871887414,0.03409921219189724,0.10192416923008571,0.007014875716389062,0.08952417184286507,59.07043473374949,0.0,
214,2015,3,-0.04565732169760875,-0.7671694989376422,0.515098789139924,0,24,59.66279114021052,0,0.8360732733714551,0.1107701345686494,0.3701665728396798,0.3903548337511038,0.023791862808846743,0.05152873820335732,0.049599013669162056,-0.0665831166565627,,,,60.47045739682543
214,2016,3,-0.04565732169760875,-0.7671694989376422,0.515098789139924,0,25,60.47045739682543,0,0.4640256123751626,-0.04875236257569986,0.28103256149016104,0.42154130112568183,0.04507722263704755,0.009173163523362265,0.03964034173537928,-0.023647401526825058,0.049599013669162056,59.66279114021052,0.0,58.03780670638769
214,2017,3,-0.04565732169760875,-0.7671694989376422,0.515098789139924,0,26,58.03780670638769,0,1.605111288937469,-0.08221217957819837,0.3832661487812759,0.40699623843390303,0.045365560132378344,0.07711038833726389,0.1917234451980985,0.030952195978564103,0.03964034173537928,60.47045739682543,0.0,55.72963632726626
214,2018,3,-0.04565732169760875,-0.7671694989376422,0.515098789139924,0,27,55.72963632726626,0,0.5299749777300115,0.04127810855984059,0.26113961242475653,0.49849233049043246,0.05054314468417466,0.024430910581235112,0.0848875765337672,0.0018288271805890469,0.1917234451980985,58.03780670638769,0.0,62.1354955175893
214,2019,3,-0.04565732169760875,-0.7671694989376422,0.515098789139924,0,28,62.1354955175893,0,1.5408463535781847,-0.004773336214882424,0.33724944974257337,0.4943296176739928,0.017872630114871578,0.048743928557753766,0.11506944436064662,-0.04088795481196664,0.0848875765337672,55.72963632726626,0.0,67.05047436650094
214,2020,3,-0.04565732169760875,-0.7671694989376422,0.515098789139924,0,29,67.05047436650094,0,1.6436518974015897,0.044858669369578635,0.20107142317510973,0.4650109696802831,0.035188436948191154,0.014625039825410233,0.14643424169005478,-0.010412471668558722,0.11506944436064662,62.1354955175893,0.0,64.37733940594335
214,2021,3,-0.04565732169760875,-0.7671694989376422,0.515098789139924,0,30,64.37733940594335,0,1.0976029685901318,0.09044808437286567,0.23174430291232936,0.5775639887809705,0.022820525467719975,0.02197376220550664,0.12138153422821295,-0.003496530739786782,0.14643424169005478,67.05047436650094,0.0,63.87366409787372
214,2022,3,-0.04565732169760875,-0.7671694989376422,0.515098789139924,0,31,63.87366409787372,0,1.1875441464256424,0.0046109139450882415,0.3525805678353664,0.6026008728060239,0.015101571455282368,0.025662892676350916,0.11635135814770138,-0.01313506209368585,0.12138153422821295,64.37733940594335,0.0,64.40720796540941
214,2023,3,-0.04565732169760875,-0.7671694989376422,0.515098789139924,0,32,64.40720796540941,0,1.0058080891029628,-0.13025970994805977,0.12653935172868208,0.5638988125439652,0.03475605427017479,0.007450849408418062,0.03708228621620647,-0.05898768162714773,0.11635135814770138,63.87366409787372,0.0,68.82456937234997
214,2024,3,-0.04565732169760875,-0.7671694989376422,0.515098789139924,0,33,68.82456937234997,0,1.0117778976794662,0.036929148971829355,0.34517661092831287,0.4282936423712384,0.04689511331165593,0.023258542610319184,0.09066185607713043,-0.030319711839501804,0.03708228621620647,64.40720796540941,0.0,
215,2015,5,-0.01870362342945873,-1.076598819400578,1.9284976611051605,0,30,56.0302199084799,1,1.281226460253703,0.03361608400622624,0.10749830896032925,0.7564743460550089,0.005621545968409171,0.06722309367030033,0.11706620113614516,-0.027297879240660426,,,,51.26836654447696
215,2016,5,-0.01870362342945873,-1.076598819400578,1.9284976611051605,0,31,51.26836654447696,0,0.5514217938797414,-0.016409794773864672,0.23022362130663648,0.5754531986423829,0.008280856554109999,0.06031992883330536,0.12481895750113188,0.02842978896620617,0.11706620113614516,56.0302199084799,1.0,56.132949361539
215,2017,5,-0.01870362342945873,-1.076598819400578,1.9284976611051605,0,32,56.132949361539,0,0.9925840861334896,0.015361706234012847,0.1245813111361292,0.6076198673876438,0.009835739860679796,0.01086584162670683,0.15963981000429106,0.0443659929141377,0.12481895750113188,51.26836654447696,0.0,57.16595123272539
215,2018,5,-0.01870362342945873,-1.076598819400578,1.9284976611051605,0,33,57.16595123272539,0,1.258684185543494,-0.057311755026777295,0.23055718020453897,0.38798623840001456,0.016080785294528104,0.04728249362153065,0.18956518670383612,0.042857751713950044,0.15963981000429106,56.132949361539,0.0,57.859321912262715
215,2019,5,-0.01870362342945873,-1.076598819400578,1.9284976611051605,0,34,57.859321912262715,0,0.9543003687717317,-0.10730491695748678,0.19551933228897764,0.7212712531177108,0.0242648581629519,0.03475858616262453,0.09371598415552308,-0.019876531042508947,0.18956518670383612,57.16595123272539,0.0,60.21538342303522
215,2020,5,-0.01870362342945873,-1.076598819400578,1.9284976611051605,0,35,60.21538342303522,1,0.9139380749525676,-0.015467856178128549,0.18431955492443966,0.7154327183869957,0.024137164527985134,0.011301372040205409,0.13869836094680518,0.029080206677616093,0.09371598415552308,57.859321912262715,0.0,70.41027520729814
215,2021,5,-0.01870362342945873,-1.076598819400578,1.9284976611051605,0,36,70.41027520729814,0,0.9123302138307852,-0.06330111613839029,0.09996674946606286,0.5647767170161339,0.009520138036412468,0.06652382446661784,0.15269754695306276,0.031744430380016,0.13869836094680518,60.21538342303522,1.0,77.40348771622376
215,2022,5,-0.01870362342945873,-1.076598819400578,1.9284976611051605,0,37,77.40348771622376,0,0.5943307763397898,-0.0475843170673122,0.20260319969684937,0.5583251435215557,0.012124732473815368,0.022097784978333843,0.13306895342169645,0.03821665103379488,0.15269754695306276,70.41027520729814,0.0,82.8507332422597
215,2023,5,-0.01870362342945873,-1.076598819400578,1.9284976611051605,0,38,82.8507332422597,0,0.9838728687122968,-0.08669195738204744,0.25459201583133884,0.4924051910922776,0.00248445122080271,0.016279479670052742,0.12847013602754767,0.007302003483244103,0.13306895342169645,77.40348771622376,0.0,87.28511907991007
215,2024,5,-0.01870362342945873,-1.076598819400578,1.9284976611051605,0,39,87.28511907991007,0,1.4537912293891595,-0.02167740652253288,0.3011014547586079,0.626284678753533,0.02814713182386825,0.05252539892798513,0.11021398126468991,-0.05711813024653868,0.12847013602754767,82.8507332422597,0.0,
216,2015,6,-1.0496758964307653,-0.057641721353181075,-1.4688848442900606,1,24,58.72830763990899,0,0.9545893194656356,-0.03215188438078595,0.09420649843588252,0.29465557639739687,0.034457691842754136,0.017830053395670255,0.15438140061090108,0.03815920445782094,,,,61.48943632853794
216,2016,6,-1.0496758964307653,-0.057641721353181075,-1.4688848442900606,1,25,61.48943632853794,0,1.2065090464160442,0.16067957527036364,0.23841754082756345,0.4988852896806215,0.039206404915077056,0.06269802369335123,0.11870506040628533,-0.043508109941618564,0.15438140061090108,58.72830763990899,0.0,64.96817505254619
216,2017,6,-1.0496758964307653,-0.057641721353181075,-1.4688848442900606,1,26,64.96817505254619,0,1.2820134731456276,-0.11403965251428758,0.1540057647231535,0.47226394311809816,0.026640583277952594,0.03690169091633959,0.11749095916079381,-0.02074652260292896,0.11870506040628533,61.48943632853794,0.0,65.71580927137236
216,2018,6,-1.0496758964307653,-0.057641721353181075,-1.4688848442900606,1,27,65.71580927137236,0,1.5649526307779573,0.11582940846543335,0.2513278341667488,0.2633744852942574,0.04465228261176209,0.05323335375480577,0.1967012745039514,0.009537800551876464,0.11749095916079381,64.96817505254619,0.0,69.89238001121024
216,2019,6,-1.0496758964307653,-0.057641721353181075,-1.4688848442900606,1,28,69.89238001121024,0,1.2898204083326494,-0.038888507013863344,0.2524190774058952,0.47972652639815566,0.03913889695651257,0.04728545374824776,0.15412110031672646,-0.0007274752122317677,0.1967012745039514,65.71580927137236,0.0,69.56734403437336
216,2020,6,-1.0496758964307653,-0.057641721353181075,-1.4688848442900606,1,29,69.56734403437336,0,1.5835757497129255,0.010986492945822879,0.16223220190402024,0.3575729207600139,0.027869998324440575,0.015014847247504837,0.17612978359255183,0.005848030502800627,0.15412110031672646,69.89238001121024,0.0,72.56260207652743
216,2021,6,-1.0496758964307653,-0.057641721353181075,-1.4688848442900606,1,30,72.56260207652743,0,1.1903541795158774,0.030938818451311845,0.24435775240043867,0.33642538160502294,0.01460452181980985,0.050920835274026494,0.15569443135548644,-0.0018419673663014678,0.17612978359255183,69.56734403437336,0.0,78.10694465816634
216,2022,6,-1.0496758964307653,-0.057641721353181075,-1.4688848442900606,1,31,78.10694465816634,0,1.3567767063169276,0.006358819867019364,0.15179229954910747,0.529212457920977,0.029848587074018967,0.045945291110575964,0.18276430166429847,0.0229913966696337,0.15569443135548644,72.56260207652743,0.0,82.37531529963452
216,2023,6,-1.0496758964307653,-0.057641721353181075,-1.4688848442900606,1,32,82.37531529963452,1,1.7317440255371532,0.1014475346478787,0.22156694864772986,0.48951741929916964,-0.00025227538793996807,0.05229260957567047,0.22742937202934516,0.027713148959275624,0.18276430166429847,78.10694465816634,0.0,86.1343030656173
216,2024,6,-1.0496758964307653,-0.057641721353181075,-1.4688848442900606,1,33,86.1343030656173,0,1.6280572009211547,0.08049158896989905,0.2497007406265713,0.3604342874751791,0.07449317222321297,0.03308245585824859,0.15621166288768795,-0.036127907733274074,0.22742937202934516,82.37531529963452,1.0,
217,2015,6,0.422204505955977,-2.0181874120179675,-0.07886240348627856,1,3,69.94154944056974,0,0.1068513747690446,-0.09652228004820247,0.34409261699297483,0.18402821559375507,0.03141281694948507,-0.011123632254041081,0.04437144743195773,0.0037887180923393713,,,,62.92417661575786
217,2016,6,0.422204505955977,-2.0181874120179675,-0.07886240348627856,1,4,62.92417661575786,0,-0.004388479051487593,-0.10223792408673307,0.2543785314687393,0.2962182418130727,0.0228940909611646,0.011582336701152936,0.036390085535616706,0.005606859211808213,0.04437144743195773,69.94154944056974,0.0,69.33687535413583
217,2017,6,0.422204505955977,-2.0181874120179675,-0.07886240348627856,1,5,69.33687535413583,0,0.5715504360638484,-0.1952807676914675,0.19168055822934696,0.5316146522720132,0.04150389218369475,0.040806162082058124,0.08548118405218287,0.02034987922105934,0.036390085535616706,62.92417661575786,0.0,73.54254556229962
217,2018,6,0.422204505955977,-2.0181874120179675,-0.07886240348627856,1,6,73.54254556229962,0,0.4483960790149269,-0.11203374644079775,0.37993718600187226,0.4368397298678559,0.05130928593980845,-0.021993309909276032,0.0731154859403524,0.013792219043466971,0.08548118405218287,69.33687535413583,0.0,75.92636807107719
217,2019,6,0.422204505955977,-2.0181874120179675,-0.07886240348627856,1,7,75.92636807107719,0,1.107207129206477,-0.1517951443570757,0.28506110896634324,0.596835241392744,0.043695953104005085,0.008737049121855507,0.10618075575981029,0.002288218953682506,0.0731154859403524,73.54254556229962,0.0,81.34101901788607
217,2020,6,0.422204505955977,-2.0181874120179675,-0.07886240348627856,1,8,81.34101901788607,0,0.19451659109765218,-0.3623656153816035,0.31524856406213525,0.47610014969019165,0.0683237227454461,0.03828527534493745,0.0064429708292063105,-0.029951612036452666,0.10618075575981029,75.92636807107719,0.0,87.41582397991634
217,2021,6,0.422204505955977,-2.0181874120179675,-0.07886240348627856,1,9,87.41582397991634,0,0.6581678335156286,-0.0700047472927778,0.5898598655324716,0.34175978787369987,0.07712784334916267,-0.001443516463969282,0.11106819384508834,0.019889881427970157,0.0064429708292063105,81.34101901788607,0.0,91.69212436392141
217,2022,6,0.422204505955977,-2.0181874120179675,-0.07886240348627856,1,10,91.69212436392141,0,0.46786829614532705,-0.1376683737754589,0.18229174304127962,0.3876573194850735,0.07582365784883896,0.03739278587590729,0.03638975723606045,-0.03489600806646661,0.11106819384508834,87.41582397991634,0.0,100.0
217,2023,6,0.422204505955977,-2.0181874120179675,-0.07886240348627856,1,11,100.0,0,0.7645816056954816,-0.19715555533010198,0.15306184099689626,0.5360854888861853,0.06828294838479367,0.006663603009943523,0.09213467783396861,0.016916730440790038,0.03638975723606045,91.69212436392141,0.0,100.0
217,2024,6,0.422204505955977,-2.0181874120179675,-0.07886240348627856,1,12,100.0,0,0.5830754558469351,-0.2596878184736585,0.18105641555352936,0.464306512350796,0.03340079993619269,0.018010866241773723,0.0871532261063031,0.021497854486922617,0.09213467783396861,100.0,0.0,
218,2015,9,-0.9379207480929809,1.3455385783803746,0.7610563125498132,1,7,58.48451086929908,1,2.0789092931184237,0.15221603967401232,0.30002566215169363,0.6005335765160066,0.020334281517153233,0.09877537016427415,0.2926351050428934,0.03935888794437795,,,,59.46673547427493
218,2016,9,-0.9379207480929809,1.3455385783803746,0.7610563125498132,1,8,59.46673547427493,0,1.5713579024982742,0.25152119926112826,0.10540930311930431,0.6362426759627338,0.0022198541637459485,0.07158893923129801,0.2372014939466724,0.018670974016791686,0.2926351050428934,58.48451086929908,1.0,62.14022503824857
218,2017,9,-0.9379207480929809,1.3455385783803746,0.7610563125498132,1,9,62.14022503824857,0,1.5775325971427478,0.17111911472142602,0.3857151424269857,0.41070928678525936,-0.015900043382397845,0.06054691663985245,0.17777041480766653,-0.04555264120341289,0.2372014939466724,59.46673547427493,0.0,68.82847179327267
218,2018,9,-0.9379207480929809,1.3455385783803746,0.7610563125498132,1,10,68.82847179327267,0,1.754655786684306,0.08000459841969072,0.25390135281204895,0.6424935999290794,-0.007262791848556223,0.0665545239172885,0.24033593879105317,0.01993178660386134,0.17777041480766653,62.14022503824857,0.0,73.0489904930608
218,2019,9,-0.9379207480929809,1.3455385783803746,0.7610563125498132,1,11,73.0489904930608,0,1.798229006003115,0.15281162363652767,0.23833594383817594,0.5845207155943901,-0.028250522574746473,0.05221676389897502,0.2687588555711157,0.03945322000119922,0.24033593879105317,68.82847179327267,0.0,73.69103851705087
218,2020,9,-0.9379207480929809,1.3455385783803746,0.7610563125498132,1,12,73.69103851705087,0,2.1424533100499845,0.17961620260847222,0.18322694672804396,0.36191448440290597,0.03390621142730683,0.07135217558193399,0.2381838226025059,-0.02570190171056223,0.2687588555711157,73.0489904930608,0.0,70.19819989548216
218,2021,9,-0.9379207480929809,1.3455385783803746,0.7610563125498132,1,13,70.19819989548216,0,2.273970764292069,0.17710397064375236,0.17860600575425223,0.5811074623784858,0.01844002997453233,0.07179239366323749,0.2577442961885797,-0.01108314999123556,0.2381838226025059,73.69103851705087,0.0,70.90838556519313
218,2022,9,-0.9379207480929809,1.3455385783803746,0.7610563125498132,1,14,70.90838556519313,0,2.2385738120391627,0.12753575976144263,0.10069309153444522,0.4008869826751615,0.01678454550515738,0.09706892552502502,0.2546451265358156,-0.016002152710813268,0.2577442961885797,70.19819989548216,0.0,74.09148386662119
218,2023,9,-0.9379207480929809,1.3455385783803746,0.7610563125498132,1,15,74.09148386662119,0,2.1530790184459105,0.2018113814493265,0.2898757105966657,0.6111485834594343,0.014577874825431228,0.07722953435066052,0.27280529944621085,0.0034068321794080187,0.2546451265358156,70.90838556519313,0.0,76.78579396828887
218,2024,9,-0.9379207480929809,1.3455385783803746,0.7610563125498132,1,16,76.78579396828887,0,1.7410633896512906,0.08467298020858416,0.0692954591618409,0.49438740809273857,0.02009607745850266,0.048497443351667946,0.1979542151353896,-0.02322639550121136,0.27280529944621085,74.09148386662119,0.0,
219,2015,1,0.7356360210122403,-0.2862204256396545,0.5485338480285057,0,11,63.14817208656708,0,1.167679763353533,-0.02260693786400405,0.31398931728351204,0.587417888025175,0.06599254363658391,0.06452314893268438,0.0836638164764241,-0.03753685015393762,,,,64.33991968819329
219,2016,1,0.7356360210122403,-0.2862204256396545,0.5485338480285057,0,12,64.33991968819329,0,1.2291847121384512,0.07744771900585146,0.4282575762337506,0.5248730849983291,0.07336333462694611,0.04639043178772995,0.11146432188567856,-0.022228694575943505,0.0836638164764241,63.14817208656708,0.0,67.59845150723288
219,2017,1,0.7356360210122403,-0.2862204256396545,0.5485338480285057,0,13,67.59845150723288,0,1.0845655960994192,0.11528981104499747,0.23188790269848863,0.3196812098473126,0.04881725699074659,0.042573131669623135,0.10036261543453753,-0.02396077364843169,0.11146432188567856,64.33991968819329,0.0,70.30102997532187
219,2018,1,0.7356360210122403,-0.2862204256396545,0.5485338480285057,0,14,70.30102997532187,0,0.8636054917558941,0.05257239810564184,0.24330163637505942,0.5065689097316073,0.08566094528076339,0.06191685016349632,0.10522181547337514,-0.0010265579436592417,0.10036261543453753,67.59845150723288,0.0,69.96452856262862
219,2019,1,0.7356360210122403,-0.2862204256396545,0.5485338480285057,0,15,69.96452856262862,0,1.6932361939534053,0.1555761827557806,0.35828079435449106,0.415609264266327,0.04428515470655736,0.050255101551892,0.10646333679916956,-0.06973388358879651,0.10522181547337514,70.30102997532187,0.0,71.27403917499863
219,2020,1,0.7356360210122403,-0.2862204256396545,0.5485338480285057,0,16,71.27403917499863,1,1.0001932424391318,-0.045862952219403126,0.21181548220942,0.5470740993583861,0.03241555791810123,0.04192883926616117,0.14218155495043044,0.03796951632765217,0.10646333679916956,69.96452856262862,0.0,75.33331032215024
219,2021,1,0.7356360210122403,-0.2862204256396545,0.5485338480285057,0,17,75.33331032215024,0,1.7279972789260205,-0.04160071871953012,0.20874259426949804,0.3845833505341464,0.07267263099775614,0.0275977027259726,0.17899981239236865,0.02175056507102785,0.14218155495043044,71.27403917499863,1.0,74.37006363792992
219,2022,1,0.7356360210122403,-0.2862204256396545,0.5485338480285057,0,18,74.37006363792992,0,1.65779132097081,-0.050836295674295255,0.34572296266971075,0.41552560231275226,0.06541090248497375,0.05403558837787001,0.16744427756494848,0.0031954104996830355,0.17899981239236865,75.33331032215024,0.0,79.49167150784018
219,2023,1,0.7356360210122403,-0.2862204256396545,0.5485338480285057,0,19,79.49167150784018,1,1.8452183309624866,-0.009327503824591743,0.23436540874582346,0.3943819849090322,0.039570629100737734,0.04585718464236317,0.19364529109464493,0.01796577979342969,0.16744427756494848,74.37006363792992,0.0,79.33065797601905
219,2024,1,0.7356360210122403,-0.2862204256396545,0.5485338480285057,0,20,79.33065797601905,0,1.968096279426651,0.1446922636446087,0.35101313396394684,0.4454675497793841,0.06356439719392068,0.04479193190615976,0.22675751725160642,0.026089909438529114,0.19364529109464493,79.49167150784018,1.0,
220,2015,1,-0.48883705345147443,0.37099881912934335,-1.0349246397682812,0,29,54.48837865057855,0,1.1647976818219536,0.06594715572793068,0.2988644420906534,0.31484971605416884,0.020976424585686427,0.06758567519329951,0.16367055080077691,0.016737044025286255,,,,51.3939674132298
220,2016,1,-0.48883705345147443,0.37099881912934335,-1.0349246397682812,0,30,51.3939674132298,0,1.6383397009466893,0.09232362044126369,0.19137714200527117,0.28357890835119093,0.029334103509201633,0.04904203110205118,0.17613173291665732,-0.0009922002237701738,0.16367055080077691,54.48837865057855,0.0,49.810219483222255
220,2017,1,-0.48883705345147443,0.37099881912934335,-1.0349246397682812,0,31,49.810219483222255,0,1.568396530709262,0.178087865988514,0.4489939392086845,0.23432154935106536,0.023943930522798685,0.06159705528656537,0.20531347895096644,0.012426232010499298,0.17613173291665732,51.3939674132298,0.0,54.62430840626746
220,2018,1,-0.48883705345147443,0.37099881912934335,-1.0349246397682812,0,32,54.62430840626746,0,1.6747931050892442,-0.023198846825454977,0.21245916540157408,0.1809037820742144,0.0689655910112641,0.08088693122929247,0.19604984405875125,0.011670505066970557,0.20531347895096644,49.810219483222255,0.0,55.845536402242345
220,2019,1,-0.48883705345147443,0.37099881912934335,-1.0349246397682812,0,33,55.845536402242345,0,1.7082396084427596,-0.025457466950487728,0.4083292758997365,0.5695403536034965,0.03199952736554585,0.05291946540527776,0.1456357221509483,-0.03501872678535873,0.19604984405875125,54.62430840626746,0.0,58.119675012566134
220,2020,1,-0.48883705345147443,0.37099881912934335,-1.0349246397682812,0,34,58.119675012566134,0,1.706343689814119,0.013740194277951479,0.3756109551393662,0.3166311978234794,0.04008762343873404,0.048613774223902735,0.18310649742203325,-0.0020074821413398245,0.1456357221509483,55.845536402242345,0.0,56.657823173303115
220,2021,1,-0.48883705345147443,0.37099881912934335,-1.0349246397682812,0,35,56.657823173303115,0,2.171013383463139,0.16637201907264448,0.2796808276684725,0.5894308319941745,0.03261425212039997,0.044817143222118244,0.2628562628421697,0.040597713736239424,0.18310649742203325,58.119675012566134,0.0,62.54169888196317
220,2022,1,-0.48883705345147443,0.37099881912934335,-1.0349246397682812,0,36,62.54169888196317,0,1.8547233591926617,0.16886527070075108,0.2114307087758151,0.15296846047243323,0.015733028251698738,0.08669763610012407,0.24636884973125964,0.027172284774360407,0.2628562628421697,56.657823173303115,0.0,65.66970471707363
220,2023,1,-0.48883705345147443,0.37099881912934335,-1.0349246397682812,0,37,65.66970471707363,0,1.9502501157087824,0.19950610273372682,0.2726227647659287,0.3591399479449768,0.022709948132827642,0.028350073122221275,0.237674942491939,0.024059805935089384,0.24636884973125964,62.54169888196317,0.0,69.63903727438871
220,2024,1,-0.48883705345147443,0.37099881912934335,-1.0349246397682812,0,38,69.63903727438871,0,1.9544470120629014,0.14210554616118595,0.24686133215626802,0.34382596352163863,0.034531976131784804,0.033770624618229106,0.24349070075907506,0.032570381531390157,0.237674942491939,65.66970471707363,0.0,
221,2015,2,0.24834041120241315,-0.08783084416748821,1.1804048903002107,0,28,56.943386262509655,0,1.623013134472028,-0.16288758679703397,0.35128155431939884,0.584884661036839,0.02457004665664493,0.027061653477755493,0.1609315314483232,0.011593222101673566,,,,61.332697448720964
221,2016,2,0.24834041120241315,-0.08783084416748821,1.1804048903002107,0,29,61.332697448720964,0,1.6176044294352243,0.12281610234531967,0.37841801048008505,0.4656012283873867,0.05111042564490964,0.06261238856518754,0.17061398753467125,-0.01347963956919348,0.1609315314483232,56.943386262509655,0.0,61.63492412747924
221,2017,2,0.24834041120241315,-0.08783084416748821,1.1804048903002107,0,30,61.63492412747924,0,1.726240963478816,0.03912952825022845,0.2109641245765525,0.4140439192260844,0.02953791479122615,0.05641320528460826,0.15456950840128167,-0.025832402395271372,0.17061398753467125,61.332697448720964,0.0,63.92997666153232
221,2018,2,0.24834041120241315,-0.08783084416748821,1.1804048903002107,0,31,63.92997666153232,0,1.460732767396863,0.0044511891769510245,0.21467094668940556,0.4642426792641183,0.04338176291328302,0.044298227285133614,0.10292723713415357,-0.05316638388988444,0.15456950840128167,61.63492412747924,0.0,62.44130219854008
221,2019,2,0.24834041120241315,-0.08783084416748821,1.1804048903002107,0,32,62.44130219854008,0,0.7730034788035492,0.09013696444325232,0.28029560178324164,0.5380356094737447,0.032934888296158746,0.07378628070204504,0.16511831392066584,0.0437959469771361,0.10292723713415357,63.92997666153232,0.0,67.74213424112989
221,2020,2,0.24834041120241315,-0.08783084416748821,1.1804048903002107,0,33,67.74213424112989,0,1.6958100911542784,0.043810038528314776,0.45942298704549683,0.5483403776083376,0.015247804587998522,0.05241605540360121,0.16082291013136957,-0.025966908759733034,0.16511831392066584,62.44130219854008,0.0,71.83766593559363
221,2021,2,0.24834041120241315,-0.08783084416748821,1.1804048903002107,0,34,71.83766593559363,0,2.4232670841204156,-0.08628051141215812,0.2117412697560027,0.6513103849005364,0.024821004732401685,0.06421263451356124,0.22834794805392025,0.0073523770744499594,0.16082291013136957,67.74213424112989,0.0,72.12103318079633
221,2022,2,0.24834041120241315,-0.08783084416748821,1.1804048903002107,0,35,72.12103318079633,0,1.3984299421142923,0.13367721437483654,0.1948419320239221,0.5835933944850514,0.02583377859862302,0.04753246892840162,0.1413868388988419,-0.024521328823782815,0.22834794805392025,71.83766593559363,0.0,69.75680910691099
221,2023,2,0.24834041120241315,-0.08783084416748821,1.1804048903002107,0,36,69.75680910691099,0,1.1083317859064463,0.1768704232534172,0.25838899052884945,0.547235323240633,0.023580648773220705,0.056542982672484206,0.0873428235994486,-0.06440533552530368,0.1413868388988419,72.12103318079633,0.0,70.35694017540807
221,2024,2,0.24834041120241315,-0.08783084416748821,1.1804048903002107,0,37,70.35694017540807,0,2.1851615443848034,-0.06435553173345647,0.1900732353216393,0.7449018061038609,0.037428710604273226,0.028288220090622932,0.18234558119603433,-0.013349530345090123,0.0873428235994486,69.75680910691099,0.0,
222,2015,7,-1.1163063000853028,0.9288153865285442,-0.4368877155256637,0,34,47.95382686780221,0,0.6411807108059697,0.047018615593897875,0.29017333969251397,0.5515894426263483,0.03127778456316012,0.048844659716142706,0.16361325813369962,0.042671122897469195,,,,47.908235118632376
222,2016,7,-1.1163063000853028,0.9288153865285442,-0.4368877155256637,0,35,47.908235118632376,0,1.6839866939524426,0.09192626993464867,0.22558025630579664,0.23964039440991297,0.010166140511177243,0.09209208713491039,0.22141831028757142,0.008283984865174794,0.16361325813369962,47.95382686780221,0.0,48.29763242106317
222,2017,7,-1.1163063000853028,0.9288153865285442,-0.4368877155256637,0,36,48.29763242106317,0,1.3333177615304033,0.12012227455975147,0.20234640310332205,0.2874330127108108,0.00534875375609626,0.04721358111320156,0.1285722823426935,-0.05315758660593279,0.22141831028757142,47.908235118632376,0.0,50.39683624412926
222,2018,7,-1.1163063000853028,0.9288153865285442,-0.4368877155256637,0,37,50.39683624412926,0,2.150303028270432,-0.011317813141379529,0.2578318512846872,0.43138057017674664,-0.009041089694546891,0.044630977447175535,0.1561408826318086,-0.06942727324173913,0.1285722823426935,48.29763242106317,0.0,53.732837735458816
222,2019,7,-1.1163063000853028,0.9288153865285442,-0.4368877155256637,0,38,53.732837735458816,0,2.1442753067423053,0.13915777690377693,0.13008372530486143,0.4776626446646556,0.013064850564897965,0.06718055241154099,0.19745521152132356,-0.04082371460048888,0.1561408826318086,50.39683624412926,0.0,49.49507791351715
222,2020,7,-1.1163063000853028,0.9288153865285442,-0.4368877155256637,0,39,49.49507791351715,0,1.8021950782850493,0.1291462756517106,0.3216232809880702,0.191310767926527,0.021553088855346538,0.02555672688367705,0.2666581012827757,0.04834491387695319,0.19745521152132356,53.732837735458816,0.0,58.915206012278084
222,2021,7,-1.1163063000853028,0.9288153865285442,-0.4368877155256637,0,40,58.915206012278084,0,1.9518642126472054,-0.016412595229935573,0.11006899799329939,0.491355756937356,0.015772194148729005,0.04845984061907494,0.20982883265528735,-0.003928886433543022,0.2666581012827757,49.49507791351715,0.0,56.93605290651996
222,2022,7,-1.1163063000853028,0.9288153865285442,-0.4368877155256637,0,41,56.93605290651996,0,2.4794351903408316,0.21835874407171768,0.2619956735159508,0.42684955911397043,-0.020850722051334435,0.06038594683686583,0.3103699720867679,0.033841908879516235,0.20982883265528735,58.915206012278084,0.0,58.65612410482481
222,2023,7,-1.1163063000853028,0.9288153865285442,-0.4368877155256637,0,42,58.65612410482481,0,2.4525556351605173,0.11692299436953313,0.32978281640621104,0.31394993058209764,0.020824956229015125,0.05579322209754256,0.26292903357164144,-0.011977136050114722,0.3103699720867679,56.93605290651996,0.0,69.5961160487341
222,2024,7,-1.1163063000853028,0.9288153865285442,-0.4368877155256637,0,43,69.5961160487341,0,2.631083266161084,0.06840375261731085,0.11564776840177159,0.3817524801292544,0.027923195952312397,0.05301681229258166,0.32611072793268825,0.05236074694748374,0.26292903357164144,58.65612410482481,0.0,
223,2015,0,1.4908928249490643,1.476351549213669,0.02916297616044241,0,3,64.04634510721992,0,2.602310350633163,0.19621747873033613,0.34374145286517377,0.46286944386060547,0.07446507676338832,0.03880499680791361,0.2722124987310413,0.021388410873207794,,,,66.65787392571019
223,2016,0,1.4908928249490643,1.476351549213669,0.02916297616044241,0,4,66.65787392571019,0,2.0640626485109306,0.22317987010954837,0.3572325585749876,0.28341196335555185,0.05538314650272724,0.06539552458404733,0.22465828624702033,-0.006656324008729488,0.2722124987310413,64.04634510721992,0.0,69.63270687354738
223,2017,0,1.4908928249490643,1.476351549213669,0.02916297616044241,0,5,69.63270687354738,0,2.1304926892593703,0.26423761653156913,0.24581065533350305,0.39070194673942765,0.0803432555130229,0.08680163108753165,0.21793999561216926,-0.019532069222121813,0.22465828624702033,66.65787392571019,0.0,72.92602157832451
223,2018,0,1.4908928249490643,1.476351549213669,0.02916297616044241,0,6,72.92602157832451,0,2.3478314207379616,0.24220503038250057,0.27839440929217396,0.329001052851221,0.087743054070696,0.0939484706542998,0.22524195478001002,-0.03045105770328045,0.21793999561216926,69.63270687354738,0.0,74.18848708686292
223,2019,0,1.4908928249490643,1.476351549213669,0.02916297616044241,0,7,74.18848708686292,0,2.4800585962922357,0.35093658432444047,0.5729009304261282,0.45111620285108645,0.07230699937888199,0.08984838012345028,0.2525345640889132,-0.028991420517291734,0.22524195478001002,72.92602157832451,0.0,75.86060646327773
223,2020,0,1.4908928249490643,1.476351549213669,0.02916297616044241,0,8,75.86060646327773,0,1.901168597190193,0.3296908583485957,0.4934035086355688,0.48159505424875604,0.08301485731085109,0.10043310370878715,0.24375205728736926,0.003283103403884183,0.2525345640889132,74.18848708686292,0.0,86.77867889975091
223,2021,0,1.4908928249490643,1.476351549213669,0.02916297616044241,0,9,86.77867889975091,0,2.524994638840757,0.21218170629030034,0.4697124532831035,0.5213659277579591,0.07567930380233981,0.054687557045565216,0.2880777601058003,0.02412809584224486,0.24375205728736926,75.86060646327773,0.0,94.17563630869061
223,2022,0,1.4908928249490643,1.476351549213669,0.02916297616044241,0,10,94.17563630869061,1,1.5296290586785226,0.15687906294036763,0.4045864731102763,0.5649519393974409,0.09253536652629994,0.040807073305232026,0.2013165825178366,0.014895276294073785,0.2880777601058003,86.77867889975091,0.0,93.5549126172524
223,2023,0,1.4908928249490643,1.476351549213669,0.02916297616044241,0,11,93.5549126172524,0,2.7084621945717555,0.1001203881240618,0.22241844155758558,0.46245130702142934,0.09801034244301171,0.0754014672641942,0.22928726858288065,-0.03678465621559222,0.2013165825178366,94.17563630869061,1.0,95.43979568942041
223,2024,0,1.4908928249490643,1.476351549213669,0.02916297616044241,0,12,95.43979568942041,0,2.755711049693442,0.27197991954632783,0.1541348798668718,0.5258413304963458,0.0775513474251466,0.08167615525054174,0.24889936741764346,-0.03326064926343038,0.22928726858288065,93.5549126172524,0.0,
224,2015,7,0.5242244030905839,0.1838054910241214,-0.48953113471011594,0,35,69.01689140009817,0,1.628564774449217,0.09823839935920016,0.42608584675588895,0.2557321108132282,0.06667927922722676,0.06774958440719425,0.2083459983191745,0.005027497423925683,,,,72.44379028644703
224,2016,7,0.5242244030905839,0.1838054910241214,-0.48953113471011594,0,36,72.44379028644703,1,1.201810292644852,0.12788852497552594,0.34307203046295265,0.3449539067032522,0.059378365118512376,0.06693701962435163,0.1612306640860081,-0.013832526649003647,0.2083459983191745,69.01689140009817,0.0,74.51958397295897
224,2017,7,0.5242244030905839,0.1838054910241214,-0.48953113471011594,0,37,74.51958397295897,0,1.9929531769654087,0.2273781540932241,0.2253946527315608,0.43501401659743016,0.09569358144556306,0.06597512253195889,0.23281838303900912,0.001523531445836085,0.1612306640860081,72.44379028644703,1.0,78.29707882611184
224,2018,7,0.5242244030905839,0.1838054910241214,-0.48953113471011594,0,38,78.29707882611184,0,1.420429545138084,0.19108816657384414,0.29871174929225286,0.4268873454081293,0.07380923116437443,0.018713966831995617,0.18194506945682845,-0.001899261657873472,0.23281838303900912,74.51958397295897,0.0,79.17059414889846
224,2019,7,0.5242244030905839,0.1838054910241214,-0.48953113471011594,0,39,79.17059414889846,0,1.1118512897546502,0.05446527127010743,0.3062354864041882,0.34754912868032173,0.07738519468198429,0.06645211287489058,0.2006267069243799,0.036738944519790824,0.18194506945682845,78.29707882611184,0.0,84.25570263903765
224,2020,7,0.5242244030905839,0.1838054910241214,-0.48953113471011594,0,40,84.25570263903765,0,1.9816165868341915,-0.04266613905841134,0.45307191522008083,0.3944743959830145,0.03990477646683238,0.04861876657829206,0.1841992225711472,-0.03513406271462529,0.2006267069243799,79.17059414889846,0.0,92.81473780911391
224,2021,7,0.5242244030905839,0.1838054910241214,-0.48953113471011594,0,41,92.81473780911391,0,1.5700907357054186,0.03777341759431673,0.35730511772002066,0.394684144583826,0.09025441317304901,0.01909074602495589,0.23270282130345496,0.04586539891468913,0.1841992225711472,84.25570263903765,0.0,100.0
224,2022,7,0.5242244030905839,0.1838054910241214,-0.48953113471011594,0,42,100.0,0,1.8861037644151335,0.04841589789552813,0.36015348013081655,0.29215966541211724,0.01215082225118546,0.037646997139776726,0.2056136787836178,-0.013053538658927078,0.23270282130345496,92.81473780911391,0.0,100.0
224,2023,7,0.5242244030905839,0.1838054910241214,-0.48953113471011594,0,43,100.0,0,2.3334388513126685,0.11495684846152647,0.48641291956711197,0.4318369858145333,0.04945185727943292,0.04590823358596072,0.3012510982972532,0.04242300047197618,0.2056136787836178,100.0,0.0,100.0
224,2024,7,0.5242244030905839,0.1838054910241214,-0.48953113471011594,0,44,100.0,0,1.5502731361032922,0.15296705904567742,0.26444208267333535,0.34974880007406967,0.046740249198963975,0.04172315943039332,0.17474992156374217,-0.029200692669932773,0.3012510982972532,100.0,0.0,
225,2015,2,-2.069276134339615,-0.9695971260993722,1.268208454570375,0,17,44.218484752684034,0,0.28201245694498256,-0.09564674760022984,0.06396063765096159,0.5889540470537242,-0.045334319334620746,0.04784053753268459,0.024932627697404394,-0.01570710408915547,,,,45.10199908653628
225,2016,2,-2.069276134339615,-0.9695971260993722,1.268208454570375,0,18,45.10199908653628,0,0.6038660931479132,-0.10124618793619353,0.1141909476326056,0.6579539938990275,-0.027118052810734438,0.0385041428401537,0.0830388012014683,0.024247939909631422,0.024932627697404394,44.218484752684034,0.0,48.047800890447604
225,2017,2,-2.069276134339615,-0.9695971260993722,1.268208454570375,0,19,48.047800890447604,0,0.728776442991065,-0.08139898372883166,0.1187051927868542,0.7140888604134833,-0.0003158418364832584,0.01888240494826319,0.035747580776920584,-0.03094383266013498,0.0830388012014683,45.10199908653628,0.0,47.9417722722853
225,2018,2,-2.069276134339615,-0.9695971260993722,1.268208454570375,0,20,47.9417722722853,0,0.5901737858109127,-0.11289599782421993,0.15241407658700545,0.6303735137963032,-0.01589532664280368,0.03393270661313431,0.06650984666780249,0.006389831450336004,0.035747580776920584,48.047800890447604,0.0,47.60049826989945
225,2019,2,-2.069276134339615,-0.9695971260993722,1.268208454570375,0,21,47.60049826989945,0,1.1882367922217751,-0.0364259586458514,0.11775496343196813,0.7774665823276027,-0.010412798964628413,0.07316759449572578,0.08700661366386798,-0.027953024265923748,0.06650984666780249,47.9417722722853,0.0,40.85192776823299
225,2020,2,-2.069276134339615,-0.9695971260993722,1.268208454570375,0,22,40.85192776823299,0,0.5181336183164487,-0.22470180889439983,0.34403195281022636,0.7503662995876853,-0.021942121212376098,-0.004690316897872724,0.04353209730112168,-0.0026171966285482213,0.08700661366386798,47.60049826989945,0.0,44.39487821268442
225,2021,2,-2.069276134339615,-0.9695971260993722,1.268208454570375,0,23,44.39487821268442,0,0.7225113029237062,-0.1813390994119064,0.15011121442684547,0.790429950943039,-0.0331511236504126,0.008461926062974315,0.07507940643496726,0.016376435131118326,0.04353209730112168,40.85192776823299,0.0,43.85987953872094
225,2022,2,-2.069276134339615,-0.9695971260993722,1.268208454570375,0,24,43.85987953872094,0,0.5722895198921162,-0.21250869132121186,0.23507051188000927,0.4687345842423751,-0.024691907727934913,0.039957313629522116,0.05833701480486897,-0.0056248992650340226,0.07507940643496726,44.39487821268442,0.0,42.15944393959351
225,2023,2,-2.069276134339615,-0.9695971260993722,1.268208454570375,0,25,42.15944393959351,0,0.5025597490830044,-0.1189966137167604,0.16803422268950835,0.45905922807310245,-0.036629640664134995,0.016824755281470108,0.05044308301779042,-0.00857256707808258,0.05833701480486897,43.85987953872094,0.0,39.369000902239996
225,2024,2,-2.069276134339615,-0.9695971260993722,1.268208454570375,0,26,39.369000902239996,0,0.7369549316878194,-0.010400913028788178,0.27034561818864045,0.4594071913534526,-0.023861730870062103,0.0441632250141408,0.07695167776032386,-0.017202508598873963,0.05044308301779042,42.15944393959351,0.0,
226,2015,6,-0.19989035877512779,0.3673522766299295,-0.027576368169233707,0,33,65.09158709283301,0,1.8296360021597282,0.024588684726797733,0.30275390725018836,0.4609080220037408,0.05743381603542909,0.06921058171142855,0.20877411189724426,0.006484171639353775,,,,59.04565366668873
226,2016,6,-0.19989035877512779,0.3673522766299295,-0.027576368169233707,0,34,59.04565366668873,0,1.465881263145459,0.10061299096550762,0.2982055965021709,0.21225819802485577,0.03581039733766562,0.04921285920302904,0.1910140364471269,0.004660981257421055,0.20877411189724426,65.09158709283301,0.0,63.7079949798359
226,2017,6,-0.19989035877512779,0.3673522766299295,-0.027576368169233707,0,35,63.7079949798359,1,1.6334254538595752,0.029173851900998693,0.2792219430650175,0.2584866081398439,0.04815564144011595,0.05613918227944746,0.15039715827747907,-0.042800967246828706,0.1910140364471269,59.04565366668873,0.0,69.5612920916587
226,2018,6,-0.19989035877512779,0.3673522766299295,-0.027576368169233707,0,36,69.5612920916587,0,1.5378183401218548,0.0326764049913184,0.24075681675173777,0.5126625595814924,0.06090050643351219,0.06116833793307154,0.17194251540608754,-0.009639472155835186,0.15039715827747907,63.7079949798359,1.0,74.58945351753354
226,2019,6,-0.19989035877512779,0.3673522766299295,-0.027576368169233707,0,37,74.58945351753354,0,1.8903515845880021,0.13884777968173706,0.20625734143920776,0.5614804703390294,0.0448549586890985,0.03630348960764991,0.17515990682072521,-0.033011229310689345,0.17194251540608754,69.5612920916587,0.0,79.27912077123126
226,2020,6,-0.19989035877512779,0.3673522766299295,-0.027576368169233707,0,38,79.27912077123126,0,1.7917568974426208,0.11648225021714816,0.30707377179307116,0.30404305257934977,-0.007339568226682754,0.048816818783186465,0.19132373134627256,-0.020421484967066292,0.17515990682072521,74.58945351753354,0.0,78.61725365792867
226,2021,6,-0.19989035877512779,0.3673522766299295,-0.027576368169233707,0,39,78.61725365792867,0,2.2778342102911533,0.02429023417286666,0.34689154507094283,0.326481552441661,0.0062059081689303484,0.058952710230767924,0.2564716614425731,0.012728716474616243,0.19132373134627256,79.27912077123126,0.0,89.44958981139683
226,2022,6,-0.19989035877512779,0.3673522766299295,-0.027576368169233707,0,40,89.44958981139683,0,1.8637178736985094,0.038530172145700606,0.18952690899412156,0.4214031599581603,0.03525504395835556,0.008833506636614037,0.2164500617673203,0.016090855484156594,0.2564716614425731,78.61725365792867,0.0,93.54473536513085
226,2023,6,-0.19989035877512779,0.3673522766299295,-0.027576368169233707,0,41,93.54473536513085,0,1.920857084794469,0.17715090779584797,0.40752432327320975,0.5038560617097889,0.05074088125295109,0.02340837790238861,0.2219840631259077,-0.001868664778467278,0.2164500617673203,89.44958981139683,0.0,92.669913728713
226,2024,6,-0.19989035877512779,0.3673522766299295,-0.027576368169233707,0,42,92.669913728713,0,1.9123214361327592,0.1174622450766301,0.38371199476160484,0.5192330931587269,0.03624548441976482,0.05182598583225944,0.2048493593364012,-0.020548745265146565,0.2219840631259077,93.54473536513085,0.0,
227,2015,1,0.6790507249317512,0.4554088393203967,1.0082673862342835,0,18,63.51590655588186,0,2.052430252566811,0.10455620680581151,0.2718294215315592,0.5177725553967177,0.03797016474364151,0.03308627681225104,0.20020271695502648,0.0006853002915879417,,,,60.252420574659
227,2016,1,0.6790507249317512,0.4554088393203967,1.0082673862342835,0,19,60.252420574659,0,1.7790067974964021,0.14432021684206792,0.3013769010999567,0.4005799448497236,0.06996078180378915,0.04414311616959964,0.15031745237617639,-0.04253642010540863,0.20020271695502648,63.51590655588186,0.0,56.55394087386781
227,2017,1,0.6790507249317512,0.4554088393203967,1.0082673862342835,0,20,56.55394087386781,0,1.622612933042499,0.06685225911850408,0.3326832471782562,0.46217808825988643,0.0386970634780075,0.06614273541976826,0.1456427581938242,-0.03475433064535691,0.15031745237617639,60.252420574659,0.0,61.65692781619581
227,2018,1,0.6790507249317512,0.4554088393203967,1.0082673862342835,0,21,61.65692781619581,0,2.1717000580459276,0.13437475906711369,0.21996270416153738,0.6143176517794815,0.04712348171086216,0.05974744455997824,0.2162470335966128,-0.00033207914588216316,0.1456427581938242,56.55394087386781,0.0,66.59871948705539
227,2019,1,0.6790507249317512,0.4554088393203967,1.0082673862342835,0,22,66.59871948705539,0,2.54526855728131,0.2772003328356982,0.2585898916636966,0.6021504137797125,0.025246574525045886,0.07374611797216957,0.2205291000460736,-0.04117353204601489,0.2162470335966128,61.65692781619581,0.0,66.04840239933303
227,2020,1,0.6790507249317512,0.4554088393203967,1.0082673862342835,0,23,66.04840239933303,1,1.8433243289686163,0.1508147894377059,0.42927741366219396,0.6347014700942135,0.06846446593117947,0.07199006385435383,0.19915143749982236,-0.010070306990448082,0.2205291000460736,66.59871948705539,0.0,67.75951090711536
227,2021,1,0.6790507249317512,0.4554088393203967,1.0082673862342835,0,24,67.75951090711536,0,1.8335838554419266,0.11953484486344824,0.17266107436053807,0.5064878653468164,0.08922019299118605,0.06523294982220183,0.17258077082159692,-0.025637063272117403,0.19915143749982236,66.04840239933303,1.0,66.90331963285445
227,2022,1,0.6790507249317512,0.4554088393203967,1.0082673862342835,0,25,66.90331963285445,0,2.5166053390930827,0.12900033843488617,0.5338740326251794,0.5369702979564015,0.09045687649072713,0.059990507302093946,0.3069698934020699,0.049272608795989596,0.17258077082159692,67.75951090711536,0.0,63.99049914088841
227,2023,1,0.6790507249317512,0.4554088393203967,1.0082673862342835,0,26,63.99049914088841,0,1.9642205593404196,0.28385900875776504,0.4143118071928113,0.3342584708542517,0.033744512390779816,0.057407765845542955,0.25284337946286023,0.017624905412234753,0.3069698934020699,66.90331963285445,0.0,69.02564263537819
227,2024,1,0.6790507249317512,0.4554088393203967,1.0082673862342835,0,27,69.02564263537819,0,2.3355954161497143,0.18843100452082567,0.11581886418429582,0.6557644298265056,0.0546216978023598,0.008660684941035661,0.2033790411187909,-0.022337955728007054,0.25284337946286023,63.99049914088841,0.0,
228,2015,7,2.173355030149432,-1.646463713321837,0.6496732427496622,1,20,69.05585547916012,1,0.8539342830654472,-0.09782443136207258,0.6697898872789538,0.3873826971538567,0.09284876328321509,0.039600326413172515,0.1041515376278387,-0.022132769628304277,,,,69.01155808144593
228,2016,7,2.173355030149432,-1.646463713321837,0.6496732427496622,1,21,69.01155808144593,0,1.038407858094074,-0.1383046012468711,0.4842205276115883,0.36352635643396025,0.06720070454234117,-0.00019712740760468445,0.14430970738489662,0.022921886635313655,0.1041515376278387,69.05585547916012,1.0,77.54902933770195
228,2017,7,2.173355030149432,-1.646463713321837,0.6496732427496622,1,22,77.54902933770195,1,1.203827279668141,-0.08199673413734683,0.29700271157635305,0.47487380658076184,0.11548984308603691,0.012629783896265873,0.10249188345074461,-0.03149723471974892,0.14430970738489662,69.01155808144593,0.0,81.78992912424302
228,2018,7,2.173355030149432,-1.646463713321837,0.6496732427496622,1,23,81.78992912424302,0,1.2324108089653787,-0.007040627353034047,0.24651012223299681,0.36273085867595983,0.07767589785961115,0.022163798622178158,0.15173741954846348,0.008145214333806392,0.10249188345074461,77.54902933770195,1.0,82.12802640837323
228,2019,7,2.173355030149432,-1.646463713321837,0.6496732427496622,1,24,82.12802640837323,0,0.5808272128539211,-0.17029107985204642,0.4274673931932218,0.5195386332730859,0.05680200908836433,0.03143801130096838,0.10310720765267281,0.00900201088284214,0.15173741954846348,81.78992912424302,0.0,82.331059718566
228,2020,7,2.173355030149432,-1.646463713321837,0.6496732427496622,1,25,82.331059718566,1,1.6766466682231285,-0.04144452969966576,0.23170432216663878,0.3132160690134482,0.10742340484326166,0.01578079875033731,0.17880092534763362,0.0057659930727846295,0.10310720765267281,82.12802640837323,0.0,83.45474303408432
228,2021,7,2.173355030149432,-1.646463713321837,0.6496732427496622,1,26,83.45474303408432,0,1.320427244052224,-0.04024850200349041,0.5487081773247666,0.3432331991146559,0.08078387379506931,0.054346999714222015,0.18739551834585955,0.016131910756030887,0.17880092534763362,82.331059718566,1.0,85.30756346572336
228,2022,7,2.173355030149432,-1.646463713321837,0.6496732427496622,1,27,85.30756346572336,1,1.1848982956413956,0.05857599691110569,0.23914331543284315,0.45174944177255716,0.09128083940047972,0.04934849745983494,0.15336497634478025,-0.0031865349772544644,0.18739551834585955,83.45474303408432,0.0,91.87695319227059
228,2023,7,2.173355030149432,-1.646463713321837,0.6496732427496622,1,28,91.87695319227059,1,1.6775590312634667,-0.11910573846088497,0.5255305291128675,0.2894832991007326,0.09396136841596,0.03325346276230969,0.24590976915160503,0.05914672039249955,0.15336497634478025,85.30756346572336,1.0,97.07302130007405
228,2024,7,2.173355030149432,-1.646463713321837,0.6496732427496622,1,29,97.07302130007405,1,1.2169088786821682,-0.1028983263757545,0.3254978087182906,0.43123627587104296,0.09686513797330523,0.042343947696468785,0.14165461334587479,-0.010855661126344295,0.24590976915160503,91.87695319227059,1.0,
229,2015,8,0.038937778820543834,1.3274292422936873,0.8304593474859705,0,24,60.105192297415336,0,1.4988684112583852,0.18581085444897139,0.34233877254465245,0.3059862972844001,0.076787019728246,0.07897088209205944,0.23283780810892066,0.024087016532741447,,,,57.332834732766656
229,2016,8,0.038937778820543834,1.3274292422936873,0.8304593474859705,0,25,57.332834732766656,0,2.212265690144741,0.1095848366109671,0.32982342563289513,0.24715454113784163,0.03665302406755006,0.06543455095844687,0.27583145443939805,0.020402903087216435,0.23283780810892066,60.105192297415336,0.0,57.30280681538601
229,2017,8,0.038937778820543834,1.3274292422936873,0.8304593474859705,0,26,57.30280681538601,0,1.5643653752415794,0.20780346197904814,0.286296998263822,0.3912917414692163,0.025365912155691048,0.04116491086466423,0.21335338771249895,0.00310659566481816,0.27583145443939805,57.332834732766656,0.0,68.41116960624078
229,2018,8,0.038937778820543834,1.3274292422936873,0.8304593474859705,0,27,68.41116960624078,1,2.231332648859857,0.25709279033298266,0.4433189538158548,0.5489711532190547,0.03146026189752136,0.06246902418910245,0.21826917689447184,-0.048732776695036825,0.21335338771249895,57.30280681538601,0.0,68.14454312630372
229,2019,8,0.038937778820543834,1.3274292422936873,0.8304593474859705,0,28,68.14454312630372,0,1.7530214292464568,0.2341021314383175,0.23867723006391572,0.4276872752552855,0.043086445922564574,0.07294910885014948,0.18980168788738078,-0.04059730247752981,0.21826917689447184,68.41116960624078,1.0,70.80461965791059
229,2020,8,0.038937778820543834,1.3274292422936873,0.8304593474859705,0,29,70.80461965791059,0,1.9574007095951462,0.2693593532778314,0.2563722628876383,0.48267958981086323,0.007948940776549698,0.031699567401709705,0.2509315010787096,0.013435961612986576,0.18980168788738078,68.14454312630372,0.0,75.21869837203015
229,2021,8,0.038937778820543834,1.3274292422936873,0.8304593474859705,0,30,75.21869837203015,0,2.386160639218273,0.13230820512574162,0.24811230982442414,0.5527962936424371,0.06294281125511908,0.05872033958728831,0.29760419435513835,0.032571173889004414,0.2509315010787096,70.80461965791059,0.0,80.13856954228045
229,2022,8,0.038937778820543834,1.3274292422936873,0.8304593474859705,0,31,80.13856954228045,0,2.1997131134588463,0.1818285417056344,0.2521104321559213,0.40912524227123687,0.018300377228928494,0.11103579497786875,0.32132387400091567,0.048236042883657126,0.29760419435513835,75.21869837203015,0.0,80.94632626381755
229,2023,8,0.038937778820543834,1.3274292422936873,0.8304593474859705,0,32,80.94632626381755,0,2.03596765812569,0.08973751674473861,0.14053592180626953,0.4650665280043986,0.05927480322782479,0.07214752728904483,0.20028429500710695,-0.04240836357850142,0.32132387400091567,80.13856954228045,0.0,81.72379783924845
229,2024,8,0.038937778820543834,1.3274292422936873,0.8304593474859705,0,33,81.72379783924845,0,2.4545246450617473,0.28269187650174094,0.22113761384745517,0.6420042485597779,0.004082316146906767,0.06869547817168342,0.3379557534203458,0.05588670507776993,0.20028429500710695,80.94632626381755,0.0,
230,2015,6,0.8784700827928297,-1.7019279863292562,1.0008350515066613,1,10,70.1075042192753,0,0.38800719052956434,-0.005421056017031953,0.23208508967024882,0.4792852169940559,0.05866461820709551,-0.0022797694266500843,0.10980944486306679,0.037966185981028244,,,,74.11461881216775
230,2016,6,0.8784700827928297,-1.7019279863292562,1.0008350515066613,1,11,74.11461881216775,0,0.37813780122908697,-0.19155103330011242,0.14096161891493555,0.4435682843592022,0.04302055643034477,0.023828599850317468,0.031821206930665986,-0.02947328521900939,0.10980944486306679,70.1075042192753,0.0,81.55065274080529
230,2017,6,0.8784700827928297,-1.7019279863292562,1.0008350515066613,1,12,81.55065274080529,0,0.5383944653998186,-0.06654418164871613,0.23200507913357393,0.37912454136343476,0.08726843149090956,-0.006591782783613664,0.07792620351469241,0.000417998851073115,0.031821206930665986,74.11461881216775,0.0,82.86147187791825
230,2018,6,0.8784700827928297,-1.7019279863292562,1.0008350515066613,1,13,82.86147187791825,0,1.037094426950609,-0.1335406736315506,0.2533108197293419,0.4112560249136032,0.0717055109007056,0.02570978175203863,0.10440293325156894,-0.013199900762482902,0.07792620351469241,81.55065274080529,0.0,89.38398448284008
230,2019,6,0.8784700827928297,-1.7019279863292562,1.0008350515066613,1,14,89.38398448284008,0,0.9427609013714545,-0.09603714521934344,0.12870767368179836,0.4462702520288871,0.029486485146767577,0.004419843512438074,0.12268915598589512,0.01683827058552512,0.10440293325156894,82.86147187791825,0.0,88.38437489304343
230,2020,6,0.8784700827928297,-1.7019279863292562,1.0008350515066613,1,15,88.38437489304343,1,1.236567366704952,-0.13014277347437103,0.28672202608814706,0.6013944575638703,0.030142717585330995,0.04982824188203558,0.18219955279216002,0.04351792088227093,0.12268915598589512,89.38398448284008,0.0,87.66499408694406
230,2021,6,0.8784700827928297,-1.7019279863292562,1.0008350515066613,1,16,87.66499408694406,0,0.6063921978248958,-0.1489486837483396,0.5152648437298637,0.4104772991512574,0.04480707662474852,0.023489252222698626,0.12278009187464098,0.02116076132144458,0.18219955279216002,88.38437489304343,1.0,93.50542122344997
230,2022,6,0.8784700827928297,-1.7019279863292562,1.0008350515066613,1,17,93.50542122344997,1,1.0935641797777458,-0.030005516169642976,0.25997288171066335,0.5629292480001775,0.053095551991665824,-0.011765565615022889,0.1223329912073316,-0.0014414726662248824,0.12278009187464098,87.66499408694406,0.0,99.32199835306129
230,2023,6,0.8784700827928297,-1.7019279863292562,1.0008350515066613,1,18,99.32199835306129,0,1.078824566716918,-0.02341441129950972,0.27514986954022924,0.6157741172774661,0.0365228292393826,0.03176918066097054,0.1966169550910427,0.06280260121931792,0.1223329912073316,93.50542122344997,1.0,100.0
230,2024,6,0.8784700827928297,-1.7019279863292562,1.0008350515066613,1,19,100.0,1,0.6221886367604357,-0.18111260652804057,0.32918931569840715,0.4680293027064782,0.02809381096649828,0.03562997889105474,0.09000886024842673,-0.009052323490867724,0.1966169550910427,99.32199835306129,0.0,
231,2015,3,-0.29602844277940715,-0.25787931203469194,-0.34801209503972685,0,12,54.28154593080361,0,0.6653313008957507,0.011996749255343764,0.3653662212548213,0.3973542630976917,0.05041447900461021,0.06354200795434009,0.1286880374903773,0.012190735744987498,,,,52.070292945406116
231,2016,3,-0.29602844277940715,-0.25787931203469194,-0.34801209503972685,0,13,52.070292945406116,0,1.0282983940848303,0.10006382336005168,0.15370728155979516,0.5782659005989119,0.04124833642468653,0.05648699756153453,0.11514866722193942,-0.02237831816200905,0.1286880374903773,54.28154593080361,0.0,58.17569922758845
231,2017,3,-0.29602844277940715,-0.25787931203469194,-0.34801209503972685,0,14,58.17569922758845,0,1.481003022283383,-0.0037085187886043702,0.2519289846384844,0.4907338287617778,0.0534175490938668,0.04876524730364488,0.18794162873009862,0.022744788651288032,0.11514866722193942,52.070292945406116,0.0,61.408597946888015
231,2018,3,-0.29602844277940715,-0.25787931203469194,-0.34801209503972685,0,15,61.408597946888015,0,0.6349649263055602,0.02972445153797907,0.35318899057585224,0.4443304920973703,0.03164246457258511,0.034881543757423944,0.08590784386478832,-0.027307664374990378,0.18794162873009862,58.17569922758845,0.0,66.64680659336992
231,2019,3,-0.29602844277940715,-0.25787931203469194,-0.34801209503972685,0,16,66.64680659336992,0,1.2871169780616856,0.1862429065045478,0.2009641576621252,0.5621903847416571,0.03863335943135658,0.03409949451630888,0.13467694315745643,-0.025727691812423778,0.08590784386478832,61.408597946888015,0.0,68.88084029874814
231,2020,3,-0.29602844277940715,-0.25787931203469194,-0.34801209503972685,0,17,68.88084029874814,0,1.5930735498835755,-0.013215346926654235,0.47359163372675567,0.41321390744180797,0.03540841026283505,0.055531537577799835,0.2263313662509347,0.03960931362781672,0.13467694315745643,66.64680659336992,0.0,76.84265211065262
231,2021,3,-0.29602844277940715,-0.25787931203469194,-0.34801209503972685,0,18,76.84265211065262,0,1.6361150018249198,0.11547509085875739,0.40129582857721924,0.39795290408454204,0.03213121044038102,0.08321150091289525,0.1942778736221007,-0.013427504726357958,0.2263313662509347,68.88084029874814,0.0,80.3141167376651
231,2022,3,-0.29602844277940715,-0.25787931203469194,-0.34801209503972685,0,19,80.3141167376651,0,1.8950286996514811,0.046621554299102294,0.23151473452578486,0.5175785887614847,0.0089248465085782,0.00878154927625164,0.12444230337462656,-0.07088665684529488,0.1942778736221007,76.84265211065262,0.0,86.84761227989506
231,2023,3,-0.29602844277940715,-0.25787931203469194,-0.34801209503972685,0,20,86.84761227989506,0,0.911691754530752,-0.06418411764674271,0.33108222621803823,0.5446104267083947,0.04835215613823902,0.04104107485276504,0.16791118902482702,0.040752505309174014,0.12444230337462656,80.3141167376651,0.0,81.40634676993399
231,2024,3,-0.29602844277940715,-0.25787931203469194,-0.34801209503972685,0,21,81.40634676993399,0,1.781176554331147,0.0638527068082673,0.3371319111459183,0.4246049833264056,0.0366507445610815,0.0315493050563346,0.22977910451453584,0.029443582080799845,0.16791118902482702,86.84761227989506,0.0,
232,2015,0,1.2406208699911152,0.1720088409779279,-1.5577380704523047,0,34,66.8995687407873,1,1.8977326192093955,-0.022956732573785693,0.5754716249364102,0.2619367923044338,0.05475005964711727,0.038326522706581566,0.18763470861423187,0.005691598569452138,,,,70.1485351440728
232,2016,0,1.2406208699911152,0.1720088409779279,-1.5577380704523047,0,35,70.1485351440728,0,1.3422681810484582,0.15281157430127282,0.3655420317355153,0.2959302230344388,0.10077119999869603,0.0675798687040344,0.19893230915780244,0.040553019902918125,0.18763470861423187,66.8995687407873,1.0,69.76232303977659
232,2017,0,1.2406208699911152,0.1720088409779279,-1.5577380704523047,0,36,69.76232303977659,0,1.77743540488536,0.19315970975038207,0.48034354921048306,0.2608446273831247,0.08869927440624885,0.06191851067168341,0.1751895920402348,-0.02142041054684763,0.19893230915780244,70.1485351440728,0.0,72.68095740455769
232,2018,0,1.2406208699911152,0.1720088409779279,-1.5577380704523047,0,37,72.68095740455769,1,1.9444690839204462,0.14182929010677237,0.2750762360017544,0.2752937357983512,0.07742044911324764,0.03671692986888049,0.1553548128079213,-0.036025967240807276,0.1751895920402348,69.76232303977659,0.0,77.8132483510743
232,2019,0,1.2406208699911152,0.1720088409779279,-1.5577380704523047,0,38,77.8132483510743,1,1.7242875979923538,0.14983802594334075,0.3053888951096483,0.18937385777869203,0.10773552553655735,0.04962861358165675,0.22998827361713178,0.0475365715416893,0.1553548128079213,72.68095740455769,1.0,79.38204323234997
232,2020,0,1.2406208699911152,0.1720088409779279,-1.5577380704523047,0,39,79.38204323234997,0,1.7001763638071445,0.029281318213725385,0.1874028093587713,0.4163498211143529,0.09442497960924474,0.04113370953453069,0.15719421726726782,-0.007971208191649658,0.22998827361713178,77.8132483510743,1.0,78.35382494668661
232,2021,0,1.2406208699911152,0.1720088409779279,-1.5577380704523047,0,40,78.35382494668661,0,1.8136240043389484,0.11687451027182319,0.23625575402726773,0.22057936182267923,0.11532245373434069,0.05731318893372484,0.16947153981483276,-0.017611919505885195,0.15719421726726782,79.38204323234997,0.0,80.59039123583206
232,2022,0,1.2406208699911152,0.1720088409779279,-1.5577380704523047,0,41,80.59039123583206,0,2.550897930360709,0.006776618980723903,0.4301753987395788,0.2850221748198887,0.0793727996291061,0.018681729679243378,0.25262374428041895,0.02401676439339503,0.16947153981483276,78.35382494668661,0.0,79.17993566083749
232,2023,0,1.2406208699911152,0.1720088409779279,-1.5577380704523047,0,42,79.17993566083749,0,1.7912971787612348,0.0001456619084667099,0.5307283080971467,0.29908105413895847,0.07524839536282209,0.03570111069683342,0.1554760330482742,-0.030552649236480135,0.25262374428041895,80.59039123583206,0.0,79.61574298892114
232,2024,0,1.2406208699911152,0.1720088409779279,-1.5577380704523047,0,43,79.61574298892114,0,1.9641214823374646,0.09509383269215801,0.44503565233735426,0.3900803869522997,0.10640780797721218,0.046168211274396624,0.15208899097357015,-0.048528537667778655,0.1554760330482742,79.17993566083749,0.0,
233,2015,7,-1.661794441675482,-0.02957021152918907,-1.7868264654155361,1,18,54.48734544214839,0,1.2788368075792331,0.04764062252709861,0.2613509929422369,0.40223498673513636,0.05795774875802649,0.024646124620972633,0.1708002542352073,0.012123162525591587,,,,54.03100834193043
233,2016,7,-1.661794441675482,-0.02957021152918907,-1.7868264654155361,1,19,54.03100834193043,0,1.0474664183530602,-0.08071712459690933,0.31464129497025534,0.293795983875834,0.026595273829360187,0.04828012753866392,0.11769371710924084,-0.02719150851199151,0.1708002542352073,54.48734544214839,0.0,49.87387177793222
233,2017,7,-1.661794441675482,-0.02957021152918907,-1.7868264654155361,1,20,49.87387177793222,0,1.2191751929249872,-0.015235398998658757,0.3453657492400779,0.23575416625467496,0.026094043811510953,0.04029055669472685,0.15574855125694212,-0.005491196527304195,0.11769371710924084,54.03100834193043,0.0,46.31733034392744
233,2018,7,-1.661794441675482,-0.02957021152918907,-1.7868264654155361,1,21,46.31733034392744,0,0.7384783407120163,-0.032803938480947224,0.21652986567296575,0.20468385421096277,-0.0015281359313749528,0.043602584340187156,0.13908308027703356,0.013666057363303548,0.15574855125694212,49.87387177793222,0.0,52.998643611842056
233,2019,7,-1.661794441675482,-0.02957021152918907,-1.7868264654155361,1,22,52.998643611842056,0,1.1145144444041915,0.09001939726062612,0.32064930729701574,0.3681639619282106,0.046702482769556006,0.06897631073798854,0.17781440628332124,0.009908901825392141,0.13908308027703356,46.31733034392744,0.0,55.967819183356454
233,2020,7,-1.661794441675482,-0.02957021152918907,-1.7868264654155361,1,23,55.967819183356454,0,1.5199918507163694,-0.05156243977837499,0.401917425161009,0.41754300492596863,0.044105571503395224,0.04179625498576729,0.1941822599973639,0.010452229937018146,0.17781440628332124,52.998643611842056,0.0,59.81465651410817
233,2021,7,-1.661794441675482,-0.02957021152918907,-1.7868264654155361,1,24,59.81465651410817,0,1.4654131907491421,-0.05645461740764034,0.3293209160849931,0.2517239097414234,-0.0004227287701450838,0.04293038412887439,0.17580714776541054,-0.006013053253601803,0.1941822599973639,55.967819183356454,0.0,65.01742342196982
233,2022,7,-1.661794441675482,-0.02957021152918907,-1.7868264654155361,1,25,65.01742342196982,0,1.1731387491010186,0.07186499159423018,0.25189969948699736,0.4073350861922809,-0.004801703385092695,0.05861379521504468,0.1280911687800501,-0.04134710386338939,0.17580714776541054,59.81465651410817,0.0,64.32852618911693
233,2023,7,-1.661794441675482,-0.02957021152918907,-1.7868264654155361,1,26,64.32852618911693,0,1.0950365814426957,0.01735619672936122,0.22367927680786956,0.21202550724580377,0.0015510333431967699,0.0746317685929759,0.15656598800864838,-0.008858905523547043,0.1280911687800501,65.01742342196982,0.0,66.54153078593451
233,2024,7,-1.661794441675482,-0.02957021152918907,-1.7868264654155361,1,27,66.54153078593451,0,2.174875304480395,0.016425823804271385,0.24854747914314337,0.2908856866479584,0.06713028123120934,0.0501205452042025,0.2400517243554425,0.0032979570339110287,0.15656598800864838,64.32852618911693,0.0,
234,2015,4,-0.24942016576616066,-0.7483811009037353,-1.8257727568774933,0,10,60.339997321833955,0,1.248448788778553,-0.149043826372243,0.40997879155189626,0.37399740392683595,0.04498392675430145,0.0365765769501371,0.11262681339994467,-0.010735780697283996,,,,63.70232921748481
234,2016,4,-0.24942016576616066,-0.7483811009037353,-1.8257727568774933,0,11,63.70232921748481,0,0.5386022010762677,-0.05470499673392549,0.293607609549992,0.39715599743630053,0.07769218216897725,0.0431115642315974,0.1008364073926216,0.022332522721182194,0.11262681339994467,60.339997321833955,0.0,62.172810793756554
234,2017,4,-0.24942016576616066,-0.7483811009037353,-1.8257727568774933,0,12,62.172810793756554,0,0.6314278612911528,-0.0013151838968137597,0.5114490142828542,0.3042371990823906,0.07554023515004783,0.04302221715305836,0.0662975703967226,-0.032572119950242416,0.1008364073926216,63.70232921748481,0.0,63.9422016202773
234,2018,4,-0.24942016576616066,-0.7483811009037353,-1.8257727568774933,0,13,63.9422016202773,1,0.8682820077880725,0.03910256438341704,0.2723125262003777,0.28546046289386146,0.05923712223084104,0.04078489413521134,0.09323025001632423,-0.016495322285988073,0.0662975703967226,62.172810793756554,0.0,68.25534307975167
234,2019,4,-0.24942016576616066,-0.7483811009037353,-1.8257727568774933,0,14,68.25534307975167,0,1.365710584609367,-0.04454709958233431,0.49535227017656214,0.3200089634134706,0.05933102432502964,-0.011038687025592499,0.1269384885015529,-0.008541097530333334,0.09323025001632423,63.9422016202773,1.0,72.46102979469853
234,2020,4,-0.24942016576616066,-0.7483811009037353,-1.8257727568774933,0,15,72.46102979469853,0,1.032750199837339,-0.13244219838786175,0.4156121030991788,0.15449764506594565,0.049297187421969806,0.0442447949019492,0.17210298043039043,0.051439466670096114,0.1269384885015529,68.25534307975167,0.0,75.64930297374221
234,2021,4,-0.24942016576616066,-0.7483811009037353,-1.8257727568774933,0,16,75.64930297374221,0,1.0835509517744188,0.0754935796464835,0.300480449920739,0.2376704996462008,0.03598468081368407,0.016418734274485713,0.1366157356620938,0.00614694188412529,0.17210298043039043,72.46102979469853,0.0,85.74244582899192
234,2022,4,-0.24942016576616066,-0.7483811009037353,-1.8257727568774933,0,17,85.74244582899192,0,0.8580127940736921,0.051713821026652534,0.1652874739869483,0.2795365185075718,0.07258185541400196,0.04856678665041483,0.06463784447366375,-0.04992645235115254,0.1366157356620938,75.64930297374221,0.0,90.60369066737364
234,2023,4,-0.24942016576616066,-0.7483811009037353,-1.8257727568774933,0,18,90.60369066737364,0,0.8111296686735185,-0.14183984519484888,0.5538839685325601,0.2501924434160297,0.06382413661502545,0.01696832465666357,0.12260898766950404,0.02050083637872616,0.06463784447366375,85.74244582899192,0.0,91.48435641747295
234,2024,4,-0.24942016576616066,-0.7483811009037353,-1.8257727568774933,0,19,91.48435641747295,0,1.2048499877898606,-0.02144447004647187,0.5322827573356577,0.3680651536144038,0.0913946423934815,0.05327372722318778,0.1895540805897623,0.04235437239801957,0.12260898766950404,90.60369066737364,0.0,
235,2015,8,-0.006993614093386683,0.8289027817895592,1.0252529561560872,0,24,60.317078168688575,0,1.5884897645705711,0.17233638001132237,0.1809161728187681,0.3642811360915676,0.02889947713279259,0.06929859751631767,0.16274800753778856,-0.03950448198920034,,,,60.04989670975285
235,2016,8,-0.006993614093386683,0.8289027817895592,1.0252529561560872,0,25,60.04989670975285,0,1.8922333958470843,0.061693467681693634,0.20653744300380736,0.5106487072716245,0.025287259921689016,0.05844289190956446,0.18569466821462752,-0.027783153226499855,0.16274800753778856,60.317078168688575,0.0,65.33668941033726
235,2017,8,-0.006993614093386683,0.8289027817895592,1.0252529561560872,0,26,65.33668941033726,0,1.4001761683447527,0.0827603150409982,0.2610345725716554,0.26789596160683277,0.024686578170950286,0.07182295900778721,0.19133697636705604,-0.00043435021397750776,0.18569466821462752,60.04989670975285,0.0,66.31406084270078
235,2018,8,-0.006993614093386683,0.8289027817895592,1.0252529561560872,0,27,66.31406084270078,0,1.8863401563600017,0.03537200757775617,0.18690876935854586,0.4428366393324795,0.05168448161002856,0.0768328705427371,0.22868686744194058,0.009831759632729769,0.19133697636705604,65.33668941033726,0.0,73.44763857762226
235,2019,8,-0.006993614093386683,0.8289027817895592,1.0252529561560872,0,28,73.44763857762226,0,1.857040716609761,0.0654092128518508,0.27838981051789335,0.49194162801114333,0.04582324344319986,0.07048917577425252,0.27180258661508366,0.04957950615760188,0.22868686744194058,66.31406084270078,0.0,72.25676455651809
235,2020,8,-0.006993614093386683,0.8289027817895592,1.0252529561560872,0,29,72.25676455651809,0,1.6574892722022614,0.2744852595990993,0.18757672136691617,0.6623791894608024,0.051942969920742474,0.06857185758542225,0.17789878514465585,-0.041858130471595575,0.27180258661508366,73.44763857762226,0.0,72.28039842633285
235,2021,8,-0.006993614093386683,0.8289027817895592,1.0252529561560872,0,30,72.28039842633285,0,1.5400144573048744,0.11697634470944063,0.4212079904414889,0.6935531582807938,0.022169343111168027,0.061953533880249455,0.2321614340483794,0.02863380861647399,0.17789878514465585,72.25676455651809,0.0,71.1276418222345
235,2022,8,-0.006993614093386683,0.8289027817895592,1.0252529561560872,0,31,71.1276418222345,0,2.3409456799033648,0.23057041747945003,0.23650487292048047,0.48436317126626877,0.0393700917883876,0.06501919072538706,0.25416230938236134,-0.014855161528227238,0.2321614340483794,72.28039842633285,0.0,72.41374950262029
235,2023,8,-0.006993614093386683,0.8289027817895592,1.0252529561560872,0,32,72.41374950262029,0,1.6273848218337597,0.13024187929789086,0.15421105921953854,0.4243608043243974,0.03158023332406459,0.06737432878460639,0.24653975059724276,0.03448470859941291,0.25416230938236134,71.1276418222345,0.0,78.76994005508135
235,2024,8,-0.006993614093386683,0.8289027817895592,1.0252529561560872,0,33,78.76994005508135,0,2.3497511910856135,0.11790605375982104,0.20109139713034246,0.5112966662140647,0.023371862909246248,0.07212487201302256,0.23043833090428303,-0.03315897172374203,0.24653975059724276,72.41374950262029,0.0,
236,2015,0,-0.36906557881000557,0.3431886640521018,-1.3979122535345534,0,8,58.46276967084642,0,1.0641832617375282,0.1189949161086603,0.327761833368513,0.15884893565424066,0.04896457129382781,0.05525168351028521,0.1358066037890639,0.0036569227725778805,,,,55.83891675350301
236,2016,0,-0.36906557881000557,0.3431886640521018,-1.3979122535345534,0,9,55.83891675350301,0,1.521277910946154,-0.09131741756820833,0.41094440837869267,0.3759974153436669,0.03941846058651189,0.03206904395508077,0.13602761541509664,-0.00756920754609486,0.1358066037890639,58.46276967084642,0.0,55.76002851970659
236,2017,0,-0.36906557881000557,0.3431886640521018,-1.3979122535345534,0,10,55.76002851970659,0,1.911871037283783,0.036639116788520644,0.4154935700548155,0.5712830823403489,0.07008549252034607,0.07128516716586245,0.12861397622879128,-0.05859262805090384,0.13602761541509664,55.83891675350301,0.0,55.12423192163253
236,2018,0,-0.36906557881000557,0.3431886640521018,-1.3979122535345534,0,11,55.12423192163253,0,1.4767759464774288,-0.013739515639946853,0.2691571887492493,0.26496229965530727,0.05344227600666505,0.06584492888903613,0.109114905410875,-0.04373791364768552,0.12861397622879128,55.76002851970659,0.0,57.18673716182609
236,2019,0,-0.36906557881000557,0.3431886640521018,-1.3979122535345534,0,12,57.18673716182609,0,1.1616871168514722,0.016712772993544442,0.5210334355011934,0.37256415045150143,0.053899544202015565,0.057474171565368895,0.18828634343414477,0.0499347271429734,0.109114905410875,55.12423192163253,0.0,52.07748111027074
236,2020,0,-0.36906557881000557,0.3431886640521018,-1.3979122535345534,0,13,52.07748111027074,0,1.4806639864219684,0.0355977854438028,0.3627335931009305,0.3551713710621344,0.046121031180431794,0.047829404408022656,0.12642091651259824,-0.03200073601190148,0.18828634343414477,57.18673716182609,0.0,59.752787904685725
236,2021,0,-0.36906557881000557,0.3431886640521018,-1.3979122535345534,0,14,59.752787904685725,0,1.281003292780004,-0.05852049827095543,0.4026128758924616,0.5390332354739147,0.06798819105562424,0.0713929531363078,0.16328375623444827,0.02355663593994991,0.12642091651259824,52.07748111027074,0.0,60.18912672929794
236,2022,0,-0.36906557881000557,0.3431886640521018,-1.3979122535345534,0,15,60.18912672929794,0,1.5674338198153048,0.000672923678510226,0.4609192629085024,0.44934003694276675,0.03406142222667053,0.069992864640362,0.14508885070331695,-0.024751293285181667,0.16328375623444827,59.752787904685725,0.0,66.87073951520202
236,2023,0,-0.36906557881000557,0.3431886640521018,-1.3979122535345534,0,16,66.87073951520202,0,1.751433708114331,0.1454065819731186,0.4054901108192456,0.27722229870868503,0.044002618152700027,0.0371104217383128,0.1778173051431209,-0.009716170802433716,0.14508885070331695,60.18912672929794,0.0,75.12962011458808
236,2024,0,-0.36906557881000557,0.3431886640521018,-1.3979122535345534,0,17,75.12962011458808,0,1.2957643264994114,0.1275603916334706,0.30568627268069776,0.3119215720421503,0.055476393543044046,0.07592585000230062,0.16388113519041012,0.002627657082114617,0.1778173051431209,66.87073951520202,0.0,
237,2015,0,0.6272016027163644,0.7540212306156974,-0.23348774828046917,1,4,63.11884807051384,1,1.8080172338123055,0.043585705499574634,0.25017693248446293,0.32378428316304525,0.04832348842492141,0.08431853327186112,0.20834586774096428,0.0219976731497158,,,,65.88068085506889
237,2016,0,0.6272016027163644,0.7540212306156974,-0.23348774828046917,1,5,65.88068085506889,0,1.236847623122661,0.17467585204866154,0.23512118023330228,0.6224536205990482,0.04531951714704663,0.01541929538823568,0.14600557476538037,0.00746521067616426,0.20834586774096428,63.11884807051384,1.0,66.62951667415412
237,2017,0,0.6272016027163644,0.7540212306156974,-0.23348774828046917,1,6,66.62951667415412,0,1.6930128978776118,0.153721444470852,0.2833432357257938,0.4012364091246427,0.026902543016965173,0.046519455357622364,0.18179016619030453,0.001249005148987543,0.14600557476538037,65.88068085506889,0.0,60.16966901155149
237,2018,0,0.6272016027163644,0.7540212306156974,-0.23348774828046917,1,7,60.16966901155149,0,2.6885968863508816,0.06413206211011174,0.25699690397150265,0.43756931971425744,0.09300337561016228,0.0236213064337088,0.22624861612715552,-0.012673992875593808,0.18179016619030453,66.62951667415412,0.0,62.59186167183517
237,2019,0,0.6272016027163644,0.7540212306156974,-0.23348774828046917,1,8,62.59186167183517,0,1.5328156077682873,0.196169853581288,0.1411545127888535,0.3247010204066198,0.03437699742250101,0.06742110251901465,0.19759054384396915,0.01906264543810838,0.22624861612715552,60.16966901155149,0.0,60.96726296150264
237,2020,0,0.6272016027163644,0.7540212306156974,-0.23348774828046917,1,9,60.96726296150264,1,1.779155111485516,0.11350046824423579,0.21868020798878152,0.25083068861054486,0.009117130328812326,0.043165467700225765,0.20683989786561247,0.018807201333730712,0.19759054384396915,62.59186167183517,0.0,65.70631389732254
237,2021,0,0.6272016027163644,0.7540212306156974,-0.23348774828046917,1,10,65.70631389732254,0,1.5417021100820187,0.19892052542941024,0.4010662642731601,0.3122296718198121,0.06793354573060732,0.06676236809026184,0.2275240215799508,0.03767718610477347,0.20683989786561247,60.96726296150264,1.0,64.46486607423729
237,2022,0,0.6272016027163644,0.7540212306156974,-0.23348774828046917,1,11,64.46486607423729,0,1.6514813225488432,0.1760819650484255,0.27388674029965027,0.27850262217673716,0.05392109549493046,0.07022119902398377,0.21962090202260753,0.025127134704065985,0.2275240215799508,65.70631389732254,0.0,65.6222407654533
237,2023,0,0.6272016027163644,0.7540212306156974,-0.23348774828046917,1,12,65.6222407654533,0,2.433924110757486,0.2514566131241576,0.3438204023101418,0.4400458202399677,0.06587432333646442,0.07420012187528885,0.27404759371571424,0.017951288940365576,0.21962090202260753,64.46486607423729,0.0,61.24537726158814
237,2024,0,0.6272016027163644,0.7540212306156974,-0.23348774828046917,1,13,61.24537726158814,0,2.3871670238901332,0.21958397287750026,0.2050616112743804,0.5834262569030101,0.049082974562108445,0.0475516471699862,0.2547454668939206,0.014974226736933218,0.27404759371571424,65.6222407654533,0.0,
238,2015,5,-1.3463320490872803,0.6995720419803397,-1.5326623917775142,1,9,51.705160569872085,0,2.11243182179902,0.11533060901697206,0.4171623307952036,0.31916063789189647,0.03806677109531021,0.11155562270987823,0.23726398071644944,-0.002857386490178075,,,,47.82368196667035
238,2016,5,-1.3463320490872803,0.6995720419803397,-1.5326623917775142,1,10,47.82368196667035,0,1.1682747930444224,0.11266234626663324,0.22721368476427475,0.4258309970468295,0.05300056098325931,0.009090420369017103,0.15541818560899862,0.008618956410661944,0.23726398071644944,51.705160569872085,0.0,51.01329402926921
238,2017,5,-1.3463320490872803,0.6995720419803397,-1.5326623917775142,1,11,51.01329402926921,0,1.2577707012582244,0.0005094501238453175,0.3930089058002185,0.4224010475500154,0.03332235647252292,0.04928738458653114,0.18366148054410136,0.025763734213039517,0.15541818560899862,47.82368196667035,0.0,49.24989207243392
238,2018,5,-1.3463320490872803,0.6995720419803397,-1.5326623917775142,1,12,49.24989207243392,1,1.4933948894492481,0.21406521876261608,0.37121716697719853,0.3008017465447082,0.02042827665312112,0.05007395062707057,0.19383814128922122,-0.0001654829344625921,0.18366148054410136,51.01329402926921,0.0,49.99172465111634
238,2019,5,-1.3463320490872803,0.6995720419803397,-1.5326623917775142,1,13,49.99172465111634,0,1.6839775684763834,0.18196413876079254,0.2711942379604351,0.39449220950918856,0.024222538685833038,0.07663662870230574,0.1395013260875973,-0.0677138729022851,0.19383814128922122,49.24989207243392,1.0,51.09432691036423
238,2020,5,-1.3463320490872803,0.6995720419803397,-1.5326623917775142,1,14,51.09432691036423,0,1.4542858142285837,0.10551529114559617,0.2538466882746774,0.30237684292987566,0.03587220479880366,0.08092801130677235,0.19858583011855938,0.012046575670766094,0.1395013260875973,49.99172465111634,0.0,55.00337264669948
238,2021,5,-1.3463320490872803,0.6995720419803397,-1.5326623917775142,1,15,55.00337264669948,0,1.4802553640617924,0.09807360833702602,0.1323347004302263,0.26032919770208346,0.021517605574040977,0.08663624353980653,0.16151940811640395,-0.02716437770329722,0.19858583011855938,51.09432691036423,0.0,60.517283247437064
238,2022,5,-1.3463320490872803,0.6995720419803397,-1.5326623917775142,1,16,60.517283247437064,0,1.5657210709186393,0.005026690545832768,0.35617523064769957,0.2369567542967594,0.03542995527715358,0.08967716082817086,0.17780686885431715,-0.01853820635617959,0.16151940811640395,55.00337264669948,0.0,62.211087835627836
238,2023,5,-1.3463320490872803,0.6995720419803397,-1.5326623917775142,1,17,62.211087835627836,1,1.733159487641731,0.08636920289792172,0.31275952767731685,0.35590610041014337,-0.005563549549481541,0.047119827322966164,0.20047904023788432,-0.0018086491552610643,0.17780686885431715,60.517283247437064,0.0,68.6634643339614
238,2024,5,-1.3463320490872803,0.6995720419803397,-1.5326623917775142,1,18,68.6634643339614,0,2.232439386204926,-0.01703683013542638,0.14485965056435493,0.24181811927471739,0.008703142357800585,0.07094570553608011,0.20882149691367058,-0.024110898850322457,0.20047904023788432,62.211087835627836,1.0,
239,2015,5,0.7329697679791897,0.5210677558091061,-0.8139511465137778,0,6,58.44366492914115,0,2.2441399785819853,-0.0007070225855122791,0.3789798967085022,0.3956005743700101,0.026022429959161944,0.06543504211561751,0.2229532859928533,-0.010047322469049302,,,,61.86950435297823
239,2016,5,0.7329697679791897,0.5210677558091061,-0.8139511465137778,0,7,61.86950435297823,0,1.7711629075115192,0.21678564236646472,0.36370104475159104,0.22578786462877531,0.07345986267614478,0.06318584545103718,0.2125562989682387,-0.010255783123876271,0.2229532859928533,58.44366492914115,0.0,55.46279894959601
239,2017,5,0.7329697679791897,0.5210677558091061,-0.8139511465137778,0,8,55.46279894959601,0,1.883575715575211,0.22444295530922276,0.288391521363502,0.37992853406404875,0.0645960421323241,0.0563592665825068,0.19272763984967894,-0.03218326422355974,0.2125562989682387,61.86950435297823,0.0,60.754135854696216
239,2018,5,0.7329697679791897,0.5210677558091061,-0.8139511465137778,0,9,60.754135854696216,0,2.086565825003449,0.09687856046225195,0.3854295213480405,0.36175853928170537,0.05356682455947304,0.03357850636562856,0.25153388336031174,0.023191189254109748,0.19272763984967894,55.46279894959601,0.0,57.46424196620817
239,2019,5,0.7329697679791897,0.5210677558091061,-0.8139511465137778,0,10,57.46424196620817,0,1.296924804067706,0.08505728420521676,0.31885751575809307,0.38016396696050797,0.06570538240492171,0.07042949482441596,0.19881864727801218,0.017764792382063258,0.25153388336031174,60.754135854696216,0.0,61.311299005699155
239,2020,5,0.7329697679791897,0.5210677558091061,-0.8139511465137778,0,11,61.311299005699155,0,1.5724675031713324,0.027555888288520236,0.37773536164957794,0.5778957449134796,0.0681911628072935,0.04094872030441532,0.21152912999312007,0.024623949653101645,0.19881864727801218,57.46424196620817,0.0,70.09974121541676
239,2021,5,0.7329697679791897,0.5210677558091061,-0.8139511465137778,0,12,70.09974121541676,0,1.928637486795121,0.11279362659146067,0.47685233078149264,0.26895512642230024,0.05197347053707951,0.06156513209373558,0.29850473668472466,0.0650581604592898,0.21152912999312007,61.311299005699155,0.0,71.52469986308382
239,2022,5,0.7329697679791897,0.5210677558091061,-0.8139511465137778,0,13,71.52469986308382,0,2.032788406374283,0.07095091313021148,0.3522937353238255,0.2809469558153932,0.0706192057851597,0.03973885993057276,0.16178087136274572,-0.07026676559022145,0.29850473668472466,70.09974121541676,0.0,73.65548721017129
239,2023,5,0.7329697679791897,0.5210677558091061,-0.8139511465137778,0,14,73.65548721017129,0,2.305221205368705,0.17386200190161974,0.3863466140998019,0.2663033038861194,0.064881368124417,0.026611213448479873,0.272954860239645,0.019467853184477215,0.16178087136274572,71.52469986308382,0.0,79.02211085788691
239,2024,5,0.7329697679791897,0.5210677558091061,-0.8139511465137778,0,15,79.02211085788691,0,2.1663685437898215,0.21816436522983262,0.35212218839685216,0.45080664437085316,0.08565801984089672,0.061482502443442485,0.2405514659333254,-0.014931103112140999,0.272954860239645,73.65548721017129,0.0,
240,2015,0,-0.21880964947198367,0.7326982102560966,-1.5015628699524393,0,29,57.64517751935687,0,1.3326017434706041,0.08394528474589202,0.29221877385814155,0.5372507242668931,0.053875162539180996,0.054885074159290094,0.08238807097483529,-0.06006751113034621,,,,52.835123937823624
240,2016,0,-0.21880964947198367,0.7326982102560966,-1.5015628699524393,0,30,52.835123937823624,0,2.0111761188300608,0.010550489425887002,0.2748596398901317,0.32442123205417434,0.04003980646864586,0.047581338520152935,0.23775246608886083,0.052074202899451444,0.08238807097483529,57.64517751935687,0.0,54.43701225614747
240,2017,0,-0.21880964947198367,0.7326982102560966,-1.5015628699524393,0,31,54.43701225614747,0,1.9602647325359908,0.09007940715230932,0.27043840208789566,0.3493775030015941,0.07651160096615002,0.08479936156484408,0.20747802838787288,0.00500495048042868,0.23775246608886083,52.835123937823624,0.0,56.23747891301161
240,2018,0,-0.21880964947198367,0.7326982102560966,-1.5015628699524393,0,32,56.23747891301161,0,1.7025466773704379,0.10367400423154237,0.3218350891722904,0.35961254619636196,0.0770618075225114,0.09342732147031496,0.20467704678234153,0.01568515922637185,0.20747802838787288,54.43701225614747,0.0,56.72574295121776
240,2019,0,-0.21880964947198367,0.7326982102560966,-1.5015628699524393,0,33,56.72574295121776,0,1.3295704212217287,0.008588687463629369,0.4711748661173263,0.28679932830888993,0.042390131867567946,0.05399149861982412,0.15155248992962722,-0.002568917441583604,0.20467704678234153,56.23747891301161,0.0,51.24400787795433
240,2020,0,-0.21880964947198367,0.7326982102560966,-1.5015628699524393,0,34,51.24400787795433,0,1.944830436621979,0.17844443361235715,0.365805455332488,0.40041379762618795,0.04407717420219913,0.06611362539031837,0.15277955210314295,-0.05334497714942799,0.15155248992962722,56.72574295121776,0.0,55.899954081182536
240,2021,0,-0.21880964947198367,0.7326982102560966,-1.5015628699524393,0,35,55.899954081182536,0,2.010050079976627,0.18195901858217656,0.47679983775610496,0.39231155172255594,0.07427275866109448,0.04305464318712165,0.22319041665709471,0.012466893416532197,0.15277955210314295,51.24400787795433,0.0,57.60814384597795
240,2022,0,-0.21880964947198367,0.7326982102560966,-1.5015628699524393,0,36,57.60814384597795,0,1.739818895270064,0.04384773744829858,0.35926387023254314,0.32184657240013914,0.06512880915467212,0.030434429184475628,0.17835285729349917,-0.0008124787358216621,0.22319041665709471,55.899954081182536,0.0,53.33058926849476
240,2023,0,-0.21880964947198367,0.7326982102560966,-1.5015628699524393,0,37,53.33058926849476,0,2.7810021758537014,0.15950697239832762,0.173700276106154,0.33160291153268723,0.06179200480593604,0.05714137423827997,0.23819747063532373,-0.021428080541943527,0.17835285729349917,57.60814384597795,0.0,57.19684613344167
240,2024,0,-0.21880964947198367,0.7326982102560966,-1.5015628699524393,0,38,57.19684613344167,0,2.4987853974036347,0.10761082911983787,0.2541174912665283,0.23529340284606554,0.07816780975676944,0.08609238627802512,0.27902184639017075,0.028742212527217353,0.23819747063532373,53.33058926849476,0.0,
241,2015,9,-0.830700542193484,-0.38885939761947047,-0.8728833002588821,0,22,51.01492714415626,0,0.7417343906921963,-0.008329585084845702,0.3439100112796247,0.3184705878014235,0.03095151066114621,0.04554922190740579,0.17264054540907275,0.04731407420893856,,,,55.800695585482096
241,2016,9,-0.830700542193484,-0.38885939761947047,-0.8728833002588821,0,23,55.800695585482096,0,1.010260317678561,-0.026783833271238552,0.15609795158454548,0.3235503848624428,0.018525626642767364,0.06547472819756997,0.108411338014817,-0.035088306560012474,0.17264054540907275,51.01492714415626,0.0,54.813769059265596
241,2017,9,-0.830700542193484,-0.38885939761947047,-0.8728833002588821,0,24,54.813769059265596,0,0.7621132551717422,-0.04568518036431684,0.36610735175306147,0.4391796007723951,0.036425072004642775,0.061251369637773716,0.1374481022212179,0.00968674466187978,0.108411338014817,55.800695585482096,0.0,49.82730448251641
241,2018,9,-0.830700542193484,-0.38885939761947047,-0.8728833002588821,0,25,49.82730448251641,0,1.6758140570879898,-0.08370111196237481,0.15932861947485494,0.4795817855148886,-0.010922163753331743,0.03025883552893541,0.20554685159231403,0.029754123821603837,0.1374481022212179,54.813769059265596,0.0,52.70628617715352
241,2019,9,-0.830700542193484,-0.38885939761947047,-0.8728833002588821,0,26,52.70628617715352,0,1.0810059707629567,0.005262322670356532,0.32478565444631297,0.421761885499018,0.0022697366563543403,0.04106783721706983,0.14363917707921076,-0.00989052328674798,0.20554685159231403,49.82730448251641,0.0,56.58692876742136
241,2020,9,-0.830700542193484,-0.38885939761947047,-0.8728833002588821,0,27,56.58692876742136,0,0.9391030490883625,-0.10242120854587292,0.24999557692890606,0.47731015903228774,0.03585151623935171,0.02285383004120963,0.08944636531972902,-0.03710035379267631,0.14363917707921076,52.70628617715352,0.0,64.05509744418325
241,2021,9,-0.830700542193484,-0.38885939761947047,-0.8728833002588821,0,28,64.05509744418325,0,1.572689683116355,-0.04901040676105128,0.12113255784232695,0.5332902230648361,0.005284586842907241,0.052492885790740365,0.11714887401997007,-0.058157107198450485,0.08944636531972902,56.58692876742136,0.0,72.43837726960955
241,2022,9,-0.830700542193484,-0.38885939761947047,-0.8728833002588821,0,29,72.43837726960955,0,1.6727029485477145,0.012578715429627867,0.4060968624773725,0.47958819334413455,0.02244217540937667,0.026475814235198486,0.23186652375701103,0.03801438125016134,0.11714887401997007,64.05509744418325,0.0,75.46681455773911
241,2023,9,-0.830700542193484,-0.38885939761947047,-0.8728833002588821,0,30,75.46681455773911,0,1.6746159993516634,-0.06469801834887967,0.1494851762664483,0.2623170828947015,0.02481140673542473,0.03706621596025465,0.18438831450476878,-0.006182367633236048,0.23186652375701103,72.43837726960955,0.0,85.3254403990486
241,2024,9,-0.830700542193484,-0.38885939761947047,-0.8728833002588821,0,31,85.3254403990486,0,1.5257870559234075,-0.07009061969694519,0.41448395101913876,0.27490371018254506,0.014365658720737804,0.06898463780546768,0.17092937460218205,-0.02454673392047345,0.18438831450476878,75.46681455773911,0.0,
242,2015,3,-0.8286681540283379,-1.6727334358769665,-1.0759926487448281,0,34,53.940600405545865,0,0.736463189116713,-0.133674079722719,0.3425752785242276,0.45796321891680203,0.02732152843894957,-0.010653023185744064,0.13846271541695446,0.06001337017766511,,,,53.82645130524781
242,2016,3,-0.8286681540283379,-1.6727334358769665,-1.0759926487448281,0,35,53.82645130524781,0,-0.1313181005642538,-0.2872988473894533,0.21562256766419907,0.32129358303241184,0.07161580453083201,0.030175141782609445,-0.02900373659526893,-0.04423991553001825,0.13846271541695446,53.940600405545865,0.0,56.23727900559469
242,2017,3,-0.8286681540283379,-1.6727334358769665,-1.0759926487448281,0,36,56.23727900559469,0,0.19096873092842542,-0.12488866416712348,0.19997820531807442,0.3095820023267312,0.013421768742768292,0.0549610624939837,0.05480628252030838,0.004326569925620622,-0.02900373659526893,53.82645130524781,0.0,62.87926616702092
242,2018,3,-0.8286681540283379,-1.6727334358769665,-1.0759926487448281,0,37,62.87926616702092,0,0.7459664402453087,-0.18246818117570635,0.1830081747193321,0.5633232554794791,0.04702617599044902,0.0032775290339131305,0.0301309895256408,-0.0417649432911086,0.05480628252030838,56.23727900559469,0.0,64.1322400726351
242,2019,3,-0.8286681540283379,-1.6727334358769665,-1.0759926487448281,0,38,64.1322400726351,0,0.7550798110920584,0.09504471797815381,0.27020810150985913,0.28128665467052644,0.05964071977957687,-0.02169131879054898,0.07200733086371347,-0.02386219134663787,0.0301309895256408,62.87926616702092,0.0,67.76462199890999
242,2020,3,-0.8286681540283379,-1.6727334358769665,-1.0759926487448281,0,39,67.76462199890999,0,0.5492294436263061,-0.029013603525730763,0.31137687601985514,0.5617203631080988,0.013711131275705953,0.014081734070262456,0.03463678048837917,-0.0446054163473709,0.07200733086371347,64.1322400726351,0.0,73.51203688865755
242,2021,3,-0.8286681540283379,-1.6727334358769665,-1.0759926487448281,0,40,73.51203688865755,0,0.5437981109684589,-0.1213686058240855,0.43451976695361,0.540646628477241,-0.013163236927169045,0.01592898008590023,0.0551413298179714,-0.021600274285849597,0.03463678048837917,67.76462199890999,0.0,75.53836563588091
242,2022,3,-0.8286681540283379,-1.6727334358769665,-1.0759926487448281,0,41,75.53836563588091,0,1.0946924543084433,-0.24659841595049178,0.27501331681162083,0.24883591260202326,0.03141110557248759,0.027858479611885187,0.16558037975786982,0.05553709613143381,0.0551413298179714,73.51203688865755,0.0,77.97332236129401
242,2023,3,-0.8286681540283379,-1.6727334358769665,-1.0759926487448281,0,42,77.97332236129401,0,1.1757729061300153,-0.16615766839576276,0.16346965460179322,0.2786693164832695,0.017952070102122325,0.037292005227959044,0.14997658652269474,0.025630567009757,0.16558037975786982,75.53836563588091,0.0,80.00031462757269
242,2024,3,-0.8286681540283379,-1.6727334358769665,-1.0759926487448281,0,43,80.00031462757269,0,1.1154011428199826,-0.1303960523307908,0.27442188363557085,0.3776774762300098,0.030798481488456226,0.025820742209526223,0.13314748651201877,0.010428711342640212,0.14997658652269474,77.97332236129401,0.0,
243,2015,8,-1.1502107380692335,0.09777617947179224,-0.3560759891379261,1,23,51.94711371044316,0,0.7050365489263759,0.13588002239803748,0.35717226413858194,0.44356498148724216,0.02312347251602633,0.06896650016120648,0.13513773404917967,-0.005735259944814874,,,,50.84975185610418
243,2016,8,-1.1502107380692335,0.09777617947179224,-0.3560759891379261,1,24,50.84975185610418,0,1.3861024757310514,-0.02294150530547094,0.31024366986143664,0.460625517025102,0.005429340680637683,0.03415980623553987,0.08529315816939699,-0.08291752677259813,0.13513773404917967,51.94711371044316,0.0,48.00649798742216
243,2017,8,-1.1502107380692335,0.09777617947179224,-0.3560759891379261,1,25,48.00649798742216,0,1.0849051328205843,0.014213850550065514,0.22029370382557348,0.46464396476565883,0.04077505196859629,0.05046939193082268,0.1233566766486574,-0.0263429096623077,0.08529315816939699,50.84975185610418,0.0,52.32575801938574
243,2018,8,-1.1502107380692335,0.09777617947179224,-0.3560759891379261,1,26,52.32575801938574,0,0.7564674950902993,0.1538788473552548,0.24356550726174273,0.4342491605631868,-0.0043827209976741235,0.04028404440756178,0.13559512069184038,-0.0029399185507284794,0.1233566766486574,48.00649798742216,0.0,58.03301801544341
243,2019,8,-1.1502107380692335,0.09777617947179224,-0.3560759891379261,1,27,58.03301801544341,0,1.2639466400111208,0.1163059046819045,0.3789542804133952,0.563459619977816,0.05631251793733421,0.037616872984981224,0.23207625839238177,0.05760793480069432,0.13559512069184038,52.32575801938574,0.0,58.06936348441318
243,2020,8,-1.1502107380692335,0.09777617947179224,-0.3560759891379261,1,28,58.06936348441318,0,0.7865970640371488,0.0019103971207823506,0.33110220044012284,0.5860118651091106,0.033269671606093225,0.035872648443046114,0.16147560523940513,0.02710651006953382,0.23207625839238177,58.03301801544341,0.0,56.359096692379346
243,2021,8,-1.1502107380692335,0.09777617947179224,-0.3560759891379261,1,29,56.359096692379346,0,1.2773412182701323,-0.08964879175153635,0.40779395102263033,0.506192067447769,0.027794425224121948,0.05726513176052589,0.22176614112876805,0.05234167839705373,0.16147560523940513,58.06936348441318,0.0,54.93111056317013
243,2022,8,-1.1502107380692335,0.09777617947179224,-0.3560759891379261,1,30,54.93111056317013,0,2.2150784935311516,0.12989008383816358,0.36025309851384363,0.48541140622619877,0.010219242074798672,0.04781528506674736,0.23530001393533542,-0.015878299814617164,0.22176614112876805,56.359096692379346,0.0,62.80904276755756
243,2023,8,-1.1502107380692335,0.09777617947179224,-0.3560759891379261,1,31,62.80904276755756,0,1.3007324177403001,0.21364757979536259,0.2701494204754608,0.33713437341633407,0.01626735639754314,0.06363219666072702,0.17392711182614254,-0.024155721889319675,0.23530001393533542,54.93111056317013,0.0,69.93944618297053
243,2024,8,-1.1502107380692335,0.09777617947179224,-0.3560759891379261,1,32,69.93944618297053,0,1.977951044965335,0.07054297280181278,0.2946644208110545,0.33905470963296686,0.018065017119471727,0.030648390245945532,0.208004478719948,-0.01883994528737529,0.17392711182614254,62.80904276755756,0.0,
244,2015,1,-0.5052265288587537,-0.3915508226345057,0.40061834380560324,0,10,60.0417379113331,0,1.1489070521353322,-0.02066370333883315,0.3184586768862087,0.3988849943244339,0.02453701129558204,0.04152129613420042,0.11703470700087733,-0.007902506479352811,,,,59.678761575674784
244,2016,1,-0.5052265288587537,-0.3915508226345057,0.40061834380560324,0,11,59.678761575674784,0,1.2878331441280617,-0.02486621938707553,0.20180046269067062,0.4461399684273107,-0.011126942420614377,0.03802800937622513,0.1501650964827111,0.020659113506607277,0.11703470700087733,60.0417379113331,0.0,58.443522555887554
244,2017,1,-0.5052265288587537,-0.3915508226345057,0.40061834380560324,0,12,58.443522555887554,0,1.0824190336932475,0.006255125715676954,0.27730777341211243,0.5768719026199761,0.04602145401779672,0.02547258009395211,0.0892441600346421,-0.027778332050455042,0.1501650964827111,59.678761575674784,0.0,57.04009955283305
244,2018,1,-0.5052265288587537,-0.3915508226345057,0.40061834380560324,0,13,57.04009955283305,0,1.6495624570904648,-0.029332293312533505,0.5036497897748731,0.26858749909873764,0.035629956972608894,0.020326173221219063,0.1812964674419983,0.01608780866654387,0.0892441600346421,58.443522555887554,0.0,57.72005870261574
244,2019,1,-0.5052265288587537,-0.3915508226345057,0.40061834380560324,0,14,57.72005870261574,0,1.0751535178108784,-0.1050861694455893,0.16318095321632223,0.5627607607945103,0.03538418615009544,0.06835182640075736,0.11167908707787051,-0.0056956082385118114,0.1812964674419983,57.04009955283305,0.0,55.332700595728475
244,2020,1,-0.5052265288587537,-0.3915508226345057,0.40061834380560324,0,15,55.332700595728475,0,1.713976007512016,-0.04170139702751459,0.25430936103937546,0.4472488513312031,0.047156060741277664,0.05152002674354146,0.16064422932248953,-0.006162684614570246,0.11167908707787051,57.72005870261574,0.0,53.61749246337867
244,2021,1,-0.5052265288587537,-0.3915508226345057,0.40061834380560324,0,16,53.61749246337867,0,2.0884827089551004,-0.03419345086428012,0.30783607155202947,0.5180962936325983,-0.014286395410782415,0.04768980813921667,0.162898219518347,-0.033118270088056054,0.16064422932248953,55.332700595728475,0.0,59.04633818527276
244,2022,1,-0.5052265288587537,-0.3915508226345057,0.40061834380560324,0,17,59.04633818527276,0,1.6463880340401609,-0.10519493742118659,0.21915891046756505,0.6181126884007214,0.0024635439443739977,0.03844812859927182,0.17189954723158837,0.018105488742113873,0.162898219518347,53.61749246337867,0.0,62.16188740370182
244,2023,1,-0.5052265288587537,-0.3915508226345057,0.40061834380560324,0,18,62.16188740370182,0,1.4209044635388657,-0.006751602806406364,0.35679402966391466,0.5456544928570439,0.019679392191331777,0.04729861652613005,0.13779419298435283,-0.017071401050938833,0.17189954723158837,59.04633818527276,0.0,68.59374736948735
244,2024,1,-0.5052265288587537,-0.3915508226345057,0.40061834380560324,0,19,68.59374736948735,0,2.130867472914652,0.04174971994098175,0.2703737290425373,0.3548138539125911,-0.012339235169385447,0.049512104880116245,0.26688708389825605,0.0579606440985897,0.13779419298435283,62.16188740370182,0.0,
245,2015,2,0.2617077308555089,1.4336222406882333,0.7209315845170681,0,3,63.025023008098096,0,2.0465218438992583,0.17109691674000171,0.141314647151658,0.5376723957233673,0.02468093533144632,0.08279895150644156,0.20678891534683186,-0.010525584834932586,,,,64.26528823800626
245,2016,2,0.2617077308555089,1.4336222406882333,0.7209315845170681,0,4,64.26528823800626,0,2.699571268921633,0.16887734908686863,0.279011590486434,0.7020680598365729,0.013827137421805035,0.11760282819437219,0.24005209518079432,-0.036712171916593955,0.20678891534683186,63.025023008098096,0.0,65.29768333820242
245,2017,2,0.2617077308555089,1.4336222406882333,0.7209315845170681,0,5,65.29768333820242,0,2.1101667619624394,0.17614158378609934,0.2572860431448173,0.5717518687950383,0.06163499367882558,0.07776413403873558,0.24073679844728113,0.010099420314410744,0.24005209518079432,64.26528823800626,0.0,62.893508861904216
245,2018,2,0.2617077308555089,1.4336222406882333,0.7209315845170681,0,6,62.893508861904216,0,2.2299155691057653,0.1954821516440217,0.40494457823989566,0.29250130683469056,0.0361160915151516,0.06194660213822352,0.21371897207296284,-0.034331856270107826,0.24073679844728113,65.29768333820242,0.0,58.460718856713385
245,2019,2,0.2617077308555089,1.4336222406882333,0.7209315845170681,0,7,58.460718856713385,0,2.47708477807814,0.18748071492205196,0.2952342708730834,0.3864322313380062,0.06232455346438888,0.06027039379386431,0.2746893316737288,0.01579853569794149,0.21371897207296284,62.893508861904216,0.0,65.20135678740809
245,2020,2,0.2617077308555089,1.4336222406882333,0.7209315845170681,0,8,65.20135678740809,0,2.2227072825904965,0.24763421300829902,0.24867946467897173,0.43798037955088504,0.0449560181746993,0.09418227897420678,0.26801988412082917,0.014047589179828545,0.2746893316737288,58.460718856713385,0.0,73.75353035888801
245,2021,2,0.2617077308555089,1.4336222406882333,0.7209315845170681,0,9,73.75353035888801,0,1.950563798876828,0.232108971797548,0.5074375851181596,0.50406680220501,0.0606746210324082,0.07493353944313824,0.25953599148256284,0.021571795641225258,0.26801988412082917,65.20135678740809,0.0,77.61851563988435
245,2022,2,0.2617077308555089,1.4336222406882333,0.7209315845170681,0,10,77.61851563988435,0,1.8873988348086064,0.24136073031258382,0.3870253719234864,0.5456417723730783,0.06615051278836628,0.08821401259102524,0.23748885512575457,0.0044575292237289035,0.25953599148256284,73.75353035888801,0.0,76.19225899307017
245,2023,2,0.2617077308555089,1.4336222406882333,0.7209315845170681,0,11,76.19225899307017,0,2.0204741642556807,0.2804338721933209,0.20543992632870833,0.33987089315588537,0.025193493319612667,0.07818960135465024,0.2885141464073917,0.047965940929777885,0.23748885512575457,77.61851563988435,0.0,82.4904869464114
245,2024,2,0.2617077308555089,1.4336222406882333,0.7209315845170681,0,12,82.4904869464114,0,2.7805724673929926,0.35392196090759676,0.4660105054497229,0.5617596627837178,0.034981540621588265,0.061810394146921833,0.3355525350891547,0.03214120178534416,0.2885141464073917,76.19225899307017,0.0,
246,2015,9,1.3146216273788112,-0.1465201586302757,-1.7895440261999738,1,34,61.18232647503883,0,1.4502185067033553,-0.06470782099730149,0.27020306364754937,0.282576957031854,0.053453118658298375,0.06400061951996208,0.1963252452299727,0.011971860555690073,,,,66.91864894087297
246,2016,9,1.3146216273788112,-0.1465201586302757,-1.7895440261999738,1,35,66.91864894087297,0,1.378780557507272,0.13107670231784652,0.5945968357229227,0.25243748153905565,0.08107712440028944,0.05230748687483514,0.2247843329520164,0.017869509816645257,0.1963252452299727,61.18232647503883,0.0,71.54649428126847
246,2017,9,1.3146216273788112,-0.1465201586302757,-1.7895440261999738,1,36,71.54649428126847,0,1.607069121137221,0.258581820282377,0.37040151036493474,0.20644758638772026,0.12859147733250964,0.06245557558283903,0.20675409892102495,-0.023014917714089287,0.2247843329520164,66.91864894087297,0.0,73.45895764113851
246,2018,9,1.3146216273788112,-0.1465201586302757,-1.7895440261999738,1,37,73.45895764113851,0,1.524713374912886,0.19887572592113228,0.22861965549731303,0.37190264492830083,0.09526063680882542,0.0376243692867261,0.18387733333473555,-0.02236603237429406,0.20675409892102495,71.54649428126847,0.0,73.3496999223404
246,2019,9,1.3146216273788112,-0.1465201586302757,-1.7895440261999738,1,38,73.3496999223404,1,1.7963292053457776,0.12748518366207473,0.44209315336198124,0.21583021213923032,0.11755947161577278,0.06370375314474847,0.2143735685702747,-0.022007062306919647,0.18387733333473555,73.45895764113851,0.0,81.8115540225144
246,2020,9,1.3146216273788112,-0.1465201586302757,-1.7895440261999738,1,39,81.8115540225144,0,1.4102475906139051,0.028626781833829974,0.6132189352908409,0.1573588352492352,0.12870309094414933,0.06938801411743359,0.1963527285638348,-0.016004444553501546,0.2143735685702747,73.3496999223404,1.0,86.54752871711489
246,2021,9,1.3146216273788112,-0.1465201586302757,-1.7895440261999738,1,40,86.54752871711489,1,1.8581233821991714,0.0764407684949575,0.6475198066773588,0.21255943339738753,0.08581765210915156,0.04728818585608994,0.2512199290154405,0.008432171656023987,0.1963527285638348,81.8115540225144,0.0,91.70772770739876
246,2022,9,1.3146216273788112,-0.1465201586302757,-1.7895440261999738,1,41,91.70772770739876,0,2.0127675788070922,0.09843624696240007,0.2727985370453327,0.17866095933978987,0.07935928220543101,0.054922733687453346,0.23217890009139383,-0.015254838028570994,0.2512199290154405,86.54752871711489,1.0,94.4930470501333
246,2023,9,1.3146216273788112,-0.1465201586302757,-1.7895440261999738,1,42,94.4930470501333,0,1.5261443833982622,-0.041778433303304024,0.44595545827494915,0.18954586805668802,0.08021223005553241,0.05250745911666388,0.1201099126143543,-0.08838671552957378,0.23217890009139383,91.70772770739876,0.0,97.20942542107602
246,2024,9,1.3146216273788112,-0.1465201586302757,-1.7895440261999738,1,43,97.20942542107602,0,1.8164778680352456,0.09814862005581636,0.49173417094582583,0.2038633008067792,0.10505294364099861,0.05017798645407399,0.25477862974795634,0.017577780797618396,0.1201099126143543,94.4930470501333,0.0,
247,2015,1,-0.7823534499468328,-0.656199443061814,-0.7488028075235749,0,24,55.70219038587942,0,1.1370956955193239,-0.010942784009192092,0.34034234868710106,0.31310673164623903,-0.0005251471677784579,0.009221056683701184,0.10902654157434458,-0.006793314770553361,,,,51.654989678841716
247,2016,1,-0.7823534499468328,-0.656199443061814,-0.7488028075235749,0,25,51.654989678841716,0,1.251869160318025,-0.060596285329554016,0.3265382182583049,0.5282249058997824,0.022832172674518616,0.012650569158892264,0.11515145394994768,-0.0020279774546565553,0.10902654157434458,55.70219038587942,0.0,54.741099967404324
247,2017,1,-0.7823534499468328,-0.656199443061814,-0.7488028075235749,0,26,54.741099967404324,0,1.13864859988487,0.03665939969270085,0.5005342308146449,0.31232617489615416,0.016534869470514305,0.030488640833075516,0.07599771423296249,-0.05584362033373545,0.11515145394994768,51.654989678841716,0.0,50.18497559705256
247,2018,1,-0.7823534499468328,-0.656199443061814,-0.7488028075235749,0,27,50.18497559705256,0,1.3609855108368956,-0.02456258893414846,0.2259077967300278,0.2868213927365929,0.025908296706500057,0.03830507306257656,0.14312073761724992,0.008032909022322635,0.07599771423296249,54.741099967404324,0.0,50.54468827469826
247,2019,1,-0.7823534499468328,-0.656199443061814,-0.7488028075235749,0,28,50.54468827469826,0,0.8748399208195334,0.11428306852396082,0.16601278635334935,0.5250787768596148,0.04260351281459306,0.03293013501017507,0.14503533861180337,0.03783616521973363,0.14312073761724992,50.18497559705256,0.0,52.46022759301819
247,2020,1,-0.7823534499468328,-0.656199443061814,-0.7488028075235749,0,29,52.46022759301819,0,1.4676874799783817,0.08763341389076776,0.46724463968301316,0.40238967110433,0.031703902539379096,0.014951305264076047,0.2168856778989365,0.060502500499896895,0.14503533861180337,50.54468827469826,0.0,52.15521564706906
247,2021,1,-0.7823534499468328,-0.656199443061814,-0.7488028075235749,0,30,52.15521564706906,0,1.8200510623968273,-0.03604500884364162,0.23421354469183187,0.4466494722222187,0.01604026092963082,0.023134983346314947,0.10361665647019129,-0.06460033308221004,0.2168856778989365,52.46022759301819,0.0,50.09224649277571
247,2022,1,-0.7823534499468328,-0.656199443061814,-0.7488028075235749,0,31,50.09224649277571,0,1.8549712897898325,0.04713284195557495,0.343051780276418,0.45994309417816936,0.029561164543617194,0.021931748574846192,0.22975576785020113,0.05252713026753868,0.10361665647019129,52.15521564706906,0.0,50.025848116542804
247,2023,1,-0.7823534499468328,-0.656199443061814,-0.7488028075235749,0,32,50.025848116542804,0,0.9766549150841578,-0.007112350918630293,0.1350342343527166,0.4552893248090961,0.03733655148371072,0.03975389816457703,0.1263468919514306,0.01235167301847856,0.22975576785020113,50.09224649277571,0.0,55.29729703614525
247,2024,1,-0.7823534499468328,-0.656199443061814,-0.7488028075235749,0,33,55.29729703614525,0,1.2449501120947228,0.011456247853954458,0.25878285987649896,0.46769928304104713,0.025663617397829755,0.026321596117971465,0.14786256418481852,0.015294954035202063,0.1263468919514306,50.025848116542804,0.0,
248,2015,9,-0.9792263301342731,1.7683941508594376,0.7112849040809981,1,17,58.2267077997235,0,1.8022106857625493,0.2861000660830484,0.3369310397369688,0.5539888909280322,-0.02133390478120984,0.04875445768009166,0.21860482275747073,-0.010057581184450881,,,,64.74467933344354
248,2016,9,-0.9792263301342731,1.7683941508594376,0.7112849040809981,1,18,64.74467933344354,0,1.6737249440189204,0.35437563474248124,0.12447929248994402,0.6425149015045696,0.0007905580122416029,0.07049185161200225,0.2685977392056903,0.04338717947953792,0.21860482275747073,58.2267077997235,0.0,61.65707405677274
248,2017,9,-0.9792263301342731,1.7683941508594376,0.7112849040809981,1,19,61.65707405677274,0,2.3597672382883017,0.2509340685475596,0.23933000032689944,0.5735423799959727,0.01952059614084245,0.07309370502738691,0.2137733852995929,-0.06031147608347149,0.2685977392056903,64.74467933344354,0.0,66.67351254865711
248,2018,9,-0.9792263301342731,1.7683941508594376,0.7112849040809981,1,20,66.67351254865711,0,1.7480581462342517,0.08230506568162352,0.1504421214322945,0.525962605180704,0.009417786681893017,0.08868124720161333,0.20640743656245464,-0.01262225566060329,0.2137733852995929,61.65707405677274,0.0,68.2101418034049
248,2019,9,-0.9792263301342731,1.7683941508594376,0.7112849040809981,1,21,68.2101418034049,0,2.3120328658266196,0.17385681870341493,0.10687919977306243,0.5003043335734472,0.03377931160793881,0.0828691767321826,0.2845467557189924,0.020829889430745777,0.20640743656245464,66.67351254865711,0.0,74.49743139795387
248,2020,9,-0.9792263301342731,1.7683941508594376,0.7112849040809981,1,22,74.49743139795387,0,1.8899361091500018,0.20282407170354394,0.13130544697612373,0.5820496560916363,-0.010450379732781382,0.07555370992656803,0.21805680522107046,-0.019721653726789835,0.2845467557189924,68.2101418034049,0.0,80.82547201258136
248,2021,9,-0.9792263301342731,1.7683941508594376,0.7112849040809981,1,23,80.82547201258136,0,1.9203787175897564,0.25942040331024285,0.08286445618198525,0.6982967392802214,0.003064957851896149,0.09575705300281853,0.19364557056553894,-0.05004033430852755,0.21805680522107046,74.49743139795387,0.0,89.1861612253011
248,2022,9,-0.9792263301342731,1.7683941508594376,0.7112849040809981,1,24,89.1861612253011,0,2.5487339335979247,0.2561877841902555,0.08552794855669803,0.5573676790541197,-0.011238823793586252,0.07905019772594077,0.2707636501866268,-0.01559764876457171,0.19364557056553894,80.82547201258136,0.0,94.93141423973275
248,2023,9,-0.9792263301342731,1.7683941508594376,0.7112849040809981,1,25,94.93141423973275,0,2.0571000601201237,0.27269411447703,0.25181486896847066,0.7571600286850698,-0.012698252344247691,0.06757228348823476,0.22961938306086474,-0.026848511951516347,0.2707636501866268,89.1861612253011,0.0,93.54843162457277
248,2024,9,-0.9792263301342731,1.7683941508594376,0.7112849040809981,1,26,93.54843162457277,0,2.31924517495723,0.19950580300835882,0.08495699903590127,0.4918702283266326,0.029886489140481885,0.06973067097499687,0.2688848941748594,0.0005643937526655198,0.22961938306086474,94.93141423973275,0.0,
249,2015,3,-0.28015845957333013,-0.4876011686216368,-0.3260634783377162,0,6,57.60052484841727,0,1.058268666656316,0.10763223582947454,0.28744168409992443,0.5235177723851505,0.043084647545981895,0.054025249981672026,0.0923073870396161,-0.03887493551673685,,,,61.8704346889479
249,2016,3,-0.28015845957333013,-0.4876011686216368,-0.3260634783377162,0,7,61.8704346889479,0,0.7034203465303548,-0.08538263001192624,0.18905431337687206,0.4969659531333173,0.06527284856272993,0.04067387614598496,0.09316046293284225,0.00729932038800695,0.0923073870396161,57.60052484841727,0.0,61.997594630317224
249,2017,3,-0.28015845957333013,-0.4876011686216368,-0.3260634783377162,0,8,61.997594630317224,0,0.8616642443324041,0.13227428355688695,0.14068767530462584,0.39901070830920926,0.020987859825119325,0.06145545152595333,0.16234764864144202,0.043205182664841295,0.09316046293284225,61.8704346889479,0.0,67.16572301305682
249,2018,3,-0.28015845957333013,-0.4876011686216368,-0.3260634783377162,0,9,67.16572301305682,0,1.2272659089433626,-0.07215395447669304,0.12405518406515634,0.38403482182567955,0.0369675184055585,0.036542247751878004,0.15374627600677485,0.026964867964839757,0.16234764864144202,61.997594630317224,0.0,64.18988017054824
249,2019,3,-0.28015845957333013,-0.4876011686216368,-0.3260634783377162,0,10,64.18988017054824,1,1.5866309504480123,-0.08416899882395225,0.19098113676865752,0.34777660930506615,0.0202806789645644,0.05046619497541675,0.16540061696736957,0.0074682683569593025,0.15374627600677485,67.16572301305682,0.0,65.81464570582182
249,2020,3,-0.28015845957333013,-0.4876011686216368,-0.3260634783377162,0,11,65.81464570582182,0,1.1755794364968755,0.06856577079725154,0.137925690579553,0.3011610881347465,0.05088927285528259,0.04162376159757562,0.16151938849525058,0.022549257118665157,0.16540061696736957,64.18988017054824,1.0,69.32731360400955
249,2021,3,-0.28015845957333013,-0.4876011686216368,-0.3260634783377162,0,12,69.32731360400955,0,1.5388018353640625,-0.007663742911971286,0.26677024665608823,0.2840761516208035,0.017452229187970326,0.05499683520351036,0.12434167793183665,-0.04309386009003068,0.16151938849525058,65.81464570582182,0.0,75.64399085413066
249,2022,3,-0.28015845957333013,-0.4876011686216368,-0.3260634783377162,0,13,75.64399085413066,0,1.12592570146081,-0.018043502661982874,0.20223005389546736,0.36934634351265133,0.021606003873409774,0.03003394509786671,0.10444925263283496,-0.023470019239861317,0.12434167793183665,69.32731360400955,0.0,76.8312102928949
249,2023,3,-0.28015845957333013,-0.4876011686216368,-0.3260634783377162,0,14,76.8312102928949,0,1.9639024189041117,-0.10560516416329192,0.23691366388481086,0.45811223353051705,0.025812462553581432,0.011909744784269996,0.2106245992589024,0.034862742406060056,0.10444925263283496,75.64399085413066,0.0,75.76904114883435
249,2024,3,-0.28015845957333013,-0.4876011686216368,-0.3260634783377162,0,15,75.76904114883435,0,1.625950071076692,0.018820786514990223,0.4429214869192622,0.3245012709710006,0.05015222942963367,0.027794461037244617,0.1441574392446011,-0.03526459256356667,0.2106245992589024,76.8312102928949,0.0,
250,2015,4,-1.4967135061109917,0.9611804717580852,0.5690083629385074,0,11,49.66198603175819,0,1.7659804222229567,0.07310595023714406,0.08865404069820537,0.5604227757901239,0.020289829685977236,0.052561616469000455,0.12538865682294717,-0.06256010124006811,,,,42.175187381365795
250,2016,4,-1.4967135061109917,0.9611804717580852,0.5690083629385074,0,12,42.175187381365795,0,1.3978004772855308,0.16879526380982948,0.252777601018026,0.5833585826321906,0.023479447426456364,0.08945251538689233,0.23321238209164674,0.04885453182834511,0.12538865682294717,49.66198603175819,0.0,39.1353391343517
250,2017,4,-1.4967135061109917,0.9611804717580852,0.5690083629385074,0,13,39.1353391343517,0,2.0021494762970358,0.1465577098079298,0.2367190907917007,0.5414740471021511,0.01166744761228329,0.04736167335687439,0.25290264757413927,0.03262337343105508,0.23321238209164674,42.175187381365795,0.0,39.776163064966724
250,2018,4,-1.4967135061109917,0.9611804717580852,0.5690083629385074,0,14,39.776163064966724,0,1.623528207475708,0.20663038745832848,0.15484683817455502,0.4716960077525372,0.0036957872097258225,0.05098917430843835,0.1867735479475166,-0.012421648579294444,0.25290264757413927,39.1353391343517,0.0,43.982587489941345
250,2019,4,-1.4967135061109917,0.9611804717580852,0.5690083629385074,0,15,43.982587489941345,0,1.5751626058902877,0.17867019663860062,0.18970305972821155,0.5211355801527716,-0.011162389319844666,0.0647530807687639,0.16649813628415144,-0.029395689270317448,0.1867735479475166,39.776163064966724,0.0,46.32431404227662
250,2020,4,-1.4967135061109917,0.9611804717580852,0.5690083629385074,0,16,46.32431404227662,0,1.4235156025086608,0.25845982981448834,0.2668083166061262,0.34280304936619466,-0.030551905813215326,0.04598885326362353,0.1783375330255661,-0.014808482590865818,0.16649813628415144,43.982587489941345,0.0,49.81873997313242
250,2021,4,-1.4967135061109917,0.9611804717580852,0.5690083629385074,0,17,49.81873997313242,0,1.7179669609543018,0.10889693127860021,0.0987041513059897,0.4168776262088159,-0.026497542716558922,0.0709442754222639,0.18033746122931496,-0.02214006990188507,0.1783375330255661,46.32431404227662,0.0,51.81310452492815
250,2022,4,-1.4967135061109917,0.9611804717580852,0.5690083629385074,0,18,51.81310452492815,0,2.1187960279802107,0.11105830386350055,0.24193598849934203,0.5384837381047264,-0.0005922586196736939,0.041527822909690856,0.22596630869187928,-0.0018597777718822907,0.18033746122931496,49.81873997313242,0.0,53.63085988145437
250,2023,4,-1.4967135061109917,0.9611804717580852,0.5690083629385074,0,19,53.63085988145437,0,1.6552763812552138,0.19308762361765996,0.4085924483138541,0.44645210320146067,-0.005093934393734403,0.04758769559127568,0.22879278285959675,0.015780546785302114,0.22596630869187928,51.81310452492815,0.0,60.894773635293774
250,2024,4,-1.4967135061109917,0.9611804717580852,0.5690083629385074,0,20,60.894773635293774,0,1.8058011493703132,0.15461977098283952,0.16254830447539564,0.5771357902098342,-0.01884919710254016,0.06933921919292438,0.26058666919371354,0.0447848626752209,0.22879278285959675,53.63085988145437,0.0,
251,2015,8,0.529668883085455,0.7125213603497539,1.958800710043913,0,13,57.820456334441324,0,1.418068669803511,0.1664222611477254,0.12470025668991246,0.39353105454730386,0.018175316670302158,0.08324449362715926,0.2122885045480124,0.017609958715867305,,,,65.3747125340889
251,2016,8,0.529668883085455,0.7125213603497539,1.958800710043913,0,14,65.3747125340889,0,1.8103966652624297,0.04212729643461917,0.19119738524179394,0.5947654794160729,0.06588652980336043,0.0695893009627214,0.20336974463756363,-0.009244221721260557,0.2122885045480124,57.820456334441324,0.0,72.0725316511276
251,2017,8,0.529668883085455,0.7125213603497539,1.958800710043913,0,15,72.0725316511276,1,1.6588602798409735,0.21637495062050405,0.12711881706812395,0.5355804441955113,0.023002005737979225,0.05870148981028261,0.20893878658842838,-0.0031424344408002717,0.20336974463756363,65.3747125340889,0.0,71.48192970521266
251,2018,8,0.529668883085455,0.7125213603497539,1.958800710043913,0,16,71.48192970521266,0,1.4493039991982481,0.03422022367731917,0.12374414234028709,0.44564024912970646,0.02097619449623421,0.08193576562182857,0.18346254998654962,-0.008327736677595421,0.20893878658842838,72.0725316511276,1.0,69.86647738596751
251,2019,8,0.529668883085455,0.7125213603497539,1.958800710043913,0,17,69.86647738596751,0,1.8287855632453083,0.14997103937934061,0.21487609544853245,0.5658764478084467,0.05524702263602976,0.0623666442859411,0.18167406121189517,-0.04199404670744708,0.18346254998654962,71.48192970521266,0.0,75.54027722534401
251,2020,8,0.529668883085455,0.7125213603497539,1.958800710043913,0,18,75.54027722534401,0,1.8175601980179652,0.013915192782774144,0.14449912787165162,0.6619296501583121,0.056921585360524586,0.06950484816504471,0.21650602778072991,0.00544084564445167,0.18167406121189517,69.86647738596751,0.0,78.09395739705501
251,2021,8,0.529668883085455,0.7125213603497539,1.958800710043913,0,19,78.09395739705501,0,1.8210680432994986,0.22461973708655186,0.22241723648454853,0.41851210652309967,0.019708520404105763,0.048520568417444364,0.25016644863932674,0.01855149243571142,0.21650602778072991,75.54027722534401,0.0,84.46468196590506
251,2022,8,0.529668883085455,0.7125213603497539,1.958800710043913,0,20,84.46468196590506,0,2.1039786182168387,0.1436478453162529,0.3408383772054184,0.6229295786443984,0.012302472686980873,0.0676971013780775,0.1715467004159639,-0.08085304688713632,0.25016644863932674,78.09395739705501,0.0,92.95430129366835
251,2023,8,0.529668883085455,0.7125213603497539,1.958800710043913,0,21,92.95430129366835,0,1.9254666837838752,0.0883277721824362,0.18521666801385006,0.44621299027054373,0.015627727932020434,0.049890087167799434,0.2500470984482045,0.022405357727605078,0.1715467004159639,84.46468196590506,0.0,97.36905148358282
251,2024,8,0.529668883085455,0.7125213603497539,1.958800710043913,0,22,97.36905148358282,0,2.651784575499689,0.1370185806602059,0.2420882810006105,0.7650394025185835,0.01757178574449281,0.04494479690224196,0.2474109347382189,-0.03358659724244227,0.2500470984482045,92.95430129366835,0.0,
252,2015,2,-0.9547320754981345,0.1317989872443382,0.6211110429095057,0,30,47.106684453053354,0,1.364800784262198,-0.12010223114620484,0.18666631410946705,0.4322809063653024,0.011922582085658542,0.04506022049654708,0.09974174097062573,-0.03176335224287426,,,,48.91451319879281
252,2016,2,-0.9547320754981345,0.1317989872443382,0.6211110429095057,0,31,48.91451319879281,1,1.7903205593405067,0.15020971233612343,0.3051593507487756,0.6490418339891414,0.009736148955933336,0.059075988768182874,0.19870990727156818,0.013384886819817166,0.09974174097062573,47.106684453053354,0.0,46.46834774908852
252,2017,2,-0.9547320754981345,0.1317989872443382,0.6211110429095057,0,32,46.46834774908852,0,0.7155540229730778,0.08029159262278247,0.33933774441530246,0.483480382282028,0.004266278236700637,0.03171356694185018,0.14851955162758457,0.04132516899052121,0.19870990727156818,48.91451319879281,1.0,48.746247677263725
252,2018,2,-0.9547320754981345,0.1317989872443382,0.6211110429095057,0,33,48.746247677263725,0,1.3610962636812458,0.08816244493264516,0.1436310375674464,0.24563684278813608,0.010358977479736308,0.03612057576307645,0.15333658758988986,0.00267553562745732,0.14851955162758457,46.46834774908852,0.0,44.7467949322341
252,2019,2,-0.9547320754981345,0.1317989872443382,0.6211110429095057,0,34,44.7467949322341,0,1.550543714281729,0.14392071336327297,0.13353383556889376,0.6201093738109251,0.003054930727795116,0.07277266730061385,0.18426645710870843,0.013657543787990183,0.15333658758988986,48.746247677263725,0.0,50.85424654032636
252,2020,2,-0.9547320754981345,0.1317989872443382,0.6211110429095057,0,35,50.85424654032636,0,1.4303514208620323,-0.11827491980370815,0.14400513521256306,0.5793332534317598,0.0024481258937834325,0.05861537689031242,0.10632476609264538,-0.036132848494313204,0.18426645710870843,44.7467949322341,0.0,46.40378273000699
252,2021,2,-0.9547320754981345,0.1317989872443382,0.6211110429095057,0,36,46.40378273000699,0,1.2235026121116044,0.0020389943263401725,0.06957264130779671,0.657873535372729,0.0006879184726890607,0.054005282644633695,0.13356509891448134,0.003370500603971693,0.10632476609264538,50.85424654032636,0.0,45.07671195438451
252,2022,2,-0.9547320754981345,0.1317989872443382,0.6211110429095057,0,37,45.07671195438451,0,1.318311670222513,0.04046779084782849,0.2213417271204633,0.35402291908746375,0.00952311431315537,0.057737360782976116,0.11795029357086434,-0.03535611726368169,0.13356509891448134,46.40378273000699,0.0,49.06760804725356
252,2023,2,-0.9547320754981345,0.1317989872443382,0.6211110429095057,0,38,49.06760804725356,0,1.3945941209261294,0.16151308179825435,0.16822741353889595,0.45982752677393945,-0.004535103173751791,0.029134253098602764,0.16439627270313487,0.006560410366197642,0.11795029357086434,45.07671195438451,0.0,54.88146787751317
252,2024,2,-0.9547320754981345,0.1317989872443382,0.6211110429095057,0,39,54.88146787751317,0,1.9125673172389057,0.12344406732706992,0.16427710287245276,0.36801938251588945,-0.003684206187663153,0.07041343806914081,0.18747847536611384,-0.01739444216355147,0.16439627270313487,49.06760804725356,0.0,
253,2015,0,-2.0547815647944017,0.8613373559637661,-0.03540023399669367,0,32,50.44975808067945,0,1.586019369181923,0.18609460482734888,0.1857293298793032,0.5276194958545288,-0.006201286869677561,0.07706824531817888,0.181805249918213,0.00512720433411134,,,,42.00779983497885
253,2016,0,-2.0547815647944017,0.8613373559637661,-0.03540023399669367,0,33,42.00779983497885,0,1.3596732937200429,0.1694811126336237,0.2058076078897744,0.47571593077557733,0.033385795318090696,0.05529005551450422,0.09385278940304745,-0.0655262229782731,0.181805249918213,50.44975808067945,0.0,39.18944426224216
253,2017,0,-2.0547815647944017,0.8613373559637661,-0.03540023399669367,0,34,39.18944426224216,0,1.3125247007487992,0.08277024533261779,0.14300276965415848,0.5158200122285688,0.020573919687572988,0.06876959844295613,0.143636554639547,-0.004040657137323813,0.09385278940304745,42.00779983497885,0.0,40.622956431105095
253,2018,0,-2.0547815647944017,0.8613373559637661,-0.03540023399669367,0,35,40.622956431105095,0,1.4106324795300331,0.15699617756966894,0.295707872454269,0.5267713541109822,-0.02625893098636052,0.07703777630993994,0.19350860310918339,0.023605234763043187,0.143636554639547,39.18944426224216,0.0,36.275080186487
253,2019,0,-2.0547815647944017,0.8613373559637661,-0.03540023399669367,0,36,36.275080186487,0,1.6740483101547934,0.06822410412064706,0.3232460590981816,0.4087946740339081,-0.04398062126461905,0.03646768202766297,0.19781600596217863,0.019629618195544016,0.19350860310918339,40.622956431105095,0.0,38.954210364188114
253,2020,0,-2.0547815647944017,0.8613373559637661,-0.03540023399669367,0,37,38.954210364188114,0,1.2855646032260646,0.06076990876501063,0.15973043044967392,0.37813561084869896,0.005520936236811718,0.0317048503921253,0.14940502170158543,0.0040874341133173685,0.19781600596217863,36.275080186487,0.0,44.76749510535554
253,2021,0,-2.0547815647944017,0.8613373559637661,-0.03540023399669367,0,38,44.76749510535554,0,1.9439200230887237,0.04106092824322036,0.1332893557579698,0.6648984841425233,0.026627861892589887,0.08875365843965487,0.20463289214345026,0.008368926635617741,0.14940502170158543,38.954210364188114,0.0,45.014459555842315
253,2022,0,-2.0547815647944017,0.8613373559637661,-0.03540023399669367,0,39,45.014459555842315,0,0.9740658138344334,0.03784575666783138,0.15359599392421497,0.7577124649205498,-0.010712928761487052,0.04614706736279059,0.14224663453594394,0.021940061344465366,0.20463289214345026,44.76749510535554,0.0,58.421405883653605
253,2023,0,-2.0547815647944017,0.8613373559637661,-0.03540023399669367,0,40,58.421405883653605,0,1.2403662782229148,0.053360582688747174,0.25496399271033426,0.5922943201078684,-0.04807208719938698,0.05706267660209809,0.15339145521096478,0.0054277598878033516,0.14224663453594394,45.014459555842315,0.0,58.452516812322415
253,2024,0,-2.0547815647944017,0.8613373559637661,-0.03540023399669367,0,41,58.452516812322415,0,2.7143944325707507,0.19757493577177582,0.17867973393385564,0.46437957612311137,-0.013136514401145539,0.09429172178313738,0.27020674881019674,-0.0013402592483539933,0.15339145521096478,58.421405883653605,0.0,
254,2015,5,-0.094557516562536,-0.24082010410236307,-0.20273871638545385,0,28,60.86366143037683,0,0.9611860996730898,0.04957408675129629,0.25063506394087237,0.22365651526814662,0.05430251960810071,0.0712434708351873,0.14715027900214997,0.006636278908317851,,,,59.27156333695885
254,2016,5,-0.094557516562536,-0.24082010410236307,-0.20273871638545385,0,29,59.27156333695885,1,1.3491898342624713,-0.005199778749187305,0.20781847219168345,0.4878436544338146,0.06860515212366725,0.03320112079166067,0.16135379570919392,0.010841004067780912,0.14715027900214997,60.86366143037683,0.0,57.01391236457191
254,2017,5,-0.094557516562536,-0.24082010410236307,-0.20273871638545385,0,30,57.01391236457191,0,1.1846315017920253,-0.029735451722359023,0.45391784812880326,0.3689927139191899,0.044001172526004814,0.03403303838753764,0.14935049806865677,-0.0002442940456978111,0.16135379570919392,59.27156333695885,1.0,55.68307188982425
254,2018,5,-0.094557516562536,-0.24082010410236307,-0.20273871638545385,0,31,55.68307188982425,0,1.1889279147610654,0.11447827681121012,0.24990574812084287,0.3146669506061847,0.03575543982329829,0.051398546413814944,0.16259132608195515,0.0034683637517696013,0.14935049806865677,57.01391236457191,0.0,58.318590392397226
254,2019,5,-0.094557516562536,-0.24082010410236307,-0.20273871638545385,0,32,58.318590392397226,0,1.0068469637059636,0.0478944130057217,0.43852909027063464,0.21820361093819746,0.022048344966498424,0.02339329028700013,0.12668185192447315,-0.018062031207008156,0.16259132608195515,55.68307188982425,0.0,60.89137897677614
254,2020,5,-0.094557516562536,-0.24082010410236307,-0.20273871638545385,0,33,60.89137897677614,0,1.2682837873431845,0.027107331492545933,0.2595951328267165,0.6463084461449987,0.03612733407042586,0.02163735562052976,0.13126514796594274,-0.015591009593596225,0.12668185192447315,58.318590392397226,0.0,69.9683652942139
254,2021,5,-0.094557516562536,-0.24082010410236307,-0.20273871638545385,0,34,69.9683652942139,0,1.7775427820138852,0.16511213760765805,0.12764109387328906,0.4123314884785301,0.018107006447917292,0.026924761916354473,0.2290374309634056,0.03421307063416654,0.13126514796594274,60.89137897677614,0.0,76.65343627419084
254,2022,5,-0.094557516562536,-0.24082010410236307,-0.20273871638545385,0,35,76.65343627419084,0,1.5561788589027492,0.062045467977141756,0.7142336856579742,0.299710070477561,0.01423006148486114,0.03486512200796217,0.16373407508708743,-0.03667104936454577,0.2290374309634056,69.9683652942139,0.0,79.82170085856458
254,2023,5,-0.094557516562536,-0.24082010410236307,-0.20273871638545385,0,36,79.82170085856458,0,1.4601536651478941,0.03394570285092373,0.20142116747386118,0.5042576849544504,0.028983150000830557,0.04861776377159062,0.19584584188753038,0.02402276843026793,0.16373407508708743,76.65343627419084,0.0,74.96953612016809
254,2024,5,-0.094557516562536,-0.24082010410236307,-0.20273871638545385,0,37,74.96953612016809,0,1.7214992468286132,0.011563085792903945,0.4148584325948492,0.33405172221695967,0.043533385997027114,0.04759385079465935,0.15453076229039925,-0.04633022906699277,0.19584584188753038,79.82170085856458,0.0,
255,2015,1,0.5211876582901622,0.037406855470684806,-0.9110703848563203,1,25,53.51300417121565,0,1.538047259765152,-0.06361383666061955,0.3821476424442115,0.48697572024143054,0.054306620594579275,0.002231102515540047,0.15819327963104604,0.014984763477376926,,,,55.153699331991646
255,2016,1,0.5211876582901622,0.037406855470684806,-0.9110703848563203,1,26,55.153699331991646,0,1.3695354658961798,0.1277700268030168,0.29400673575507763,0.11892906717133311,0.08034382106657467,0.06063797225866546,0.1753493733469129,0.010272640155151586,0.15819327963104604,53.51300417121565,0.0,58.14499253765789
255,2017,1,0.5211876582901622,0.037406855470684806,-0.9110703848563203,1,27,58.14499253765789,0,1.0429294878175988,0.1533714423893615,0.22169876296808952,0.5662429258498685,0.05066572067906992,0.05742108741127409,0.11475248746937344,-0.019660084687260153,0.1753493733469129,55.153699331991646,0.0,55.54963845674455
255,2018,1,0.5211876582901622,0.037406855470684806,-0.9110703848563203,1,28,55.54963845674455,0,1.996597336666449,0.08501938602063418,0.2734616762998608,0.4932663072783447,0.07775697943691065,0.015756954204293093,0.1678641860334549,-0.02060037077252355,0.11475248746937344,58.14499253765789,0.0,52.654326906243384
255,2019,1,0.5211876582901622,0.037406855470684806,-0.9110703848563203,1,29,52.654326906243384,0,1.6188662099277935,0.01856868414325691,0.24837521442078858,0.2571318032955035,0.04554209742773088,0.052265185306169644,0.18136492902104062,0.009697156218473238,0.1678641860334549,55.54963845674455,0.0,50.693157867579785
255,2020,1,0.5211876582901622,0.037406855470684806,-0.9110703848563203,1,30,50.693157867579785,0,2.1397163050203716,0.11634816743035084,0.36635228980551526,0.28024475033463847,0.10321734590640957,0.08050630830458805,0.20211296667304005,-0.025028922918502557,0.18136492902104062,52.654326906243384,0.0,47.71675606141083
255,2021,1,0.5211876582901622,0.037406855470684806,-0.9110703848563203,1,31,47.71675606141083,0,1.978291807460457,0.03956114254543237,0.39381806707776273,0.38846014586558225,0.0870862844033778,0.04124581012980051,0.16096875937377855,-0.04082408034479167,0.20211296667304005,50.693157867579785,0.0,54.000826345236895
255,2022,1,0.5211876582901622,0.037406855470684806,-0.9110703848563203,1,32,54.000826345236895,0,1.8603256960807004,0.03606245477988041,0.40885164934459556,0.4055590821843641,0.05512371929200492,0.028466602477715847,0.18561785538093206,-0.004494084468786232,0.16096875937377855,47.71675606141083,0.0,51.31835703181166
255,2023,1,0.5211876582901622,0.037406855470684806,-0.9110703848563203,1,33,51.31835703181166,0,2.2687962768808143,0.05848450742367676,0.3826439944243799,0.2830402951055289,0.0860293340209127,0.05160781960755798,0.2149709160604922,-0.013888886938844346,0.18561785538093206,54.000826345236895,0.0,52.22849249486111
255,2024,1,0.5211876582901622,0.037406855470684806,-0.9110703848563203,1,34,52.22849249486111,0,2.693826183356505,-0.02294748865055536,0.39479204052158745,0.35673769356839824,0.06008046609181831,0.031297818891702536,0.2275479280237402,-0.02141125412353584,0.2149709160604922,51.31835703181166,0.0,
256,2015,6,0.36770352469955314,0.5652770572955162,-1.826461158757227,0,16,57.59939433967959,0,1.8455243860150905,0.13803319256142582,0.4049199481756261,0.357484390258434,0.04600523696870308,0.04750169893812642,0.16241663099788312,-0.05053903420152744,,,,60.12230095673173
256,2016,6,0.36770352469955314,0.5652770572955162,-1.826461158757227,0,17,60.12230095673173,0,1.6543362340864898,0.1337963667668501,0.35038971180595335,0.21039158421323884,0.07633058673432998,0.04051603768709314,0.20390377236085974,0.003032047497981182,0.16241663099788312,57.59939433967959,0.0,66.6484985069649
256,2017,6,0.36770352469955314,0.5652770572955162,-1.826461158757227,0,18,66.6484985069649,0,1.2881646151843102,0.255642982125497,0.3327149218519955,0.34454323150477484,0.04755294415713622,0.0357538159370072,0.2066583205622044,0.023956721225031678,0.20390377236085974,60.12230095673173,0.0,71.65559590334144
256,2018,6,0.36770352469955314,0.5652770572955162,-1.826461158757227,0,19,71.65559590334144,0,1.8493976330308781,0.24380224407142947,0.31909619076758194,0.270199627677895,0.10119200341603775,0.03419366197224944,0.21115729670900354,-0.011541661579456054,0.2066583205622044,66.6484985069649,0.0,73.67913611132998
256,2019,6,0.36770352469955314,0.5652770572955162,-1.826461158757227,0,20,73.67913611132998,0,1.5878491660506266,-0.09367868316531902,0.36902079874853444,0.29660665719708773,0.08202411688188785,0.054858861036503115,0.1900976048743132,0.0038356141193232047,0.21115729670900354,71.65559590334144,0.0,75.96075025392709
256,2020,6,0.36770352469955314,0.5652770572955162,-1.826461158757227,0,21,75.96075025392709,0,1.982217394701399,0.16260892464489496,0.16415814501725454,0.48223279957530174,0.08120790093663387,0.06573962864926591,0.18708349985079986,-0.03825986138882893,0.1900976048743132,73.67913611132998,0.0,82.20847857837187
256,2021,6,0.36770352469955314,0.5652770572955162,-1.826461158757227,0,22,82.20847857837187,0,2.3359957096996906,0.21178434541858168,0.32965099173883006,0.38542931490489857,0.05447464392701089,0.0581782620038978,0.24987024411034103,-0.010615860092259385,0.18708349985079986,75.96075025392709,0.0,83.6966113980252
256,2022,6,0.36770352469955314,0.5652770572955162,-1.826461158757227,0,23,83.6966113980252,0,1.7100011285200558,0.2647722010787352,0.1826928760783793,0.3836889658316176,0.06678074418763538,0.07302718365473333,0.2148532236288013,-0.007287929329715617,0.24987024411034103,82.20847857837187,0.0,83.27022479964467
256,2023,6,0.36770352469955314,0.5652770572955162,-1.826461158757227,0,24,83.27022479964467,0,2.5665293346414,0.09792710845057444,0.4937511423437125,0.2748473810092051,0.03508384041862573,0.0732531730182458,0.26107997383671444,-0.021177341286028616,0.2148532236288013,83.6966113980252,0.0,80.05735181356899
256,2024,6,0.36770352469955314,0.5652770572955162,-1.826461158757227,0,25,80.05735181356899,1,2.633856110114187,0.15753368046502117,0.4188211170280132,0.35334584957079973,0.05081620063408965,0.035665983428352754,0.2981602617945757,0.01678222015621071,0.26107997383671444,83.27022479964467,0.0,
257,2015,2,0.8332265193063428,-0.7881447562378554,-1.8344948259622553,0,14,61.09713829257494,0,1.2536473628254767,0.05225683429809813,0.3153196255841567,0.3469150011376807,0.09816320749789255,0.012001926570550811,0.12597586926457632,-0.0025301538374120514,,,,68.10807024105627
257,2016,2,0.8332265193063428,-0.7881447562378554,-1.8344948259622553,0,15,68.10807024105627,0,0.939266968876386,0.029707641904052222,0.30364132358508045,0.34120944826184463,0.0727763357520991,0.008649867450966138,0.12998136351754516,0.025041016212993535,0.12597586926457632,61.09713829257494,0.0,70.52308054717304
257,2017,2,0.8332265193063428,-0.7881447562378554,-1.8344948259622553,0,16,70.52308054717304,0,1.0555502513074564,-0.009273565849725583,0.2970378740051262,0.1758897825272171,0.07359553093638085,0.04481588671556889,0.12118022670802456,-0.0011793697628061396,0.12998136351754516,68.10807024105627,0.0,71.5749747339063
257,2018,2,0.8332265193063428,-0.7881447562378554,-1.8344948259622553,0,17,71.5749747339063,0,1.504391557355776,0.07719119479482045,0.3784343110778834,0.2556549161266918,0.1001860531921826,-0.0017865358273978227,0.1469421353487701,-0.004707715513324292,0.12118022670802456,70.52308054717304,0.0,80.5043881726014
257,2019,2,0.8332265193063428,-0.7881447562378554,-1.8344948259622553,0,18,80.5043881726014,0,0.799315387796323,0.002609492225532465,0.30205836369426536,0.2666712128732195,0.10506529605186893,0.06038976343083828,0.12012189195872042,0.010090236526528048,0.1469421353487701,71.5749747339063,0.0,80.96311472270806
257,2020,2,0.8332265193063428,-0.7881447562378554,-1.8344948259622553,0,19,80.96311472270806,0,1.1492333205190333,0.1091460783042836,0.31432209253243065,0.175962508053246,0.058923225966521955,0.001621887167598271,0.1425747764545496,0.011451954638962815,0.12012189195872042,80.5043881726014,0.0,85.32668569196677
257,2021,2,0.8332265193063428,-0.7881447562378554,-1.8344948259622553,0,20,85.32668569196677,0,1.5567939551719674,0.03268830466901399,0.5418709480512844,0.2658400360493101,0.10216538140335132,0.052442002835918905,0.1706562104749176,-0.0030824147440278314,0.1425747764545496,80.96311472270806,0.0,91.19384932127132
257,2022,2,0.8332265193063428,-0.7881447562378554,-1.8344948259622553,0,21,91.19384932127132,0,1.501627073830578,0.035928758389438625,0.4994703847179532,0.31301409184970985,0.08184333303870295,0.04957740567129268,0.22218055191712172,0.05306973424126663,0.1706562104749176,85.32668569196677,0.0,95.53963954070292
257,2023,2,0.8332265193063428,-0.7881447562378554,-1.8344948259622553,0,22,95.53963954070292,0,1.8547350602999784,-0.09547129850568861,0.37271435696742405,0.30147353111185654,0.07256876828140993,0.011373336645157432,0.11790421994203028,-0.055856837716027216,0.22218055191712172,91.19384932127132,0.0,99.5409862845285
257,2024,2,0.8332265193063428,-0.7881447562378554,-1.8344948259622553,0,23,99.5409862845285,0,1.333228395878924,-0.12005337717548023,0.42476291425421947,0.41995396180446193,0.07023730577116737,0.036760800175075686,0.09649862524726464,-0.041791806746408575,0.11790421994203028,95.53963954070292,0.0,
258,2015,4,0.07754934091488609,-1.2198927089829021,0.4035729471695152,0,27,63.23834967703447,0,1.0906314720535286,-0.20297916201170219,0.25572425577761165,0.5359364348915996,-0.0022963297797582646,0.041372584704529945,0.0639152353974454,-0.04245620577345399,,,,68.2726389399136
258,2016,4,0.07754934091488609,-1.2198927089829021,0.4035729471695152,0,28,68.2726389399136,1,1.0368246102899246,-0.056297027060003904,0.3272574010676498,0.5161830517087562,0.06453482336986503,0.0266702985176515,0.145024136344715,0.03290328697751947,0.0639152353974454,63.23834967703447,0.0,67.9936054734927
258,2017,4,0.07754934091488609,-1.2198927089829021,0.4035729471695152,0,29,67.9936054734927,0,1.482135359036761,0.03555262574952561,0.1920602771754877,0.5403202436614138,0.029177293536928307,0.041935436709598116,0.17201758515835613,0.019652834892238718,0.145024136344715,68.2726389399136,1.0,65.56852481883216
258,2018,4,0.07754934091488609,-1.2198927089829021,0.4035729471695152,0,30,65.56852481883216,0,1.0443889302171254,0.07299819337603142,0.21710495426715296,0.56381173828389,0.03063639946339449,0.026903841861862194,0.15172852199920378,0.028256383489970963,0.17201758515835613,67.9936054734927,0.0,62.597630372892446
258,2019,4,0.07754934091488609,-1.2198927089829021,0.4035729471695152,0,31,62.597630372892446,0,1.2409313744889876,-0.06127539460836777,0.18924407517397396,0.48145560051780556,0.052663260573489544,0.022973605870310478,0.10938256889639592,-0.017670229835938304,0.15172852199920378,65.56852481883216,0.0,64.73432202205572
258,2020,4,0.07754934091488609,-1.2198927089829021,0.4035729471695152,0,32,64.73432202205572,0,1.30543272118457,-0.11318290034645984,0.16412866806191675,0.6733802295050132,0.040374786623169935,0.027139042486982238,0.09759426905272758,-0.026222820510485,0.10938256889639592,62.597630372892446,0.0,71.01504443454472
258,2021,4,0.07754934091488609,-1.2198927089829021,0.4035729471695152,0,33,71.01504443454472,0,1.0989560649952166,0.12089005639876985,0.14571147274781912,0.5173250720285436,0.010072486355169774,0.04057800950264866,0.11804711573521688,-0.014714842568291132,0.09759426905272758,64.73432202205572,0.0,70.9810691769503
258,2022,4,0.07754934091488609,-1.2198927089829021,0.4035729471695152,0,34,70.9810691769503,0,1.118430771929637,0.05517344412939805,0.33740061934235366,0.42085727889617214,0.02053243299463854,0.012626146603451746,0.06648327003883092,-0.06644563340414686,0.11804711573521688,71.01504443454472,0.0,72.27085697682048
258,2023,4,0.07754934091488609,-1.2198927089829021,0.4035729471695152,0,35,72.27085697682048,0,1.440361161209115,-0.15355931972947756,0.26626116459346644,0.2609128949067299,0.027759728449370948,-0.00716307653979598,0.14806920950975247,0.0132272740333485,0.06648327003883092,70.9810691769503,0.0,77.44427622372375
258,2024,4,0.07754934091488609,-1.2198927089829021,0.4035729471695152,0,36,77.44427622372375,0,1.1471850339870877,-0.07839650346310278,0.37872291928629503,0.4242606860339174,0.04955610720339941,0.0183422845012517,0.097703370992198,-0.03297108889352504,0.14806920950975247,72.27085697682048,0.0,
259,2015,2,0.29690821303342585,0.33236746056334665,-0.0742065820649029,0,31,63.65895197203241,0,1.441477799815152,0.0983482322939899,0.3035278233186394,0.6070785097227197,0.03696545077004672,0.03544146591286575,0.12140001925865751,-0.028400206660051795,,,,61.86807922391078
259,2016,2,0.29690821303342585,0.33236746056334665,-0.0742065820649029,0,32,61.86807922391078,0,1.4840721792321934,0.1670811290195532,0.39687170283006196,0.5451443468984873,0.03824889052717656,0.05556180842536478,0.17819759553883904,0.010202265640855865,0.12140001925865751,63.65895197203241,0.0,60.78317846893647
259,2017,2,0.29690821303342585,0.33236746056334665,-0.0742065820649029,0,33,60.78317846893647,0,1.6924449261775225,0.08381200937068833,0.294419630685579,0.47366803057321855,0.07143844551527864,0.04612617095284994,0.2183654993424729,0.043510791412055674,0.17819759553883904,61.86807922391078,0.0,56.22876657690335
259,2018,2,0.29690821303342585,0.33236746056334665,-0.0742065820649029,0,34,56.22876657690335,0,2.191086751543375,0.1700274467705422,0.2105442995672111,0.47382160199488804,0.041019473551952755,0.06203715586060777,0.12810862890534258,-0.09124416689285196,0.2183654993424729,60.78317846893647,0.0,56.09223034812105
259,2019,2,0.29690821303342585,0.33236746056334665,-0.0742065820649029,0,35,56.09223034812105,0,1.3862033952184538,0.08831748242092967,0.29282349708293154,0.5753567227082463,0.06776492852645141,0.04272033799734173,0.17053773147262877,0.01920473677704062,0.12810862890534258,56.22876657690335,0.0,59.32610620333498
259,2020,2,0.29690821303342585,0.33236746056334665,-0.0742065820649029,0,36,59.32610620333498,0,1.7906115145152164,0.14298361845516513,0.3523314658762848,0.4845208165387088,0.05823403854968992,0.07025502186712047,0.17364259760365003,-0.022634746744002263,0.17053773147262877,56.09223034812105,0.0,67.92257508511483
259,2021,2,0.29690821303342585,0.33236746056334665,-0.0742065820649029,0,37,67.92257508511483,0,1.102988629643153,0.07921612733065983,0.16377875520320337,0.4015252416320691,0.06851731038228927,0.05487100124989279,0.13111382962128557,-0.004712271998369467,0.17364259760365003,59.32610620333498,0.0,77.18565418761094
259,2022,2,0.29690821303342585,0.33236746056334665,-0.0742065820649029,0,38,77.18565418761094,0,2.000959559930785,0.13812707751641326,0.319646085184489,0.4233191041037073,0.04368906891626533,0.07528035767170932,0.2492940802568051,0.036922980130593815,0.13111382962128557,67.92257508511483,0.0,77.69465659394324
259,2023,2,0.29690821303342585,0.33236746056334665,-0.0742065820649029,0,39,77.69465659394324,0,1.7920433783745278,0.06974398074266214,0.24350066444521423,0.4033777536009436,0.026940723447360027,0.05313835247593554,0.1530496210021559,-0.03730611631747645,0.2492940802568051,77.18565418761094,0.0,81.06110982810584
259,2024,2,0.29690821303342585,0.33236746056334665,-0.0742065820649029,0,40,81.06110982810584,0,2.3243459671259195,0.1868907546904776,0.4036586608793161,0.5689820311443919,0.05466246839398688,0.07644947129060521,0.24570284043516497,0.003682259723976257,0.1530496210021559,77.69465659394324,0.0,
260,2015,9,0.13006326246754876,-1.2813749349093222,0.4133374110952931,1,17,64.30251516690906,0,0.5968520147139468,-0.09803192117026019,0.26198808655326306,0.3528851863975169,-0.00707288600371446,0.011499189094411177,0.07864816393165572,-0.022094194861350048,,,,63.413553413240635
260,2016,9,0.13006326246754876,-1.2813749349093222,0.4133374110952931,1,18,63.413553413240635,0,0.7924724881944614,-0.10127238536736112,0.11204731003996829,0.4956483395933316,0.00803218686302878,0.005890775725496799,0.12859759217990424,0.023959748330777342,0.07864816393165572,64.30251516690906,0.0,63.15829977151064
260,2017,9,0.13006326246754876,-1.2813749349093222,0.4133374110952931,1,19,63.15829977151064,0,1.216280373871823,-0.13039506439373866,0.4267607119397693,0.4470917462232774,0.042978358683147734,0.024305693698983673,0.1335687047498854,-0.01742413903942319,0.12859759217990424,63.413553413240635,0.0,56.1548797629201
260,2018,9,0.13006326246754876,-1.2813749349093222,0.4133374110952931,1,20,56.1548797629201,1,0.7525956344002462,-0.14501533733813182,0.3021631235603804,0.6109069787492906,0.061748932506443276,0.010310387939141168,0.14969271999404613,0.04160884960213872,0.1335687047498854,63.15829977151064,0.0,68.0903411145866
260,2019,9,0.13006326246754876,-1.2813749349093222,0.4133374110952931,1,21,68.0903411145866,0,1.0127196317448104,-0.1021182951437449,0.33359384638201506,0.33245793731523976,0.048607008832411404,0.0460643714533496,0.1951171502031228,0.049707407046133224,0.14969271999404613,56.1548797629201,1.0,71.66221202875649
260,2020,9,0.13006326246754876,-1.2813749349093222,0.4133374110952931,1,22,71.66221202875649,1,1.3114548339405903,-0.03981518066297151,0.26049237009839926,0.493471753524858,0.006695483915377491,0.020754258714506025,0.1327830097953188,-0.02952265986711741,0.1951171502031228,68.0903411145866,0.0,75.18158625317923
260,2021,9,0.13006326246754876,-1.2813749349093222,0.4133374110952931,1,23,75.18158625317923,1,0.8704708568999798,-0.07262679581077584,0.34320900847381747,0.5094420342134478,0.04102916684195399,0.01718825973354102,0.10744589313898548,-0.022135769605372606,0.1327830097953188,71.66221202875649,1.0,76.48481248585871
260,2022,9,0.13006326246754876,-1.2813749349093222,0.4133374110952931,1,24,76.48481248585871,0,0.686892373519224,-0.17468672559375198,0.22472778035828955,0.40009428715183176,0.03156724279556241,0.00916293498262396,0.0979471130004347,-0.007218353860930301,0.10744589313898548,75.18158625317923,1.0,82.24546406713941
260,2023,9,0.13006326246754876,-1.2813749349093222,0.4133374110952931,1,25,82.24546406713941,0,0.8926385096828626,-0.04606530461536867,0.12984752992050466,0.7294425962190338,-0.015453156484777061,0.027768877131384852,0.10824954849238795,-0.016662585534644104,0.0979471130004347,76.48481248585871,0.0,86.67948515063782
260,2024,9,0.13006326246754876,-1.2813749349093222,0.4133374110952931,1,26,86.67948515063782,0,1.2784661462765703,-0.11088645358041982,0.14023915151401545,0.3501685718307037,0.021613854796119904,-0.008543807063926403,0.12973767489455554,-0.01752011459371679,0.10824954849238795,82.24546406713941,0.0,
261,2015,8,0.307695664326106,0.7603030270588863,0.6729734610389745,1,13,58.53894798677989,1,1.259758411386835,0.07273923489215975,0.1784774428832694,0.6634440163920496,0.05841812008902816,0.045993213548547116,0.18383982983748437,0.020678662403480146,,,,54.94307244630376
261,2016,8,0.307695664326106,0.7603030270588863,0.6729734610389745,1,14,54.94307244630376,0,1.1734110988358077,0.17610209561285622,0.41205930706736726,0.47711746908217934,0.025959131109477427,0.051783102379631366,0.23410542880765106,0.05314104712468411,0.18383982983748437,58.53894798677989,1.0,52.201969725165576
261,2017,8,0.307695664326106,0.7603030270588863,0.6729734610389745,1,15,52.201969725165576,0,1.879552675645633,0.168162050067728,0.1470052853353121,0.5674550337692631,0.013700250230095749,0.07202121057909358,0.255673491634798,0.029363609066185178,0.23410542880765106,54.94307244630376,0.0,59.93975556147237
261,2018,8,0.307695664326106,0.7603030270588863,0.6729734610389745,1,16,59.93975556147237,1,2.1815833520276056,0.22925774534610405,0.25123816898296103,0.4640929975283196,0.0008272067468850577,0.06413728689400187,0.21932756721385221,-0.0381568871787607,0.255673491634798,52.201969725165576,0.0,68.56467998733618
261,2019,8,0.307695664326106,0.7603030270588863,0.6729734610389745,1,17,68.56467998733618,0,2.0969756778309807,0.09320406056353062,0.21304644380632798,0.44373758647434364,0.0338573478503012,0.04694481962827562,0.293050261384706,0.05688905835261063,0.21932756721385221,59.93975556147237,1.0,73.90568100382545
261,2020,8,0.307695664326106,0.7603030270588863,0.6729734610389745,1,18,73.90568100382545,0,1.7435630167879768,0.22357563956033957,0.21369836764886677,0.358982939503626,0.028120524498883068,0.039864420583180155,0.23288246564588325,0.008182076966467758,0.293050261384706,68.56467998733618,0.0,75.96820631750049
261,2021,8,0.307695664326106,0.7603030270588863,0.6729734610389745,1,19,75.96820631750049,1,1.836910370605363,0.12756061033798816,0.39310687355224744,0.5202977661478879,0.05400305366227796,0.08956152407902196,0.2827829442584827,0.04504927622332014,0.23288246564588325,73.90568100382545,0.0,85.29477722057038
261,2022,8,0.307695664326106,0.7603030270588863,0.6729734610389745,1,20,85.29477722057038,1,2.265589665640476,0.11092653085218615,0.30748727437646034,0.32579844448342943,0.04231335023968897,0.06978519864804933,0.23359218904852885,-0.03160373739878154,0.2827829442584827,75.96820631750049,1.0,94.10813467143383
261,2023,8,0.307695664326106,0.7603030270588863,0.6729734610389745,1,21,94.10813467143383,0,2.1157407270330197,0.24655985395723917,0.23793166499654855,0.5837297685445442,0.04159131390052294,0.056858521097932685,0.26743620061230755,0.0133292230649124,0.23359218904852885,85.29477722057038,1.0,100.0
261,2024,8,0.307695664326106,0.7603030270588863,0.6729734610389745,1,22,100.0,0,1.9768991753522773,0.18990771757488903,0.2681670611566062,0.4921139314244409,0.049669793812307635,0.0715794185420366,0.2736359006050319,0.0252190711533249,0.26743620061230755,94.10813467143383,0.0,
262,2015,8,0.2955066308223665,0.8661031020897232,-0.5119603098042315,1,23,60.16529340835845,0,1.6559959933521804,0.10814754443585023,0.5242893690877216,0.2521206969825828,0.045356183541297154,0.054888250834899274,0.24451691303294254,0.03267795462483934,,,,60.58183828589578
262,2016,8,0.2955066308223665,0.8661031020897232,-0.5119603098042315,1,24,60.58183828589578,1,1.003125661121779,0.23552731189522047,0.4481023277485324,0.5115801104934158,0.0724121573163655,0.061560190552586116,0.21154825099932875,0.03630091108674651,0.24451691303294254,60.16529340835845,0.0,62.34991677751918
262,2017,8,0.2955066308223665,0.8661031020897232,-0.5119603098042315,1,25,62.34991677751918,0,1.5941966408331523,0.10977174919045815,0.1624054647766729,0.4473465751468083,0.04728873585562031,0.06104705926459577,0.20246611058176917,0.004390579227438381,0.21154825099932875,60.58183828589578,1.0,60.24013394415146
262,2018,8,0.2955066308223665,0.8661031020897232,-0.5119603098042315,1,26,60.24013394415146,1,2.23395940694214,0.05633979203055303,0.4688665563704718,0.36975008218359584,0.05121391957177493,0.0880006359069751,0.27156512081681083,0.013709269829590367,0.20246611058176917,62.34991677751918,0.0,65.38903732228013
262,2019,8,0.2955066308223665,0.8661031020897232,-0.5119603098042315,1,27,65.38903732228013,0,2.193857057984287,0.26154105581623116,0.45729481462515814,0.3352880987234675,0.07366583420755424,0.06422294013805893,0.3100944839334221,0.041490802516753335,0.27156512081681083,60.24013394415146,1.0,65.51527006994546
262,2020,8,0.2955066308223665,0.8661031020897232,-0.5119603098042315,1,28,65.51527006994546,0,1.6294363384859005,0.2511183511105473,0.3127083576846539,0.3524007623001619,0.058480051743119814,0.06943977783771213,0.20717613225908668,-0.019316242382472173,0.3100944839334221,65.38903732228013,0.0,70.63453151484721
262,2021,8,0.2955066308223665,0.8661031020897232,-0.5119603098042315,1,29,70.63453151484721,0,2.10300075879748,0.20783844039481023,0.2434588177471197,0.391468859888367,0.058412561080186415,0.036812520986376655,0.2787811638262939,0.03561864410541506,0.20717613225908668,65.51527006994546,0.0,75.60482735641779
262,2022,8,0.2955066308223665,0.8661031020897232,-0.5119603098042315,1,30,75.60482735641779,0,2.46542649429179,0.30609498915811617,0.2515593634089302,0.4283631759634714,0.04497867828451742,0.09519791775622932,0.2926746259294344,0.0002188247959760555,0.2787811638262939,70.63453151484721,0.0,83.92195277285342
262,2023,8,0.2955066308223665,0.8661031020897232,-0.5119603098042315,1,31,83.92195277285342,0,2.1273174834023187,0.1616369106479983,0.24057205098515758,0.29261758710697966,0.06264338436580888,0.061716278737573176,0.3302403332601372,0.0764421599132969,0.2926746259294344,75.60482735641779,0.0,92.75235357056025
262,2024,8,0.2955066308223665,0.8661031020897232,-0.5119603098042315,1,32,92.75235357056025,0,2.3013557820783066,0.1700898694844027,0.32749343923659263,0.5057925419850932,0.06924394686664853,0.057946987533072314,0.20423082101253393,-0.06303696733488943,0.3302403332601372,83.92195277285342,0.0,
263,2015,3,0.4017588373311867,-0.0925491865241261,-1.0282899289827638,0,24,63.71318298801311,0,1.1390578194926833,0.0933854179771234,0.2551203304526904,0.5078692468380976,0.04879752666656721,0.050722359645786225,0.18177494514137216,0.039110001789177416,,,,61.35332130622581
263,2016,3,0.4017588373311867,-0.0925491865241261,-1.0282899289827638,0,25,61.35332130622581,0,1.4217260546678154,0.07876482878253885,0.42558083057765644,0.17494836182810644,0.04752722239127182,0.008698957573144532,0.18068395965206163,0.013873349989407376,0.18177494514137216,63.71318298801311,0.0,63.415630764329485
263,2017,3,0.4017588373311867,-0.0925491865241261,-1.0282899289827638,0,26,63.415630764329485,0,1.745663627348809,0.11692456610860216,0.2686358675853509,0.3155441906830135,0.0706256573948008,0.0605462031806871,0.2003608473370481,0.003149743913779634,0.18068395965206163,61.35332130622581,0.0,70.5566427233278
263,2018,3,0.4017588373311867,-0.0925491865241261,-1.0282899289827638,0,27,70.5566427233278,0,1.7801671723269012,0.11194188918741742,0.3275760127757665,0.5665656325559562,0.05481157759171518,0.02548541209805503,0.1717977079782358,-0.018624171072331004,0.2003608473370481,63.415630764329485,0.0,67.27817352181762
263,2019,3,0.4017588373311867,-0.0925491865241261,-1.0282899289827638,0,28,67.27817352181762,1,1.205355734601763,0.15834966921509688,0.3807149362950083,0.44400131962151346,0.07795641595470948,0.05272576439956428,0.1575966503332214,-0.006400602686443807,0.1717977079782358,70.5566427233278,0.0,65.58539896481328
263,2020,3,0.4017588373311867,-0.0925491865241261,-1.0282899289827638,0,29,65.58539896481328,0,1.2271005156344694,0.04593287228895823,0.4004641296232723,0.45689203058224287,0.07363837359550574,0.045514043450427456,0.12885886110218242,-0.027532722953630965,0.1575966503332214,67.27817352181762,1.0,68.06997666757937
263,2021,3,0.4017588373311867,-0.0925491865241261,-1.0282899289827638,0,30,68.06997666757937,0,1.633895315440819,0.20502112814423326,0.41424188151420227,0.2994780519541448,0.0804770032564418,0.059571060238015255,0.16269257118166255,-0.04064923221928806,0.12885886110218242,65.58539896481328,0.0,70.02328467723693
263,2022,3,0.4017588373311867,-0.0925491865241261,-1.0282899289827638,0,31,70.02328467723693,0,1.7520201024219404,-0.005864103134905034,0.1939794317043668,0.30140511955153726,0.050828567585166705,0.035333765277680534,0.19328816629698314,0.008628291101481871,0.16269257118166255,68.06997666757937,0.0,69.07100894205111
263,2023,3,0.4017588373311867,-0.0925491865241261,-1.0282899289827638,0,32,69.07100894205111,1,1.611263660589241,0.14237775401177388,0.24019783912148215,0.36527991004799304,0.07174816436241557,0.005929651777572327,0.18368269816265156,0.0019818368547641478,0.19328816629698314,70.02328467723693,0.0,73.0954266653149
263,2024,3,0.4017588373311867,-0.0925491865241261,-1.0282899289827638,0,33,73.0954266653149,0,1.7258970520918029,0.025802740196492945,0.3893700688217671,0.35824384770643164,0.0899601730858842,0.0737431181298934,0.22125081432024585,0.018660158605334858,0.18368269816265156,69.07100894205111,1.0,
264,2015,2,-2.4572706616823115,0.9227729969277807,-0.34749843758998206,0,7,46.01950938252309,0,1.1734626528116847,0.20540420419795735,0.22715725236038967,0.3733671378497533,-0.013686944402264336,0.04490648223440512,0.1812598643695421,0.02852533218653162,,,,50.07145639111991
264,2016,2,-2.4572706616823115,0.9227729969277807,-0.34749843758998206,0,8,50.07145639111991,0,1.3672215414272877,0.1480735766989123,0.1296681856229887,0.7771257812351562,0.004630050873067719,0.02656973997659453,0.10014617479734943,-0.05009855414321614,0.1812598643695421,46.01950938252309,0.0,51.22900822890571
264,2017,2,-2.4572706616823115,0.9227729969277807,-0.34749843758998206,0,9,51.22900822890571,0,1.3946692641303216,0.1019537580622814,0.2282613051551151,0.48133557913738234,-0.018205122892587796,0.08632453394843519,0.1243676178644916,-0.04501907156741997,0.10014617479734943,50.07145639111991,0.0,53.06486409522894
264,2018,2,-2.4572706616823115,0.9227729969277807,-0.34749843758998206,0,10,53.06486409522894,0,1.114747873391833,0.18882040216498142,0.2172616074350274,0.5825544452786182,0.0042380625181351154,0.06090216023210913,0.1887551317817657,0.03865426585199616,0.1243676178644916,51.22900822890571,0.0,55.059165146555856
264,2019,2,-2.4572706616823115,0.9227729969277807,-0.34749843758998206,0,11,55.059165146555856,0,1.3820306153942303,0.37330630724492014,0.177925261890529,0.5734386518586425,-0.012656579016918346,0.056389414677888564,0.21545732672919884,0.03180728228113012,0.1887551317817657,53.06486409522894,0.0,51.60511437184739
264,2020,2,-2.4572706616823115,0.9227729969277807,-0.34749843758998206,0,12,51.60511437184739,0,2.4034792017889246,0.14639389199272862,0.27356352822969143,0.44888654853710946,-0.028378616432751025,0.07730087320047342,0.28656774272590974,0.0361012389091138,0.21545732672919884,55.059165146555856,0.0,50.043800669065256
264,2021,2,-2.4572706616823115,0.9227729969277807,-0.34749843758998206,0,13,50.043800669065256,0,1.3864942910801317,0.19236993313677497,0.26455551305651326,0.28723997515576233,0.0021104054606028468,0.09770755968186942,0.16967955591564446,-0.023822967477748414,0.28656774272590974,51.60511437184739,0.0,52.529848759684185
264,2022,2,-2.4572706616823115,0.9227729969277807,-0.34749843758998206,0,14,52.529848759684185,0,1.8630957936733217,0.1307223810422689,0.3053654600034249,0.45582331577238566,0.0018550716518457057,0.0577190104829787,0.19440583713334736,-0.013940620192419408,0.16967955591564446,50.043800669065256,0.0,61.34533462991154
264,2023,2,-2.4572706616823115,0.9227729969277807,-0.34749843758998206,0,15,61.34533462991154,0,1.961603470327304,0.25484947614049275,0.19208739920600235,0.5318079865171925,-0.04408113021834793,0.06883272884452622,0.2291398733775004,0.005499227689128839,0.19440583713334736,52.529848759684185,0.0,63.214520932910496
264,2024,2,-2.4572706616823115,0.9227729969277807,-0.34749843758998206,0,16,63.214520932910496,0,2.2851005882123685,0.09871783523511964,0.10942868287706478,0.5790859623714822,-0.021640381186335,0.07578098142948705,0.22195809484979287,-0.012687206748826485,0.2291398733775004,61.34533462991154,0.0,
265,2015,9,-1.1141671583121615,-0.20497022857230138,0.06201488567782027,1,12,51.463523383913596,0,1.1856758582975508,0.07207516373052442,0.37255550183011676,0.5749525124639928,0.008578585490983018,0.03180346716970832,0.1383197645433208,-0.019074910655035828,,,,54.470094970429436
265,2016,9,-1.1141671583121615,-0.20497022857230138,0.06201488567782027,1,13,54.470094970429436,0,0.9591660409650465,0.08314383863661151,0.18561386494041848,0.28749790223026056,0.015536981100051105,0.045131289091996846,0.17784863524672215,0.03214168014947396,0.1383197645433208,51.463523383913596,0.0,60.891570554097456
265,2017,9,-1.1141671583121615,-0.20497022857230138,0.06201488567782027,1,14,60.891570554097456,0,1.4355395268250337,0.11164462548918705,0.19335383181365318,0.5409447028082657,0.01755144969974406,0.04591773310764198,0.1849854549830386,0.005521547833271604,0.17784863524672215,54.470094970429436,0.0,65.0958721368336
265,2018,9,-1.1141671583121615,-0.20497022857230138,0.06201488567782027,1,15,65.0958721368336,0,1.1109971192575454,-0.04358885327427361,0.22380751253929232,0.27605482730072806,0.022655782750992885,0.02519778290518194,0.18508893431952558,0.037667409878003995,0.1849854549830386,60.891570554097456,0.0,69.34122376562709
265,2019,9,-1.1141671583121615,-0.20497022857230138,0.06201488567782027,1,16,69.34122376562709,0,1.123656939013427,0.011114077167078573,0.1233442733650884,0.5864729401278143,-0.003580766046737037,0.056915397816786645,0.08413120367809653,-0.06747416173389963,0.18508893431952558,65.0958721368336,0.0,65.4760924789388
265,2020,9,-1.1141671583121615,-0.20497022857230138,0.06201488567782027,1,17,65.4760924789388,0,1.877899394892768,-0.05310324996330735,0.11692952777676639,0.40108112435629917,-0.0024302616674087407,0.026348794433317918,0.10748359845641765,-0.0856511365700016,0.08413120367809653,69.34122376562709,0.0,69.26665869142273
265,2021,9,-1.1141671583121615,-0.20497022857230138,0.06201488567782027,1,18,69.26665869142273,0,1.2181593731575346,0.02383971050940819,0.08671458574279356,0.7298124205062742,0.011508383429786535,0.03766659372474487,0.10818587293977913,-0.0419835239530083,0.10748359845641765,65.4760924789388,0.0,75.09475957369932
265,2022,9,-1.1141671583121615,-0.20497022857230138,0.06201488567782027,1,19,75.09475957369932,0,1.4654924705678856,0.04403556535091631,0.29822617281148783,0.66633409805727,0.004700592575780039,0.05438174469326648,0.1821173198606227,-0.0002946626451663888,0.10818587293977913,69.26665869142273,0.0,78.05022344983458
265,2023,9,-1.1141671583121615,-0.20497022857230138,0.06201488567782027,1,20,78.05022344983458,0,1.4104164694697265,0.12845290063156917,0.1543268781621614,0.29870328317926576,-0.0023871810239624,0.04005330901643935,0.1762269874943466,-0.010533914872257234,0.1821173198606227,75.09475957369932,0.0,78.30507039414273
265,2024,9,-1.1141671583121615,-0.20497022857230138,0.06201488567782027,1,21,78.30507039414273,0,1.1920338128674273,-0.07069601508748274,0.20728588965854822,0.604586617495915,0.014413353602519911,0.039647488801003404,0.1363006611849965,-0.01728545164282143,0.1762269874943466,78.05022344983458,0.0,
266,2015,7,-1.7300711745136303,-0.6304551853014153,0.6178115592904698,1,17,51.08101935103235,0,0.5665672905158001,-0.1455186370816588,0.11553525747829932,0.3991573550945755,-0.00965103599153232,0.01957548665304192,0.06935384797541518,-0.003615792001592168,,,,52.319791567590734
266,2016,7,-1.7300711745136303,-0.6304551853014153,0.6178115592904698,1,18,52.319791567590734,0,0.6731365992377675,-0.030675343992883845,0.13563001074739442,0.5805762900289149,-0.042479304890880254,0.05853059214319667,0.07272971687059476,-0.021937856176083743,0.06935384797541518,51.08101935103235,0.0,56.04415567211884
266,2017,7,-1.7300711745136303,-0.6304551853014153,0.6178115592904698,1,19,56.04415567211884,0,0.8427964056889551,-0.18513216305209973,0.17667792028249474,0.597760183718601,0.0026950336088490037,0.029673871693712515,0.07260305300266898,-0.01796492152141557,0.07272971687059476,52.319791567590734,0.0,55.693593170253926
266,2018,7,-1.7300711745136303,-0.6304551853014153,0.6178115592904698,1,20,55.693593170253926,0,0.9525609834617641,-0.12139667270681713,0.16237187796446054,0.6129738559672642,-0.011755497986411439,0.007796483786933463,0.17791953425279344,0.07969866754425978,0.07260305300266898,56.04415567211884,0.0,52.575899833418156
266,2019,7,-1.7300711745136303,-0.6304551853014153,0.6178115592904698,1,21,52.575899833418156,0,1.2303433022751324,-0.006074222585052268,0.1545180531720917,0.5020504574342747,-0.008650558569310823,0.05808024966760167,0.22379564051197853,0.07950774742520779,0.17791953425279344,55.693593170253926,0.0,58.95166517804189
266,2020,7,-1.7300711745136303,-0.6304551853014153,0.6178115592904698,1,22,58.95166517804189,0,0.9724682079554511,-0.1120799916513651,0.14213551708780836,0.425857505612267,0.014414962310550054,0.041769036014412585,0.16510225007966695,0.047023877326563115,0.22379564051197853,52.575899833418156,0.0,64.49086418680733
266,2021,7,-1.7300711745136303,-0.6304551853014153,0.6178115592904698,1,23,64.49086418680733,0,1.1241960159181827,-0.09008790117433943,0.11486561911179392,0.5464147266063829,-0.04100394116172948,0.028961315932995876,0.15865194299969523,0.03542773759433461,0.16510225007966695,58.95166517804189,0.0,68.71925827156987
266,2022,7,-1.7300711745136303,-0.6304551853014153,0.6178115592904698,1,24,68.71925827156987,0,0.6825320688473697,0.09648252639785877,0.19028470252283167,0.6194738079127565,-0.01978227874047142,0.0205936081271006,0.145175691017163,0.03870090892612776,0.15865194299969523,64.49086418680733,0.0,77.70906505873471
266,2023,7,-1.7300711745136303,-0.6304551853014153,0.6178115592904698,1,25,77.70906505873471,0,1.8472059600460806,0.050527919470868446,0.11992287098090172,0.5293572768130095,-0.0025610751399467585,0.04425808678645991,0.18412417103039927,-0.005561782653113387,0.145175691017163,68.71925827156987,0.0,83.5465934949701
266,2024,7,-1.7300711745136303,-0.6304551853014153,0.6178115592904698,1,26,83.5465934949701,0,1.133187355036163,0.05168310455527643,0.1737521620404108,0.5570866146730356,0.003639430111662805,0.0092494539359501,0.12311041134726193,-0.012376987217335452,0.18412417103039927,77.70906505873471,0.0,
267,2015,6,0.2871937501053532,-2.7207291632970927,-0.33301356898921725,1,7,60.92562125212461,0,0.37992034336334785,-0.13661150991271787,0.4393043817083591,0.33913959162555546,0.03274540714728404,-0.024661453023946275,0.13640353121297755,0.07759703986203469,,,,60.613679093552065
267,2016,6,0.2871937501053532,-2.7207291632970927,-0.33301356898921725,1,8,60.613679093552065,0,-0.0005599744627586278,-0.1289539297975405,0.3411830397796073,0.33328846797067735,0.06333372748055552,-0.01712432293820618,0.08977892255872252,0.05705299817651289,0.13640353121297755,60.92562125212461,0.0,63.7975929043601
267,2017,6,0.2871937501053532,-2.7207291632970927,-0.33301356898921725,1,9,63.7975929043601,0,0.391290640534555,-0.1278853862065285,0.2145757484304624,0.4485153085402591,0.03516092473312886,-0.003260382440754015,0.06483456380321569,0.008547448917825657,0.08977892255872252,60.613679093552065,0.0,67.30643537416617
267,2018,6,0.2871937501053532,-2.7207291632970927,-0.33301356898921725,1,10,67.30643537416617,0,0.2801519055754134,-0.07348181616334565,0.2428872272749649,0.40088100668040466,0.018817702926529067,-0.022289065775539,0.06425918759386509,0.014072846932784565,0.06483456380321569,63.7975929043601,0.0,74.09873487214185
267,2019,6,0.2871937501053532,-2.7207291632970927,-0.33301356898921725,1,11,74.09873487214185,0,0.1958209149978574,-0.19526185189005074,0.1713819560773192,0.21404971082587068,0.04527435474008261,0.004379444747637711,0.06376558945269917,0.020642022725083062,0.06425918759386509,67.30643537416617,0.0,74.60819393307156
267,2020,6,0.2871937501053532,-2.7207291632970927,-0.33301356898921725,1,12,74.60819393307156,1,0.29544411223946526,-0.08447669693895213,0.5139943205927919,0.329975991069184,0.08750005185092777,0.02338401191690251,0.09461212937333177,0.020947517989818715,0.06376558945269917,74.09873487214185,0.0,79.91000251589149
267,2021,6,0.2871937501053532,-2.7207291632970927,-0.33301356898921725,1,13,79.91000251589149,0,0.4868830492156209,-0.22140550647168877,0.3158171112534254,0.3187059958073377,0.051069678940363655,0.02107576116811018,0.08607270131836889,0.014461636248644882,0.09461212937333177,74.60819393307156,1.0,80.95049884712901
267,2022,6,0.2871937501053532,-2.7207291632970927,-0.33301356898921725,1,14,80.95049884712901,0,0.33689983466383444,-0.3430583342662584,0.308192313846621,0.5362327958431238,0.0411300588797833,0.009392066827739253,0.10479178345829587,0.05897198548188097,0.08607270131836889,79.91000251589149,0.0,86.47682964139125
267,2023,6,0.2871937501053532,-2.7207291632970927,-0.33301356898921725,1,15,86.47682964139125,1,0.4275780387718714,-0.2547956608198581,0.17104586061011606,0.2799109718443007,0.020645303700279255,0.011761584548712968,0.0697005823479602,0.00889978565608014,0.10479178345829587,80.95049884712901,0.0,99.7798232503237
267,2024,6,0.2871937501053532,-2.7207291632970927,-0.33301356898921725,1,16,99.7798232503237,0,0.3411184847324428,0.016513669385820356,0.2722048327105435,0.39602346980646747,0.03495893668200714,-0.023194319239176205,0.05888989577891457,-0.009389421045751075,0.0697005823479602,86.47682964139125,1.0,
268,2015,2,0.11448815817899845,-0.8500247182573841,1.3071972593729708,0,20,64.26422470569625,0,0.9696153650967271,-0.04971200352943066,0.1851417509500459,0.5817754112092381,0.04600392465837115,0.032112658518737736,0.1090383416247892,0.007554831008476044,,,,59.571606740844324
268,2016,2,0.11448815817899845,-0.8500247182573841,1.3071972593729708,0,21,59.571606740844324,0,1.2131897783735417,-0.025625753254077274,0.18297831285510255,0.5864073083853956,0.028383322804300015,0.046049189178902175,0.12928073802702475,0.00527790018447148,0.1090383416247892,64.26422470569625,0.0,65.61952639740238
268,2017,2,0.11448815817899845,-0.8500247182573841,1.3071972593729708,0,22,65.61952639740238,0,1.1757126811320728,0.04896945569816881,0.21695737933234469,0.5571617808961278,0.026293690278344224,0.05104335312209231,0.11436173073031605,-0.01718517937927517,0.12928073802702475,59.571606740844324,0.0,64.78387535163343
268,2018,2,0.11448815817899845,-0.8500247182573841,1.3071972593729708,0,23,64.78387535163343,0,0.7514213549813052,-0.055173320768412464,0.14036256254824112,0.504570081096368,0.04845927157990526,0.05847267591631429,0.0898242357744314,-0.0046639842658507645,0.11436173073031605,65.61952639740238,0.0,61.34935780626275
268,2019,2,0.11448815817899845,-0.8500247182573841,1.3071972593729708,0,24,61.34935780626275,0,1.6646816995673708,-0.04284272602396374,0.23970929628327123,0.5366584281106601,0.006585929038834256,0.027128711105235542,0.14080068308114993,-0.014372176890455212,0.0898242357744314,64.78387535163343,0.0,63.47318357767059
268,2020,2,0.11448815817899845,-0.8500247182573841,1.3071972593729708,0,25,63.47318357767059,0,1.0590152671983906,0.17762550187457138,0.16739566882826587,0.48729538283289014,0.04354892179440935,0.009573231868578811,0.08580162345613998,-0.04061367662740544,0.14080068308114993,61.34935780626275,0.0,66.69673605048823
268,2021,2,0.11448815817899845,-0.8500247182573841,1.3071972593729708,0,26,66.69673605048823,0,1.6634310039364752,0.008526055509767531,0.3036117999517009,0.5435862114070401,0.002940568426158325,0.0549314556792695,0.1062935100041307,-0.06301018723828941,0.08580162345613998,63.47318357767059,0.0,66.59904559945574
268,2022,2,0.11448815817899845,-0.8500247182573841,1.3071972593729708,0,27,66.59904559945574,0,1.4165549594643956,-0.010124384189351172,0.25709497155105776,0.5539289049847921,0.021175043524309198,0.043024011796649574,0.07392619837108513,-0.07386163923861053,0.1062935100041307,66.69673605048823,0.0,71.82120854833181
268,2023,2,0.11448815817899845,-0.8500247182573841,1.3071972593729708,0,28,71.82120854833181,0,0.9731446454808217,0.12403300683222636,0.17116856613101084,0.3426020679422552,-0.003823772137210288,0.036911150803375724,0.1339471474297904,0.007878582530872147,0.07392619837108513,66.59904559945574,0.0,75.14666502815483
268,2024,2,0.11448815817899845,-0.8500247182573841,1.3071972593729708,0,29,75.14666502815483,0,1.414995960986061,-0.04261150717152734,0.1546506756738655,0.6041795536227788,0.017438619597632946,0.05274803936273053,0.10811608164340791,-0.03784043346805239,0.1339471474297904,71.82120854833181,0.0,
269,2015,4,0.043225157089467,-2.2873967763221796,0.7173339913963471,0,10,62.9197403696931,0,0.23685936648772363,-0.15774094809940215,0.18551820290428406,0.6409872429647467,0.014615975150724932,0.012760534869871987,-0.003602453472503493,-0.036745799072036504,,,,67.51016098664954
269,2016,4,0.043225157089467,-2.2873967763221796,0.7173339913963471,0,11,67.51016098664954,0,0.642933028580269,-0.16849840958458773,0.19523700091264126,0.48293407240873454,0.013968123851593166,0.01998785343757901,0.007431072131149012,-0.054851932602808996,-0.003602453472503493,62.9197403696931,0.0,68.03092904978496
269,2017,4,0.043225157089467,-2.2873967763221796,0.7173339913963471,0,12,68.03092904978496,0,0.28509398235245764,-0.21308255317015118,0.2981270535544505,0.5647192806026659,0.0619563277050378,0.0011377443180843154,0.024449116911568577,-0.008621010211141979,0.007431072131149012,67.51016098664954,0.0,73.38558173769543
269,2018,4,0.043225157089467,-2.2873967763221796,0.7173339913963471,0,13,73.38558173769543,0,0.34562723352013336,-0.14480904135670358,0.27057807416921953,0.24486051021319305,0.06605403469725168,-0.007172787753065669,0.06724774424710121,0.02034232337716718,0.024449116911568577,68.03092904978496,0.0,66.3449998848222
269,2019,4,0.043225157089467,-2.2873967763221796,0.7173339913963471,0,14,66.3449998848222,0,0.5481968934873921,-0.23208882212858178,0.2697249209080985,0.5077250977708707,0.026496349367244806,0.02948944556107195,0.02093252305834796,-0.039775633130221186,0.06724774424710121,73.38558173769543,0.0,64.98863675081301
269,2020,4,0.043225157089467,-2.2873967763221796,0.7173339913963471,0,15,64.98863675081301,0,-0.08584234770597654,-0.1572554830095857,0.13287564601562724,0.3828152329905785,0.008460518117734399,-0.014191356523956158,-0.03702158322228462,-0.045750528684888596,0.02093252305834796,66.3449998848222,0.0,65.93861851732596
269,2021,4,0.043225157089467,-2.2873967763221796,0.7173339913963471,0,16,65.93861851732596,0,0.5966626932788766,-0.18353621667514025,0.33755348077735164,0.6086602294838738,0.04531861974551717,0.014271265640451235,0.04654281499629388,-0.016606951968105826,-0.03702158322228462,64.98863675081301,0.0,80.65407014933925
269,2022,4,0.043225157089467,-2.2873967763221796,0.7173339913963471,0,17,80.65407014933925,0,0.7498722427836872,-0.15017472807559168,0.1782950702787526,0.618884955071516,0.04169741529930916,-0.005558762403507006,0.070822769770724,0.0008404646365100508,0.04654281499629388,65.93861851732596,0.0,82.89155460521289
269,2023,4,0.043225157089467,-2.2873967763221796,0.7173339913963471,0,18,82.89155460521289,0,0.7770915578115203,-0.3056118110117954,0.21906822925021632,0.5409034183588757,0.042891653453056816,0.007519552057359345,0.025709516708936092,-0.04220889822494392,0.070822769770724,80.65407014933925,0.0,82.11179681665257
269,2024,4,0.043225157089467,-2.2873967763221796,0.7173339913963471,0,19,82.11179681665257,0,0.852271382424841,-0.26979244764617694,0.12820104612026595,0.44042293117375053,0.034692490725753665,0.02240521633609643,0.09163245310873426,0.01429196191276945,0.025709516708936092,82.89155460521289,0.0,
270,2015,0,-1.2327317453862494,-0.22529227411900313,0.12191375457265788,0,5,58.371628242595435,0,1.084819671709618,-0.09510930694684563,0.18195196594278146,0.6096383811987027,-0.020087010914450847,0.07048342639061607,0.13501280571510987,0.028011186758301436,,,,49.21197850890459
270,2016,0,-1.2327317453862494,-0.22529227411900313,0.12191375457265788,0,6,49.21197850890459,0,1.084408190704878,0.01311167514448575,0.12859830489932544,0.24752636987824295,0.004300647741989142,0.05184653875984259,0.10188939052469025,-0.015089600530834524,0.13501280571510987,58.371628242595435,0.0,48.38476541044415
270,2017,0,-1.2327317453862494,-0.22529227411900313,0.12191375457265788,0,7,48.38476541044415,0,0.7662345838644847,0.060707689569806655,0.23698476685063036,0.7260255759461118,-0.003065324647045742,0.022757229198794058,0.09632124499477072,0.009714025607806237,0.10188939052469025,49.21197850890459,0.0,45.66648256554597
270,2018,0,-1.2327317453862494,-0.22529227411900313,0.12191375457265788,0,8,45.66648256554597,0,1.5074257487988632,0.020855098634144306,0.19369181372410313,0.3022641633333844,0.03506627781269552,0.059423938788437713,0.1794639283887269,0.02861136159685911,0.09632124499477072,48.38476541044415,0.0,50.18762374019477
270,2019,0,-1.2327317453862494,-0.22529227411900313,0.12191375457265788,0,9,50.18762374019477,0,0.7653034134214758,-0.08326393498657754,0.3252449600195195,0.3564600529688102,0.031577128005498487,-0.0028333917945103163,0.10165701960630108,0.01734230182079222,0.1794639283887269,45.66648256554597,0.0,47.002739560263485
270,2020,0,-1.2327317453862494,-0.22529227411900313,0.12191375457265788,0,10,47.002739560263485,0,1.3304151120456118,0.029405330677900483,0.12724641726797972,0.5024081629755754,0.010280188707336537,0.0604442670854653,0.14114559822752376,0.005549261854905697,0.10165701960630108,50.18762374019477,0.0,49.83615846615725
270,2021,0,-1.2327317453862494,-0.22529227411900313,0.12191375457265788,0,11,49.83615846615725,0,1.2505403982368941,-0.009315237080087982,0.2589921159629669,0.3292978858132539,0.016500995228521692,0.03582882130258278,0.1522594618949897,0.020710765905904847,0.14114559822752376,47.002739560263485,0.0,42.36956637841125
270,2022,0,-1.2327317453862494,-0.22529227411900313,0.12191375457265788,0,12,42.36956637841125,0,1.8206884801904177,0.043635727256625664,0.2047263192204033,0.4718699049978568,-0.008661129072441015,0.02833217962489299,0.2076446676029489,0.03701512514068375,0.1522594618949897,49.83615846615725,0.0,40.09048990254829
270,2023,0,-1.2327317453862494,-0.22529227411900313,0.12191375457265788,0,13,40.09048990254829,0,1.4426122683480116,0.029029238881419655,0.24601522607671328,0.5827751000215451,-0.031746891926007,0.04797771257194172,0.13544912031112274,-0.014525373701177728,0.2076446676029489,42.36956637841125,0.0,46.573627041138586
270,2024,0,-1.2327317453862494,-0.22529227411900313,0.12191375457265788,0,14,46.573627041138586,0,1.144280605112759,0.013253621253920829,0.19409188586573706,0.4542362538133648,0.022794074530141414,0.07733952337691762,0.14799577874796568,0.014364917829901678,0.13544912031112274,40.09048990254829,0.0,
271,2015,0,1.0869518414009138,1.2015529687371431,0.31904437670494357,0,24,66.93839781797024,0,2.0953494234249197,0.29798836660354616,0.46600399742428267,0.32181762126198576,0.056648604093944156,0.0906811481853899,0.23005174360479114,-0.010454932607155815,,,,72.1041313467455
271,2016,0,1.0869518414009138,1.2015529687371431,0.31904437670494357,0,25,72.1041313467455,0,2.5245837373971716,0.3108193348774244,0.3034140281548042,0.3008313516568208,0.058645725612884614,0.06290476760338884,0.23510604166259735,-0.029559706568716825,0.23005174360479114,66.93839781797024,0.0,72.37702760340073
271,2017,0,1.0869518414009138,1.2015529687371431,0.31904437670494357,0,26,72.37702760340073,0,1.7753939088928423,0.33040753613262736,0.2071948941664025,0.44702984788872824,0.06905399512496618,0.04872298936649817,0.24097802750479486,0.035370603358873626,0.23510604166259735,72.1041313467455,0.0,75.79233186927621
271,2018,0,1.0869518414009138,1.2015529687371431,0.31904437670494357,0,27,75.79233186927621,0,1.922135872536093,0.09966272569650374,0.1695852729700125,0.43308233757081926,0.08061413408115634,0.10425360672546496,0.2174462328379198,0.005960452078792299,0.24097802750479486,72.37702760340073,0.0,82.13884259939435
271,2019,0,1.0869518414009138,1.2015529687371431,0.31904437670494357,0,28,82.13884259939435,1,2.023817073235194,0.26920031084110885,0.2938817279219506,0.7252649256433469,0.04099848630127406,0.10464595783972488,0.29250110981965255,0.06182460884479106,0.2174462328379198,75.79233186927621,0.0,83.33571518637241
271,2020,0,1.0869518414009138,1.2015529687371431,0.31904437670494357,0,29,83.33571518637241,0,2.1437152391207936,0.1788308302333949,0.3925260719704904,0.6318076375439825,0.04759503077875686,0.08701094973918048,0.25194217101092226,0.014944857410924458,0.29250110981965255,82.13884259939435,1.0,84.34271301182872
271,2021,0,1.0869518414009138,1.2015529687371431,0.31904437670494357,0,30,84.34271301182872,0,2.411079580946051,0.02997900413449056,0.2603575155045178,0.31869139083757875,0.06010291460967299,0.08184839263504501,0.26059716424781143,0.016644991705313958,0.25194217101092226,83.33571518637241,0.0,92.3230842026366
271,2022,0,1.0869518414009138,1.2015529687371431,0.31904437670494357,0,31,92.3230842026366,0,2.4206539281197066,0.32842975192155754,0.37312895742428004,0.3329567456367264,0.05884592756469478,0.0771414215238969,0.32020762072480424,0.04929089230758678,0.26059716424781143,84.34271301182872,0.0,98.5573149494242
271,2023,0,1.0869518414009138,1.2015529687371431,0.31904437670494357,0,32,98.5573149494242,0,2.869336261902169,0.2602920138749653,0.35873371974673,0.4061015790911136,0.05143673328942607,0.08363836538259113,0.2707274774623676,-0.029246906709429088,0.32020762072480424,92.3230842026366,0.0,100.0
271,2024,0,1.0869518414009138,1.2015529687371431,0.31904437670494357,0,33,100.0,1,2.604723135354879,0.24774313279643734,0.22908839099305559,0.4283177874012864,0.058651924712999404,0.07734998514302033,0.2854361566679402,0.012041468160591682,0.2707274774623676,98.5573149494242,0.0,
272,2015,9,-1.5504587073920368,-0.18332152727202472,1.174190600605685,1,25,51.488195945018056,0,1.0296946651724903,0.06351055108181863,0.3835892289169145,0.4457372236171905,-0.013581984431173354,0.0623072272124912,0.20099201101489372,0.037839135908914655,,,,53.50094080852981
272,2016,9,-1.5504587073920368,-0.18332152727202472,1.174190600605685,1,26,53.50094080852981,0,1.0779163434621566,-0.07032395520730375,0.18430414223615516,0.540354056329663,0.007374843593283043,0.04926709196544685,0.15978547453377892,0.011137261663157408,0.20099201101489372,51.488195945018056,0.0,49.64133446029781
272,2017,9,-1.5504587073920368,-0.18332152727202472,1.174190600605685,1,27,49.64133446029781,0,1.2751165133931237,-0.07479476869861514,0.10411245719619631,0.6659146860646019,-0.03160598173223307,0.030501328659439275,0.15504406854895492,0.0027523094438622795,0.15978547453377892,53.50094080852981,0.0,54.869100197061435
272,2018,9,-1.5504587073920368,-0.18332152727202472,1.174190600605685,1,28,54.869100197061435,0,1.5705150022202958,-0.05444736348913422,0.17179860866685628,0.6843630669532941,-0.025865467079729795,0.022805814799383088,0.22029207667534786,0.044695340913447214,0.15504406854895492,49.64133446029781,0.0,53.45496035609341
272,2019,9,-1.5504587073920368,-0.18332152727202472,1.174190600605685,1,29,53.45496035609341,0,0.6723693487155777,-0.1155526702398632,0.2702052073529561,0.5899502904270736,-0.012922809907315863,0.04453641008576095,0.19265623383267147,0.07108721369062967,0.22029207667534786,54.869100197061435,0.0,60.614710137199786
272,2020,9,-1.5504587073920368,-0.18332152727202472,1.174190600605685,1,30,60.614710137199786,0,1.3002649793424306,0.0781162539913025,0.3135414680942623,0.41493172779241067,-0.018501809802352574,0.06156263082295923,0.1771269585203814,-0.01153580460630911,0.19265623383267147,53.45496035609341,0.0,64.25286116025121
272,2021,9,-1.5504587073920368,-0.18332152727202472,1.174190600605685,1,31,64.25286116025121,0,1.1179346666855914,-0.05220080271001966,0.11486847076967112,0.674482006113628,-0.031584447303549666,0.05872438337304927,0.15650374862980848,0.0021996681072478912,0.1771269585203814,60.614710137199786,0.0,66.56264610720274
272,2022,9,-1.5504587073920368,-0.18332152727202472,1.174190600605685,1,32,66.56264610720274,0,1.2401072005485905,0.015111557628803588,0.2546251083124306,0.5544666778611481,0.005285170408533265,0.03330343588402439,0.15591621884978146,-0.013471494022496243,0.15650374862980848,64.25286116025121,0.0,74.35685009221358
272,2023,9,-1.5504587073920368,-0.18332152727202472,1.174190600605685,1,33,74.35685009221358,0,1.3778485909966556,0.1079842581442386,0.10919075555668596,0.44914207467431266,-0.012431154357323728,0.058012152114468044,0.18238020056757198,-0.007082943876340992,0.15591621884978146,66.56264610720274,0.0,76.6384946730956
272,2024,9,-1.5504587073920368,-0.18332152727202472,1.174190600605685,1,34,76.6384946730956,1,1.8701815009069482,0.10950182808459626,0.32472179496490755,0.5158141850472606,-0.00039776297307216046,0.05434876800515959,0.19803750957541041,-0.0334299057153063,0.18238020056757198,74.35685009221358,0.0,
273,2015,2,0.23678174446118494,-0.15479758061461507,0.7152281429301751,1,19,61.72186423621811,0,1.6172435253681114,0.10273589485758708,0.19830162665909148,0.5337971114155566,0.04675539529860139,0.046126887499150934,0.19409056818687428,0.03063524600707958,,,,67.9103187028916
273,2016,2,0.23678174446118494,-0.15479758061461507,0.7152281429301751,1,20,67.9103187028916,0,1.4744356609479654,0.1280716297552309,0.2789633168724048,0.6882610210525139,0.0218421749709058,0.04671446588876558,0.19228409237136532,0.03315401888350487,0.19409056818687428,61.72186423621811,0.0,59.3206976729565
273,2017,2,0.23678174446118494,-0.15479758061461507,0.7152281429301751,1,21,59.3206976729565,0,1.437872682453407,0.20130379287008604,0.33254251964579895,0.5148122854486775,0.05107937288785173,0.027079840724665405,0.13673642216909937,-0.026744813954408076,0.19228409237136532,67.9103187028916,0.0,59.81989152629264
273,2018,2,0.23678174446118494,-0.15479758061461507,0.7152281429301751,1,22,59.81989152629264,0,1.004677584090051,0.11845896232597466,0.3455390100333398,0.6685251311375434,0.05439092229463222,0.04811899362916782,0.14294316682198863,0.01441606722260383,0.13673642216909937,59.3206976729565,0.0,60.276582191492835
273,2019,2,0.23678174446118494,-0.15479758061461507,0.7152281429301751,1,23,60.276582191492835,0,1.714928028185752,0.10486632403959337,0.3539780469694488,0.47433818106403436,0.006944651949291104,0.04393957068627291,0.18444983481846125,0.0031779518237836954,0.14294316682198863,59.81989152629264,0.0,64.41113505127949
273,2020,2,0.23678174446118494,-0.15479758061461507,0.7152281429301751,1,24,64.41113505127949,0,1.2800965594965394,0.16378050292606633,0.28034223395556307,0.2852239431508674,0.06889533679105297,0.056499248963316276,0.21546454126485942,0.05404403545139378,0.18444983481846125,60.276582191492835,0.0,69.59737973855133
273,2021,2,0.23678174446118494,-0.15479758061461507,0.7152281429301751,1,25,69.59737973855133,0,1.6481366754958386,0.09623486325596237,0.21188101904666448,0.48276111874630023,0.04053619311510946,0.0022044022553502143,0.167269680912685,0.001506401654263658,0.21546454126485942,64.41113505127949,0.0,71.3591255881504
273,2022,2,0.23678174446118494,-0.15479758061461507,0.7152281429301751,1,26,71.3591255881504,0,1.3214453962589972,0.049520847545303025,0.19165582940038006,0.6836121527234393,0.014371487041644797,0.04008082375802689,0.14797423278494673,0.004881337667322673,0.167269680912685,69.59737973855133,0.0,75.66121090937877
273,2023,2,0.23678174446118494,-0.15479758061461507,0.7152281429301751,1,27,75.66121090937877,0,1.6213504475471217,0.06605271259914443,0.2903892744086285,0.2957763523868353,0.03773130610868021,0.0409917661936622,0.17349757989878248,-0.0027994497451212528,0.14797423278494673,71.3591255881504,0.0,80.69763744551639
273,2024,2,0.23678174446118494,-0.15479758061461507,0.7152281429301751,1,28,80.69763744551639,0,1.4320100162809508,0.05977367907935046,0.18487559290412106,0.49162087486671524,0.003280779735934304,0.03256267951096564,0.1110651138062966,-0.044243605089659015,0.17349757989878248,75.66121090937877,0.0,
274,2015,9,0.3470475929570728,0.24313716370595484,-0.38497330033412547,1,4,67.36035287780075,1,1.613142831219669,0.10827425570232208,0.30930811309265244,0.4845503335867142,0.060206437030276866,0.04224518030848173,0.22687968819180193,0.02046826677455409,,,,73.24565030215318
274,2016,9,0.3470475929570728,0.24313716370595484,-0.38497330033412547,1,5,73.24565030215318,0,2.0751260875530795,0.20026027506600969,0.28223296589672403,0.3406843272707168,0.06448733788288136,0.0452436070003109,0.2592222591842256,0.006500673183698185,0.22687968819180193,67.36035287780075,1.0,70.80575514550166
274,2017,9,0.3470475929570728,0.24313716370595484,-0.38497330033412547,1,6,70.80575514550166,0,1.878315851736728,-0.00915243668666435,0.23649011231475855,0.36834134181340794,0.0606198507318872,0.048151503946195696,0.23500441594182211,0.01106351968473879,0.2592222591842256,73.24565030215318,0.0,71.30752521892455
274,2018,9,0.3470475929570728,0.24313716370595484,-0.38497330033412547,1,7,71.30752521892455,0,1.4211916499458344,-0.046180765512918914,0.2469998962592548,0.39061726803927804,0.09229134731882437,0.05233702278193861,0.18980153982471729,-0.0004454582297628486,0.23500441594182211,70.80575514550166,0.0,81.85349378789003
274,2019,9,0.3470475929570728,0.24313716370595484,-0.38497330033412547,1,8,81.85349378789003,0,1.3994060578533745,0.12563846063151257,0.3712301868896362,0.386090816753027,0.054380457573562795,0.03282645531647026,0.1688151777505222,-0.03215327593237758,0.18980153982471729,71.30752521892455,0.0,77.45557902579161
274,2020,9,0.3470475929570728,0.24313716370595484,-0.38497330033412547,1,9,77.45557902579161,1,1.4661216143301643,0.1846890425988601,0.20271366746458866,0.31501402454973526,0.07178900046805384,0.04936817180965481,0.23676147280810622,0.02724276032366187,0.1688151777505222,81.85349378789003,0.0,81.66807614537
274,2021,9,0.3470475929570728,0.24313716370595484,-0.38497330033412547,1,10,81.66807614537,0,1.111261708098029,-0.0674111095917709,0.42719067728150306,0.24896602689863367,0.024475728899383094,0.03980889188006684,0.1335026372018645,-0.042493415676555096,0.23676147280810622,77.45557902579161,1.0,83.68268938250667
274,2022,9,0.3470475929570728,0.24313716370595484,-0.38497330033412547,1,11,83.68268938250667,0,1.755985583888938,-0.017907017626443575,0.32872858888445955,0.35835726996889844,0.04331007359531907,0.062069653557364095,0.19901338339617008,-0.022916848155411326,0.1335026372018645,81.66807614537,0.0,89.37736084016471
274,2023,9,0.3470475929570728,0.24313716370595484,-0.38497330033412547,1,12,89.37736084016471,0,1.4491181405880553,0.18844788650560718,0.23820348901350283,0.3916749087087813,0.04211402554647309,0.04882225158439357,0.18677608657000297,-0.025627919430636536,0.19901338339617008,83.68268938250667,0.0,96.32819470074595
274,2024,9,0.3470475929570728,0.24313716370595484,-0.38497330033412547,1,13,96.32819470074595,0,1.6661464788974234,0.1505226191285367,0.35464743261689224,0.3713862183518067,0.059009956066688234,0.05235441852261238,0.1678614673249343,-0.06271495476349936,0.18677608657000297,89.37736084016471,0.0,
275,2015,9,0.4650406684792618,0.1344214820804008,-0.4002503716910314,1,11,67.11156722091766,0,1.2455593487622012,0.025934040587600002,0.2974189406797783,0.34283439018252543,0.08668101956794473,0.08165583907390411,0.17635385677702842,-0.0032714555155978985,,,,62.86563904991989
275,2016,9,0.4650406684792618,0.1344214820804008,-0.4002503716910314,1,12,62.86563904991989,0,1.5822172271147605,0.03790903315879725,0.28066605240017695,0.3416065037440288,0.00907080104727774,0.03750787334372603,0.2237687156229579,0.027425123667450667,0.17635385677702842,67.11156722091766,0.0,65.39244862081473
275,2017,9,0.4650406684792618,0.1344214820804008,-0.4002503716910314,1,13,65.39244862081473,0,1.815950163142301,0.00836648305874789,0.27533118712431437,0.3481141424019588,0.06956723813200859,0.06439650568790746,0.18513080961377723,-0.033898444324425424,0.2237687156229579,62.86563904991989,0.0,63.6159566324717
275,2018,9,0.4650406684792618,0.1344214820804008,-0.4002503716910314,1,14,63.6159566324717,0,1.6020439100742032,0.02398889894946076,0.39681600257827226,0.48578526876508055,0.046556859696885895,0.05769590220688981,0.16703164127046924,-0.03807627890016698,0.18513080961377723,65.39244862081473,0.0,66.99567007581398
275,2019,9,0.4650406684792618,0.1344214820804008,-0.4002503716910314,1,15,66.99567007581398,0,1.3752537236574407,0.1396959583504485,0.3279394674248161,0.44731252444380903,0.07810489119863175,0.03663909721507552,0.19767818926520622,0.005962258061390408,0.16703164127046924,63.6159566324717,0.0,64.74403498577381
275,2020,9,0.4650406684792618,0.1344214820804008,-0.4002503716910314,1,16,64.74403498577381,0,1.6261165809701272,0.16713480483441823,0.1787720721839467,0.6511910378038285,0.03356831345530803,0.02373969671509293,0.1980316667334075,-0.003517672959503108,0.19767818926520622,66.99567007581398,0.0,73.7630356865454
275,2021,9,0.4650406684792618,0.1344214820804008,-0.4002503716910314,1,17,73.7630356865454,0,2.077101672774712,0.040770518269116575,0.16303448632308853,0.4899351018454116,0.037080520550827466,0.08707403991126692,0.27756434042457057,0.03599230380910818,0.1980316667334075,64.74403498577381,0.0,79.20373265039855
275,2022,9,0.4650406684792618,0.1344214820804008,-0.4002503716910314,1,18,79.20373265039855,0,2.100421475134344,0.03371684633413646,0.2004567915622219,0.474872148989025,0.06280429903143653,0.09494610018342925,0.26134352282339945,0.011492994161313615,0.27756434042457057,73.7630356865454,0.0,84.75145913974855
275,2023,9,0.4650406684792618,0.1344214820804008,-0.4002503716910314,1,19,84.75145913974855,0,1.5636095451857417,-0.027439972856885167,0.1911524883860959,0.39946811163332885,0.0401791585747672,0.043590152498829964,0.16969616792906378,-0.027642789675032562,0.26134352282339945,79.20373265039855,0.0,93.90221889018008
275,2024,9,0.4650406684792618,0.1344214820804008,-0.4002503716910314,1,20,93.90221889018008,0,1.9333435602775961,0.05508755688874596,0.3481660523380158,0.3563478696048931,0.07420303437711712,0.03830146179548508,0.193831705470159,-0.03842578073304744,0.16969616792906378,84.75145913974855,0.0,
276,2015,8,0.7183667452824409,-0.5176113439502785,0.13661522118546512,1,5,65.72210311879206,0,0.2633474097265993,0.07733001160602435,0.22260505806952924,0.5408022717799519,0.042451745214321226,0.03422826452249974,0.06418485711023197,-0.0163468200725368,,,,70.38206243463948
276,2016,8,0.7183667452824409,-0.5176113439502785,0.13661522118546512,1,6,70.38206243463948,0,0.9752605751513244,0.14888172244739004,0.07311035631893183,0.4576537704052376,0.04936558702964287,0.06792595247554128,0.14281810980708742,0.00402483603995386,0.06418485711023197,65.72210311879206,0.0,68.22972529230982
276,2017,8,0.7183667452824409,-0.5176113439502785,0.13661522118546512,1,7,68.22972529230982,0,1.7955140186886909,0.06740425664666617,0.3213787057672621,0.41070353053601666,0.06078172297109742,0.03264502365296969,0.181763940106767,-0.013508311536463981,0.14281810980708742,70.38206243463948,0.0,70.66158570978831
276,2018,8,0.7183667452824409,-0.5176113439502785,0.13661522118546512,1,8,70.66158570978831,0,1.5847905527126986,0.11648363203138139,0.2900232398865621,0.42883584722635826,0.04913849966863324,0.0475896936164469,0.17047429626032598,-0.018104821064277066,0.181763940106767,68.22972529230982,0.0,73.88973272293674
276,2019,8,0.7183667452824409,-0.5176113439502785,0.13661522118546512,1,9,73.88973272293674,1,1.756094230715092,-0.013568000168890568,0.2898320709854051,0.40104706313684313,0.07569056390544215,0.02396181440128835,0.18253480354224771,-0.0039456562754613496,0.17047429626032598,70.66158570978831,0.0,80.96993817897109
276,2020,8,0.7183667452824409,-0.5176113439502785,0.13661522118546512,1,10,80.96993817897109,0,1.205545738888824,0.04613768061229584,0.22229788789983193,0.286147921075662,0.058317213310992315,0.07108595601666375,0.15243886892766334,-0.011946280996305755,0.18253480354224771,73.88973272293674,1.0,80.6286371215845
276,2021,8,0.7183667452824409,-0.5176113439502785,0.13661522118546512,1,11,80.6286371215845,0,1.7478884223760047,0.10781673596726397,0.24461092725812325,0.34501641955860063,0.059647798864012974,0.03762468836326107,0.19853970184442582,-0.00040723920832273677,0.15243886892766334,80.96993817897109,0.0,83.64855674443577
276,2022,8,0.7183667452824409,-0.5176113439502785,0.13661522118546512,1,12,83.64855674443577,0,1.2157439628041586,0.07200494362314284,0.3121505913888993,0.39576281336590463,0.07967302740467007,0.06226592099878072,0.1510372932101735,-0.017705117061038687,0.19853970184442582,80.6286371215845,0.0,83.7110086952041
276,2023,8,0.7183667452824409,-0.5176113439502785,0.13661522118546512,1,13,83.7110086952041,0,2.1227299684326977,-0.020016318824671756,0.1502811841184156,0.5879378713084421,0.08734002965348966,0.07994950216619928,0.21832446108833886,-0.0012854339621597795,0.1510372932101735,83.64855674443577,0.0,88.65849361528126
276,2024,8,0.7183667452824409,-0.5176113439502785,0.13661522118546512,1,14,88.65849361528126,0,1.7325357122616987,-0.07733781134448688,0.2109113390010673,0.6100960758927808,0.04925510428907388,0.026242582021635517,0.17032559701365696,-0.010397255146746446,0.21832446108833886,83.7110086952041,0.0,
277,2015,7,0.8392898963409653,-0.423537570749351,0.668026407157751,1,31,71.66323673304339,0,1.3215868778983129,0.07102042202866096,0.37541551562114955,0.3512311848215954,0.06655151339647758,0.03213762144485704,0.2162149675017935,0.04999590966340573,,,,77.2729407157976
277,2016,7,0.8392898963409653,-0.423537570749351,0.668026407157751,1,32,77.2729407157976,0,1.6494539689693062,-0.03548305790941195,0.21289543127482988,0.6165999240006158,0.06559040357384043,0.0231585845986666,0.20115138588817746,0.028131887539580215,0.2162149675017935,71.66323673304339,0.0,73.45826876560791
277,2017,7,0.8392898963409653,-0.423537570749351,0.668026407157751,1,33,73.45826876560791,0,1.2184136165909498,0.04124176442503066,0.1952981636963343,0.3928207882854553,0.043115083414025014,0.02879257847056043,0.15015269805027315,-0.003629050618606941,0.20115138588817746,77.2729407157976,0.0,77.98514069816027
277,2018,7,0.8392898963409653,-0.423537570749351,0.668026407157751,1,34,77.98514069816027,0,0.9964339790339747,0.08780065691494547,0.2521115033960416,0.4989659459506447,0.05127322717631419,0.03586107115424554,0.15403548933840025,0.011381745067327531,0.15015269805027315,73.45826876560791,0.0,78.84912485273604
277,2019,7,0.8392898963409653,-0.423537570749351,0.668026407157751,1,35,78.84912485273604,0,1.6018435175129015,-0.05121224205624206,0.23058283409392888,0.4252180387501271,0.04830079952352549,0.04729683372067822,0.19139778835234367,0.012451261821185831,0.15403548933840025,77.98514069816027,0.0,82.25912318962743
277,2020,7,0.8392898963409653,-0.423537570749351,0.668026407157751,1,36,82.25912318962743,0,1.3441559103467022,-0.07105504794293996,0.19982135756456293,0.4297829234007432,0.0666463127353502,0.02508214788707853,0.16812969689957258,0.012670030190029779,0.19139778835234367,78.84912485273604,0.0,79.58956191713422
277,2021,7,0.8392898963409653,-0.423537570749351,0.668026407157751,1,37,79.58956191713422,1,1.083901656389254,0.10974521757595941,0.21765523086532307,0.35357836288811706,0.06003821242778168,0.0339928795722886,0.15304248059016673,-0.001990360997777297,0.16812969689957258,82.25912318962743,0.0,77.24801894690711
277,2022,7,0.8392898963409653,-0.423537570749351,0.668026407157751,1,38,77.24801894690711,0,1.7142950432100181,-0.03663152587121353,0.3263252443707761,0.29057810865430933,0.04764728246644163,0.013570731546809673,0.16342026021564704,-0.025474171123422578,0.15304248059016673,79.58956191713422,1.0,78.83761618459982
277,2023,7,0.8392898963409653,-0.423537570749351,0.668026407157751,1,39,78.83761618459982,0,1.8403637824173216,0.01391942172431801,0.3429755461652373,0.37997186940883837,0.06305908892489012,0.021783342951963883,0.1837715906383402,-0.01996476929420739,0.16342026021564704,77.24801894690711,0.0,84.93429203957915
277,2024,7,0.8392898963409653,-0.423537570749351,0.668026407157751,1,40,84.93429203957915,0,1.664621214404519,0.10483085823006344,0.2346662467350964,0.3873029119667193,0.03901775346179953,0.020787946231355405,0.1277122018268017,-0.06810110715573812,0.1837715906383402,78.83761618459982,0.0,
278,2015,2,-0.3369735651602964,-1.1901387374320667,-1.5769400034963592,0,30,57.28339802735081,0,1.002921551932957,0.02257973591091368,0.24641940000615908,0.21893676951408042,0.06451611937594885,0.017089421690603554,0.09117516874006858,-0.02274536214538737,,,,60.441873161576424
278,2016,2,-0.3369735651602964,-1.1901387374320667,-1.5769400034963592,0,31,60.441873161576424,0,0.487908450507794,0.07739515488104402,0.2593476198369458,0.31648670443442783,0.06768119439043901,0.030744528942362057,0.08685782868781933,0.0030486640400468694,0.09117516874006858,57.28339802735081,0.0,58.54826037680951
278,2017,2,-0.3369735651602964,-1.1901387374320667,-1.5769400034963592,0,32,58.54826037680951,0,0.8184856959637276,0.0037000081274018437,0.40705572136169493,0.4021916112747169,0.03174483536583175,0.004440394423856808,0.12039596099399219,0.020547487781671453,0.08685782868781933,60.441873161576424,0.0,61.75098912163805
278,2018,2,-0.3369735651602964,-1.1901387374320667,-1.5769400034963592,0,33,61.75098912163805,0,0.48629455564143365,-0.08458969889941954,0.32970956549707586,0.229420691149268,0.06628591218451996,0.04247444689376548,0.07519807275466832,-0.006099720413871674,0.12039596099399219,58.54826037680951,0.0,66.25421194739658
278,2019,2,-0.3369735651602964,-1.1901387374320667,-1.5769400034963592,0,34,66.25421194739658,0,1.348214349440362,0.029691474984348376,0.37475277931590506,0.3030599486059796,0.04587482417376395,0.004173610651397,0.09094596024932991,-0.050117193951734834,0.07519807275466832,61.75098912163805,0.0,64.80043858694705
278,2020,2,-0.3369735651602964,-1.1901387374320667,-1.5769400034963592,0,35,64.80043858694705,0,0.7449176826880043,-0.05390864073358569,0.3740391061316039,0.4639608032233011,0.05104166973819188,0.037172564845611836,0.07181676911848095,-0.02696535131349389,0.09094596024932991,66.25421194739658,0.0,66.48907637251435
278,2021,2,-0.3369735651602964,-1.1901387374320667,-1.5769400034963592,0,36,66.48907637251435,0,1.1175507956543322,-0.06132721363200973,0.3424036916919369,0.44631546410808487,0.0665932591343045,0.052691683434463316,0.1630296748489555,0.03560937729217784,0.07181676911848095,64.80043858694705,0.0,74.14766802267697
278,2022,2,-0.3369735651602964,-1.1901387374320667,-1.5769400034963592,0,37,74.14766802267697,0,1.4412989014263666,-0.1404862114741799,0.3306831547464271,0.4268738176530286,0.038938664467751134,0.009817141787341482,0.1760463921492104,0.03762961406172626,0.1630296748489555,66.48907637251435,0.0,71.0980857959228
278,2023,2,-0.3369735651602964,-1.1901387374320667,-1.5769400034963592,0,38,71.0980857959228,0,1.1420936242060304,-0.11519269197714851,0.5018989517198309,0.2634814466575341,0.05484758035378229,0.025386117654248943,0.10486386644295033,-0.028475621328273266,0.1760463921492104,74.14766802267697,0.0,70.68198671321731
278,2024,2,-0.3369735651602964,-1.1901387374320667,-1.5769400034963592,0,39,70.68198671321731,0,1.2789306234217617,0.05677593561609805,0.2803486075495628,0.11027124198520513,0.0511582317636822,0.00845083208431931,0.09628971600189339,-0.04914302634126454,0.10486386644295033,71.0980857959228,0.0,
279,2015,7,-1.062666479572216,2.551026510404918,-0.5796938766386832,1,13,54.106222483078106,0,2.194565078539514,0.29506941303815803,0.24060891226096984,0.3239142240723817,0.04356178685113604,0.06464173815854396,0.2453972668367742,-0.01752013952223863,,,,55.47512549187579
279,2016,7,-1.062666479572216,2.551026510404918,-0.5796938766386832,1,14,55.47512549187579,0,2.514252554082438,0.27489321379724696,0.5232603542744271,0.5700867701886494,0.008954137789204149,0.08541842685116753,0.27129140874856295,-0.028120143334354992,0.2453972668367742,54.106222483078106,0.0,63.092160777827466
279,2017,7,-1.062666479572216,2.551026510404918,-0.5796938766386832,1,15,63.092160777827466,0,2.8230383988983876,0.275241396668975,0.17371989031514765,0.45446412406313746,0.007195453526493721,0.10637424398616696,0.2887315233284513,-0.028894575906609588,0.27129140874856295,55.47512549187579,0.0,59.553980418097034
279,2018,7,-1.062666479572216,2.551026510404918,-0.5796938766386832,1,16,59.553980418097034,0,2.042788547903739,0.3171820260919578,0.3577706439172591,0.4728905645080506,0.028357399883502957,0.1006383101721753,0.2728401268764408,0.0002847303231381818,0.2887315233284513,63.092160777827466,0.0,63.39909860299841
279,2019,7,-1.062666479572216,2.551026510404918,-0.5796938766386832,1,17,63.39909860299841,0,2.7566238240765704,0.2138399519290764,0.3319096198432764,0.4735643930864309,0.023864977618814627,0.12166233746217459,0.3469374959759522,0.027802223008888197,0.2728401268764408,59.553980418097034,0.0,63.06179771583216
279,2020,7,-1.062666479572216,2.551026510404918,-0.5796938766386832,1,18,63.06179771583216,0,2.830992258931219,0.29714256192396726,0.3754102973429312,0.36529409156224923,0.02693901571898475,0.08253898759249642,0.27440590699667305,-0.05424927874821323,0.3469374959759522,63.39909860299841,0.0,67.36366523277658
279,2021,7,-1.062666479572216,2.551026510404918,-0.5796938766386832,1,19,67.36366523277658,0,2.605156790826312,0.2669830563173703,0.20327082322338022,0.36578640091884307,-0.0015201305499073225,0.09822444198959976,0.29679935646202993,-0.009820689329474178,0.27440590699667305,63.06179771583216,0.0,74.20903412028206
279,2022,7,-1.062666479572216,2.551026510404918,-0.5796938766386832,1,20,74.20903412028206,0,3.167154202855901,0.44042644940262093,0.2271542778770938,0.3721990803959214,0.002758325453742619,0.06856224486339327,0.3356108838693051,-0.01903919332021656,0.29679935646202993,67.36366523277658,0.0,82.43210575122015
279,2023,7,-1.062666479572216,2.551026510404918,-0.5796938766386832,1,21,82.43210575122015,0,2.2094712699778727,0.24533943824065477,0.29818065187372395,0.5178322347482384,0.03346478245108199,0.1311635784076931,0.3194492300618407,0.029847247524944533,0.3356108838693051,74.20903412028206,0.0,81.58858656438605
279,2024,7,-1.062666479572216,2.551026510404918,-0.5796938766386832,1,22,81.58858656438605,0,2.1829437851254028,0.41396093923043675,0.21902278494635474,0.6093181270960182,0.03684544076679489,0.06724397964696625,0.3063295944923065,0.024622360323795986,0.3194492300618407,82.43210575122015,0.0,
280,2015,0,-0.6853042680896904,-0.5323625899677347,-0.7917311377685174,0,34,57.91948249636725,0,0.7032951403912042,-0.07531727831968389,0.278207960477346,0.3906185871456773,0.05359850327542709,0.041082428638762096,0.06835790730727458,-0.009420975818546768,,,,53.62516410986825
280,2016,0,-0.6853042680896904,-0.5323625899677347,-0.7917311377685174,0,35,53.62516410986825,0,1.281381423026744,0.06640711986137272,0.13865552898853736,0.27990189011538996,0.08019930432751937,0.05058662464091193,0.15547733288024523,0.028116022825670897,0.06835790730727458,57.91948249636725,0.0,54.86601345117256
280,2017,0,-0.6853042680896904,-0.5323625899677347,-0.7917311377685174,0,36,54.86601345117256,0,1.2190677826188403,-0.028473329275706845,0.5239389375107671,0.5062883042396497,-0.00887250549998568,0.05114964882289914,0.13995808748432115,0.010486126642628662,0.15547733288024523,53.62516410986825,0.0,47.249038204170596
280,2018,0,-0.6853042680896904,-0.5323625899677347,-0.7917311377685174,0,37,47.249038204170596,0,1.0830754152259834,-0.01349811927852151,0.2543309732508666,0.43213207597711056,0.03459225785799724,0.044451737688035925,0.10467892106188201,-0.007211555021852728,0.13995808748432115,54.86601345117256,0.0,42.214171006601774
280,2019,0,-0.6853042680896904,-0.5323625899677347,-0.7917311377685174,0,38,42.214171006601774,0,1.1699417902164453,0.06950009127805878,0.26903402890320155,0.4971304980873921,0.060014345036652025,0.04835784682837206,0.14097189442801095,0.016767636675861775,0.10467892106188201,47.249038204170596,0.0,46.90928602474199
280,2020,0,-0.6853042680896904,-0.5323625899677347,-0.7917311377685174,0,39,46.90928602474199,0,0.6760673351880094,-0.06760891063638066,0.4520762931963867,0.3391337758990539,0.03970356323426144,0.01804529686856121,0.054146888216168115,-0.02975177036711718,0.14097189442801095,42.214171006601774,0.0,50.43614123064633
280,2021,0,-0.6853042680896904,-0.5323625899677347,-0.7917311377685174,0,40,50.43614123064633,0,1.390392391091319,-0.14273011280996623,0.30434803161945545,0.3196718696704531,0.08605179331062524,0.03372063250145,0.12130182739582833,-0.003711772072741851,0.054146888216168115,46.90928602474199,0.0,60.03786804828698
280,2022,0,-0.6853042680896904,-0.5323625899677347,-0.7917311377685174,0,41,60.03786804828698,0,1.2226294315005717,-0.05396090918575035,0.18971487141334295,0.3535089019872614,0.02814126574531694,0.014979889806121898,0.10784529827937375,-0.006501409152106479,0.12130182739582833,50.43614123064633,0.0,66.69107829473045
280,2023,0,-0.6853042680896904,-0.5323625899677347,-0.7917311377685174,0,42,66.69107829473045,0,1.087692483828798,0.02247591779176796,0.1616111573447713,0.3271420287463363,0.045723474878820926,0.04068319021687867,0.1770398780133577,0.060474240594252965,0.10784529827937375,60.03786804828698,0.0,67.08421186238225
280,2024,0,-0.6853042680896904,-0.5323625899677347,-0.7917311377685174,0,43,67.08421186238225,0,1.714212638713847,-0.03483117547521731,0.30787400201440335,0.2944965283703258,0.018588226824149883,0.07660347806634912,0.15587583927524198,-0.017638472057065206,0.1770398780133577,66.69107829473045,0.0,
281,2015,1,-0.15674184386322845,-1.2689339279998464,-0.005816682118977187,0,15,61.78684620989585,0,0.47815982240817734,-0.03754060768938603,0.3344659556600279,0.3116334974435622,0.011520396901295294,0.016555116638359395,0.014488741195409362,-0.05624075935880734,,,,56.438039329405484
281,2016,1,-0.15674184386322845,-1.2689339279998464,-0.005816682118977187,0,16,56.438039329405484,0,0.7668765889868735,0.13186420835808782,0.29944205849612804,0.2922321945291219,0.07097806481398158,0.0428021411991486,0.13207987783698488,0.02596753377615464,0.014488741195409362,61.78684620989585,0.0,57.20204263305345
281,2017,1,-0.15674184386322845,-1.2689339279998464,-0.005816682118977187,0,17,57.20204263305345,0,0.6911725196288181,-0.13261444219967553,0.12779974315651924,0.37644801606637923,0.06940464166474186,0.044530743742821066,0.08734274847399648,0.008375685517119473,0.13207987783698488,56.438039329405484,0.0,65.07501524010706
281,2018,1,-0.15674184386322845,-1.2689339279998464,-0.005816682118977187,0,18,65.07501524010706,0,0.2680384944221901,-0.1054005507565613,0.2036690519929068,0.4532468551245592,0.04523862739874483,0.044522689770088414,0.06255539908913668,0.010461281273696886,0.08734274847399648,57.20204263305345,0.0,68.36860527941197
281,2019,1,-0.15674184386322845,-1.2689339279998464,-0.005816682118977187,0,19,68.36860527941197,0,1.3927091731757355,-0.1229227467908468,0.12077661854684534,0.29171844570319294,0.01280383086417438,0.0026947906798597265,0.11602189516131163,-0.0040033076440546995,0.06255539908913668,65.07501524010706,0.0,70.303499664068
281,2020,1,-0.15674184386322845,-1.2689339279998464,-0.005816682118977187,0,20,70.303499664068,0,1.2338378332518436,0.02657419201103174,0.18907282900020742,0.47949152791662164,0.06509350676804122,0.013624865110126269,0.13557385518314868,0.011061679394800508,0.11602189516131163,68.36860527941197,0.0,71.56833599320791
281,2021,1,-0.15674184386322845,-1.2689339279998464,-0.005816682118977187,0,21,71.56833599320791,0,1.1938694224307702,-0.059930081472151286,0.313436656417113,0.2587289153859659,0.040372716310517046,0.0386354256888055,0.12884145485515514,-0.0021483201834831983,0.13557385518314868,70.303499664068,0.0,72.79561418190018
281,2022,1,-0.15674184386322845,-1.2689339279998464,-0.005816682118977187,0,22,72.79561418190018,0,0.5194597317241516,-0.13397638264349318,0.2740137847859111,0.6407115902496713,0.037934427922608774,0.03618651065986707,0.14023591373716973,0.07006266275861972,0.12884145485515514,71.56833599320791,0.0,77.03818594737024
281,2023,1,-0.15674184386322845,-1.2689339279998464,-0.005816682118977187,0,23,77.03818594737024,0,1.2798273676145129,-0.03924218081948963,0.2810671140598994,0.5590775685667326,0.03654853212291392,0.025218526920568293,0.12838450084981898,-0.002711998493570864,0.14023591373716973,72.79561418190018,0.0,73.44398465560013
281,2024,1,-0.15674184386322845,-1.2689339279998464,-0.005816682118977187,0,24,73.44398465560013,0,1.2822485339675889,-0.0609302009160997,0.23772489704819436,0.5114857915488102,0.054504378400288045,0.038589843921958224,0.14465594834307913,0.012016291012044367,0.12838450084981898,77.03818594737024,0.0,
282,2015,6,-1.5864465570865733,0.13212128964358658,-0.7158017472959615,1,7,49.8340604270787,0,0.9259214535729684,0.009545631797204975,0.18133220919273085,0.6551594248228481,-0.009157187696836648,0.05130077134652092,0.06788932413589091,-0.05350687035375537,,,,51.888652492276606
282,2016,6,-1.5864465570865733,0.13212128964358658,-0.7158017472959615,1,8,51.888652492276606,0,0.9841672356972114,-0.019647445219728638,0.22889713154263627,0.3642540504358154,-0.00794424094215334,0.05307798616603807,0.12885052143637957,-0.0009193518001521111,0.06788932413589091,49.8340604270787,0.0,57.94736476762859
282,2017,6,-1.5864465570865733,0.13212128964358658,-0.7158017472959615,1,9,57.94736476762859,0,1.2831638352620842,-0.06910834801381105,0.236571223444389,0.5414275063568054,0.0036829195586554316,0.03498672641550613,0.12633448215647922,-0.016707708512915673,0.12885052143637957,51.888652492276606,0.0,55.491838021549356
282,2018,6,-1.5864465570865733,0.13212128964358658,-0.7158017472959615,1,10,55.491838021549356,0,1.0299915729664055,0.11466051063590196,0.35919549788009064,0.3858647596958622,0.022416713809785903,0.039095010132550734,0.17813378187523599,0.03008216224253984,0.12633448215647922,57.94736476762859,0.0,58.1807742394789
282,2019,6,-1.5864465570865733,0.13212128964358658,-0.7158017472959615,1,11,58.1807742394789,0,1.3404532598601682,-0.0058555178695721966,0.12277265343916306,0.42059983868562983,0.04163266912008766,0.02027195440924905,0.11987823003718162,-0.03045064723671615,0.17813378187523599,55.491838021549356,0.0,61.63450294954267
282,2020,6,-1.5864465570865733,0.13212128964358658,-0.7158017472959615,1,12,61.63450294954267,0,1.8823650868498727,0.069480416051487,0.3389386232028597,0.29397182797470744,0.007017223760270746,0.05537255644059996,0.21603102921263626,0.0052388217179749124,0.11987823003718162,58.1807742394789,0.0,63.53596206589492
282,2021,6,-1.5864465570865733,0.13212128964358658,-0.7158017472959615,1,13,63.53596206589492,0,1.100234122036338,0.0347240389465019,0.12498451562584514,0.35285839615278364,0.008830615304000575,0.04944559597394845,0.13971717398812977,-0.008172932758120418,0.21603102921263626,61.63450294954267,0.0,71.45096763252529
282,2022,6,-1.5864465570865733,0.13212128964358658,-0.7158017472959615,1,14,71.45096763252529,0,1.8362717263349069,0.11265336015556435,0.42833622777821245,0.35629325727082595,0.012309941300203684,0.06729542135350004,0.21146353460855463,-0.006783860858922285,0.13971717398812977,63.53596206589492,0.0,76.69115196729514
282,2023,6,-1.5864465570865733,0.13212128964358658,-0.7158017472959615,1,15,76.69115196729514,0,1.3347038073485151,0.19905851455025061,0.15335126049642023,0.43645234504324937,0.03117199994430742,0.0518649474481589,0.19724205653738786,0.01872925263063683,0.21146353460855463,71.45096763252529,0.0,81.29104466233638
282,2024,6,-1.5864465570865733,0.13212128964358658,-0.7158017472959615,1,16,81.29104466233638,0,1.6948814989440957,0.25733264377912546,0.33578261153539574,0.5695790504471308,-0.009910016850401115,0.08968329713207003,0.21147330188446625,-0.009811785410044072,0.19724205653738786,76.69115196729514,0.0,
283,2015,0,-1.5114065212507315,-0.1391214483098214,-0.6105607789782292,1,7,54.5440444727915,0,1.2088663445743344,0.01693983471230964,0.23322383295809473,0.5050328071613811,0.016120984642070714,0.029688310889201663,0.07995708158508041,-0.042166180091936845,,,,49.218647591977266
283,2016,0,-1.5114065212507315,-0.1391214483098214,-0.6105607789782292,1,8,49.218647591977266,0,1.1834813637463066,-0.05371142487176042,0.267993876319045,0.4610113983672661,0.050572077592351744,0.058671451952520014,0.1496795123255917,0.026358086599373266,0.07995708158508041,54.5440444727915,0.0,49.77973420044178
283,2017,0,-1.5114065212507315,-0.1391214483098214,-0.6105607789782292,1,9,49.77973420044178,0,1.7035106110836562,0.16091536563535047,0.23950301448698622,0.2919333899559269,-0.021495103360301394,0.03987059192450521,0.12359835998260492,-0.05338443360201785,0.1496795123255917,49.218647591977266,0.0,46.103691423243134
283,2018,0,-1.5114065212507315,-0.1391214483098214,-0.6105607789782292,1,10,46.103691423243134,0,1.0748796166991708,0.010394332685412302,0.1184475992963864,0.35237640223039923,0.019913854133222882,0.03442375613198747,0.1341705998734706,0.018971579683902267,0.12359835998260492,49.77973420044178,0.0,39.177204114790975
283,2019,0,-1.5114065212507315,-0.1391214483098214,-0.6105607789782292,1,11,39.177204114790975,0,1.2657470747592656,0.08567967888484801,0.36624174324964764,0.3340424089885892,-0.01875588423373515,0.0687269045523931,0.1234661938113894,-0.02900250885693359,0.1341705998734706,46.103691423243134,0.0,40.799425458918634
283,2020,0,-1.5114065212507315,-0.1391214483098214,-0.6105607789782292,1,12,40.799425458918634,0,1.579991947515567,0.05697428053657089,0.16011820887420716,0.4579230895484322,0.02978209056864836,0.05900517643899606,0.14611335490981295,-0.015144756343858564,0.1234661938113894,39.177204114790975,0.0,44.21483101798083
283,2021,0,-1.5114065212507315,-0.1391214483098214,-0.6105607789782292,1,13,44.21483101798083,0,1.2977540721385585,-0.07841066474344124,0.2765977919416121,0.4828732125077845,0.03164761450638448,0.04359036439438533,0.10357020095288819,-0.029652315190667022,0.14611335490981295,40.799425458918634,0.0,38.851529173719655
283,2022,0,-1.5114065212507315,-0.1391214483098214,-0.6105607789782292,1,14,38.851529173719655,0,1.289879779055686,0.007279132557372713,0.17030202647351736,0.4917814110488676,-0.012332086382819994,0.028896655663620034,0.1314404297758272,9.164211220322633e-05,0.10357020095288819,44.21483101798083,0.0,44.434486706201305
283,2023,0,-1.5114065212507315,-0.1391214483098214,-0.6105607789782292,1,15,44.434486706201305,0,1.2142189818431184,0.06009967530857502,0.15533934588749124,0.3207874628161627,-0.0035545589693015776,0.03632380969388003,0.10175762245218986,-0.034494350796335005,0.1314404297758272,38.851529173719655,0.0,53.291567463619565
283,2024,0,-1.5114065212507315,-0.1391214483098214,-0.6105607789782292,1,16,53.291567463619565,0,1.4524014490881685,0.09410774100885153,0.17057260019079645,0.4521083997290602,0.030727475149199365,0.021924009035656458,0.1581712560132127,0.007877370501548757,0.10175762245218986,44.434486706201305,0.0,
284,2015,5,-0.0751439962588481,0.6257569255968086,-1.4499365274248037,1,12,55.000976007613815,0,1.7418483412162933,0.1011340189506408,0.5368992255286114,0.230321151412421,0.0837980047473576,0.08171377237369543,0.2246865071039094,0.006080934997723019,,,,54.83128104677165
284,2016,5,-0.0751439962588481,0.6257569255968086,-1.4499365274248037,1,13,54.83128104677165,0,1.2168554084901746,0.08322176810779602,0.2770074005367446,0.2664890555616592,0.04464603891812581,0.06398307563776581,0.20755088054053608,0.03619950118842003,0.2246865071039094,55.000976007613815,0.0,57.32129682001938
284,2017,5,-0.0751439962588481,0.6257569255968086,-1.4499365274248037,1,14,57.32129682001938,0,2.04727977306559,0.12480196789198846,0.2744435304787678,0.5834864796546404,0.08000856547813738,0.06714812101248495,0.26174966360646096,0.03381753932948693,0.20755088054053608,54.83128104677165,0.0,59.391860073188596
284,2018,5,-0.0751439962588481,0.6257569255968086,-1.4499365274248037,1,15,59.391860073188596,0,2.3815100883028046,0.21607438262192982,0.5173951128854407,0.24258138661350281,0.07462029483234385,0.030909479712392572,0.25776324773177905,-0.00961209668380573,0.26174966360646096,57.32129682001938,0.0,63.053950034893525
284,2019,5,-0.0751439962588481,0.6257569255968086,-1.4499365274248037,1,16,63.053950034893525,0,1.6063353865914876,0.15392433476039522,0.4412721020064611,0.5420089423576757,0.05636854279924628,0.09472621980369729,0.19027192289127579,-0.0256642630961286,0.25776324773177905,59.391860073188596,0.0,66.70560939290712
284,2020,5,-0.0751439962588481,0.6257569255968086,-1.4499365274248037,1,17,66.70560939290712,0,1.7108570552517839,0.10057444448782407,0.30623722622425015,0.2144307048676184,0.05230995040621662,0.05024947516456209,0.1642597299627469,-0.04457007104646032,0.19027192289127579,63.053950034893525,0.0,73.60883564540165
284,2021,5,-0.0751439962588481,0.6257569255968086,-1.4499365274248037,1,18,73.60883564540165,0,1.8393214202546153,0.14436025397820879,0.4268248847291605,0.43945252754304975,0.0640831903780138,0.059810063217445565,0.2105804189819277,-0.01298450702843538,0.1642597299627469,66.70560939290712,0.0,85.31030386439355
284,2022,5,-0.0751439962588481,0.6257569255968086,-1.4499365274248037,1,19,85.31030386439355,0,1.6282065281489986,0.1145623049854427,0.21600742384042335,0.3111552369142421,0.08137289887406092,0.04534405756591531,0.21262320205270568,0.011846381748161128,0.2105804189819277,73.60883564540165,0.0,91.78573506276054
284,2023,5,-0.0751439962588481,0.6257569255968086,-1.4499365274248037,1,20,91.78573506276054,0,2.3695874700929624,0.0070637519086269585,0.19129124234721384,0.4300066480138221,0.04049123473259486,0.046052416121852874,0.2390862305535894,-0.0037548923295595287,0.21262320205270568,85.31030386439355,0.0,96.44455332346693
284,2024,5,-0.0751439962588481,0.6257569255968086,-1.4499365274248037,1,21,96.44455332346693,0,2.3064840218154177,0.16751718711068664,0.20782725843168615,0.3421546621585698,0.08443755421904386,0.04566756972017019,0.23166093561897264,-0.022794741158397667,0.2390862305535894,91.78573506276054,0.0,
285,2015,5,-0.5314285145351281,-0.5393221758444512,1.7336972774612363,1,7,57.469548530840086,0,0.7035821666825633,-0.06710636455165944,0.16292866840411538,0.5846409820241066,0.04439049970977314,0.033986586180302966,0.10667806588450816,0.012626839584529278,,,,59.33799520842109
285,2016,5,-0.5314285145351281,-0.5393221758444512,1.7336972774612363,1,8,59.33799520842109,0,1.0943715573543842,-0.06471343183588472,0.1485689023072379,0.7011616698579133,-0.002908857012834767,0.007101272960471541,0.09839404149096297,-0.014942058180723824,0.10667806588450816,57.469548530840086,0.0,55.56776439346199
285,2017,5,-0.5314285145351281,-0.5393221758444512,1.7336972774612363,1,9,55.56776439346199,0,0.37907213431290965,0.026296085603262735,0.2490791375409308,0.48978761716713415,0.018534538232224833,0.030127677218008266,0.08246330051052563,-0.0009562766632666269,0.09839404149096297,59.33799520842109,0.0,58.43919715287498
285,2018,5,-0.5314285145351281,-0.5393221758444512,1.7336972774612363,1,10,58.43919715287498,0,0.5810045567010034,0.07701272415468632,0.2355812593709286,0.5772430844670378,-0.016550748901424873,0.025335127971156647,0.13436916447354288,0.035717056249666826,0.08246330051052563,55.56776439346199,0.0,59.48171356649144
285,2019,5,-0.5314285145351281,-0.5393221758444512,1.7336972774612363,1,11,59.48171356649144,0,1.0546015478043143,0.005297955985708083,0.1832741411783711,0.4606278549303597,0.009710517387707653,0.03741246470852455,0.14230540499537853,0.010017297323723154,0.13436916447354288,58.43919715287498,0.0,55.27975415639491
285,2020,5,-0.5314285145351281,-0.5393221758444512,1.7336972774612363,1,12,55.27975415639491,0,0.907155474788256,-0.09789380823305359,0.14867532040729456,0.7925381888319911,0.024275976238034496,0.02094737287913549,0.043152700424338684,-0.061380252380073226,0.14230540499537853,59.48171356649144,0.0,54.59237911515512
285,2021,5,-0.5314285145351281,-0.5393221758444512,1.7336972774612363,1,13,54.59237911515512,0,1.5249161866961087,-0.13113152621406185,0.16984710857055355,0.777248709042801,-0.002008489542108218,0.05767429810018266,0.16345805333479613,0.011181608182636221,0.043152700424338684,55.27975415639491,0.0,62.13058078751184
285,2022,5,-0.5314285145351281,-0.5393221758444512,1.7336972774612363,1,14,62.13058078751184,0,1.3447623607931385,0.011678263543156148,0.36175810740286474,0.668194288304434,-0.04372303942366539,0.05340752942897018,0.17463980767273035,0.011354201012078412,0.16345805333479613,54.59237911515512,0.0,67.17345054191796
285,2023,5,-0.5314285145351281,-0.5393221758444512,1.7336972774612363,1,15,67.17345054191796,0,1.5485435723379644,-0.10789550493864794,0.18549889935744207,0.4577269414258593,-0.019424256297437263,0.01582557090874208,0.13072226462393174,-0.028226845113122543,0.17463980767273035,62.13058078751184,0.0,71.02977158693626
285,2024,5,-0.5314285145351281,-0.5393221758444512,1.7336972774612363,1,16,71.02977158693626,0,1.92476682496111,-0.11499274672730687,0.16502826040004437,0.4475820769562598,-0.011022386183571292,0.013525833356363835,0.20184447612197426,0.018691950282260283,0.13072226462393174,67.17345054191796,0.0,
286,2015,1,0.04534062538622144,1.0223836929504535,-0.5302394266621137,1,5,57.20741874432868,0,1.4702749794644079,0.18380845322755043,0.1912121670776649,0.48317194942285396,0.043691021955822536,0.04766159507154589,0.15834035086116724,-0.0073248280463684085,,,,58.39059954452233
286,2016,1,0.04534062538622144,1.0223836929504535,-0.5302394266621137,1,6,58.39059954452233,1,1.4094409409262836,0.22634918565284523,0.38402533629177604,0.2727273998189276,0.039090264028262496,0.04297633366770794,0.1656809248108383,-0.010717191303548491,0.15834035086116724,57.20741874432868,0.0,57.29808045360628
286,2017,1,0.04534062538622144,1.0223836929504535,-0.5302394266621137,1,7,57.29808045360628,0,1.4906703517503594,0.29598251170668965,0.2788787216728553,0.3733817836548618,0.06761059492296066,0.051835434963089067,0.15731498091379342,-0.027794296377784068,0.1656809248108383,58.39059954452233,1.0,56.87691659265923
286,2018,1,0.04534062538622144,1.0223836929504535,-0.5302394266621137,1,8,56.87691659265923,1,1.6586523850317987,0.20629652854896943,0.2615695895165632,0.3239220590192036,0.05776887059015029,0.04222422273646155,0.15372763815324142,-0.035195001300658516,0.15731498091379342,57.29808045360628,0.0,54.76983693633722
286,2019,1,0.04534062538622144,1.0223836929504535,-0.5302394266621137,1,9,54.76983693633722,0,1.9148468873469542,0.18459049574765216,0.421998485772816,0.3092646375900459,0.05031357402290424,0.04476351433011664,0.27036617988618955,0.05780055270571249,0.15372763815324142,56.87691659265923,1.0,58.4064265621366
286,2020,1,0.04534062538622144,1.0223836929504535,-0.5302394266621137,1,10,58.4064265621366,1,1.9398788665043956,0.16246823568042879,0.3837582222145276,0.46831466607953437,0.04142743432420903,0.0464349097459569,0.21162420558213638,-0.002299950803265391,0.27036617988618955,54.76983693633722,0.0,59.39489141619972
286,2021,1,0.04534062538622144,1.0223836929504535,-0.5302394266621137,1,11,59.39489141619972,0,2.076578593711039,0.128455343182798,0.2575894771109602,0.5502938325543076,0.06306977981246677,0.06593249414864603,0.2242126692033157,0.005733554613965301,0.21162420558213638,58.4064265621366,1.0,62.07861612578622
286,2022,1,0.04534062538622144,1.0223836929504535,-0.5302394266621137,1,12,62.07861612578622,1,2.1562382344228888,0.13556277896746693,0.25538323381459027,0.3599521602519274,0.06207892178956982,0.05253867548273966,0.27878789605331505,0.05249059941063232,0.2242126692033157,59.39489141619972,0.0,62.922719159612164
286,2023,1,0.04534062538622144,1.0223836929504535,-0.5302394266621137,1,13,62.922719159612164,0,2.208224444585548,0.10385102811143732,0.20209575760809095,0.32669550021263943,0.009244976127477829,0.06492245877251913,0.23425001550453267,0.0022001041547870604,0.27878789605331505,62.07861612578622,1.0,64.32315123298397
286,2024,1,0.04534062538622144,1.0223836929504535,-0.5302394266621137,1,14,64.32315123298397,0,2.0440337328944738,0.0901151829802948,0.16995737575236036,0.2984901428550389,0.04962222313082246,0.07300847394204397,0.22808986611350285,0.007879682229698558,0.23425001550453267,62.922719159612164,0.0,
287,2015,5,-0.1404888548180773,-0.581567696670819,0.5112382097606014,0,31,55.652794864824926,0,0.801868729373744,-0.03511291232414031,0.131291136498521,0.34913606767608923,0.02702723286453564,0.005186697186474378,0.08477752700606621,-0.014860930606428695,,,,53.10392901140409
287,2016,5,-0.1404888548180773,-0.581567696670819,0.5112382097606014,0,32,53.10392901140409,0,0.6208043746515399,-0.10828718358482557,0.2390636924891759,0.6311290801055045,0.04467608624950586,0.07150227157770728,0.07254952190138336,-0.02264232132714521,0.08477752700606621,55.652794864824926,0.0,62.14928992037161
287,2017,5,-0.1404888548180773,-0.581567696670819,0.5112382097606014,0,33,62.14928992037161,0,1.2284955991933688,-0.02537168558654861,0.36730194823833756,0.48856391802875937,0.02275471980523823,0.018899309466101678,0.15264066789911657,0.01316392619852029,0.07254952190138336,53.10392901140409,0.0,61.29029215455784
287,2018,5,-0.1404888548180773,-0.581567696670819,0.5112382097606014,0,34,61.29029215455784,0,1.0213176631260112,-0.03801397769821989,0.40698784494123913,0.5798864862500753,0.029178940499527933,0.05025366111188938,0.08477905476061467,-0.0500069506519609,0.15264066789911657,62.14928992037161,0.0,60.44092649272816
287,2019,5,-0.1404888548180773,-0.581567696670819,0.5112382097606014,0,35,60.44092649272816,0,1.4037428992299659,-0.027933361065838876,0.09924019186807143,0.47248787213529253,0.00417094134362711,0.02833627976414838,0.17567271690961295,0.028615045695654782,0.08477905476061467,61.29029215455784,0.0,66.66185395949253
287,2020,5,-0.1404888548180773,-0.581567696670819,0.5112382097606014,0,36,66.66185395949253,0,1.4946804831613871,-0.10165000076734311,0.20612795292130237,0.527174268907932,0.07212121165072832,0.05250122305206894,0.20400129565938419,0.043610809921447086,0.17567271690961295,60.44092649272816,0.0,62.372524287327046
287,2021,5,-0.1404888548180773,-0.581567696670819,0.5112382097606014,0,37,62.372524287327046,0,1.5395525730305577,-0.09080730953214913,0.34653740423108387,0.46157581677827053,0.04926566432131976,0.04732869566731171,0.19443913155710232,0.023197475793759668,0.20400129565938419,66.66185395949253,0.0,72.57837810644958
287,2022,5,-0.1404888548180773,-0.581567696670819,0.5112382097606014,0,38,72.57837810644958,0,1.3997241829552811,-0.07800858157377125,0.282518024954326,0.5440117101274876,0.023939209856497716,0.04008891592375717,0.1864209514211805,0.028731727805798694,0.19443913155710232,62.372524287327046,0.0,72.56331226868308
287,2023,5,-0.1404888548180773,-0.581567696670819,0.5112382097606014,0,39,72.56331226868308,1,1.3169170212104713,0.035722133108125304,0.20027151487716077,0.5497521670896379,0.037628680540642556,0.044973810565095536,0.10663180133235532,-0.05265165794676312,0.1864209514211805,72.57837810644958,0.0,73.94359756159228
287,2024,5,-0.1404888548180773,-0.581567696670819,0.5112382097606014,0,40,73.94359756159228,0,1.2788766028403629,-0.07023964382802324,0.3286863468095837,0.38381669313734523,0.015425058777217575,0.01412735966912904,0.12371962791895515,-0.023547922493639444,0.10663180133235532,72.56331226868308,1.0,
288,2015,4,0.7817232768114295,1.0637009248422873,0.44695610283958015,1,31,63.67924463926846,0,1.6460000142614568,0.2410882709569158,0.41591183754764416,0.460560489418652,0.05677552495409546,0.07089337548146399,0.1728692666880518,-0.03018047801760539,,,,66.09203561189231
288,2016,4,0.7817232768114295,1.0637009248422873,0.44695610283958015,1,32,66.09203561189231,0,1.5136552898797615,0.3467608279631976,0.2772985058211465,0.422131481480469,0.0667962660073367,0.057613505537110025,0.19277004206523737,-0.004577323488512566,0.1728692666880518,63.67924463926846,0.0,70.31098946597382
288,2017,4,0.7817232768114295,1.0637009248422873,0.44695610283958015,1,33,70.31098946597382,0,2.075069413517549,0.03999041231288755,0.29618484948945817,0.6855490781662924,0.04691327106460387,0.04263289690064212,0.16991186830179422,-0.03789719717268749,0.19277004206523737,66.09203561189231,0.0,74.57373191684772
288,2018,4,0.7817232768114295,1.0637009248422873,0.44695610283958015,1,34,74.57373191684772,1,2.0372450592825038,0.16330147521393207,0.4822283141424455,0.2838045704401234,0.0626263661772177,0.05078177922441571,0.2473511193170072,0.01712429966672724,0.16991186830179422,70.31098946597382,0.0,80.74314547880279
288,2019,4,0.7817232768114295,1.0637009248422873,0.44695610283958015,1,35,80.74314547880279,0,2.4328625883628408,0.18419866915049446,0.25970155267951933,0.335029047726638,0.046258376555397315,0.08637583033566179,0.2151349987171205,-0.04753886581278462,0.2473511193170072,74.57373191684772,1.0,83.36056027147968
288,2020,4,0.7817232768114295,1.0637009248422873,0.44695610283958015,1,36,83.36056027147968,0,2.444285188270458,0.1983151763167893,0.4905427677293738,0.44788961103353847,0.05282172792891656,0.08427144549568023,0.22760465399198074,-0.0423639102219586,0.2151349987171205,80.74314547880279,0.0,88.8389752869658
288,2021,4,0.7817232768114295,1.0637009248422873,0.44695610283958015,1,37,88.8389752869658,0,2.114335427561353,0.06264025201954304,0.23627512354383512,0.46181562176380064,0.047619946319736615,0.06808975988432148,0.26529866686870646,0.04003759072232895,0.22760465399198074,83.36056027147968,0.0,89.7252284047207
288,2022,4,0.7817232768114295,1.0637009248422873,0.44695610283958015,1,38,89.7252284047207,0,2.145175443714054,0.06762520808834814,0.2492504944694985,0.2846399287046312,0.050852084679694785,0.07182639415218417,0.2728613773956363,0.038245611623652254,0.26529866686870646,88.8389752869658,0.0,94.67287536826898
288,2023,4,0.7817232768114295,1.0637009248422873,0.44695610283958015,1,39,94.67287536826898,0,2.079369120310356,0.26319039239000624,0.416890878014422,0.3869127847466213,0.05082898869629573,0.060104039645292366,0.22857786518875728,-0.018693902114766268,0.2728613773956363,89.7252284047207,0.0,100.0
288,2024,4,0.7817232768114295,1.0637009248422873,0.44695610283958015,1,40,100.0,1,2.448863371984863,0.34496430603685485,0.2087531468771877,0.3921052775360095,0.07093241996887471,0.056641050329596335,0.29741136592083317,0.026866653406443543,0.22857786518875728,94.67287536826898,0.0,
289,2015,5,0.09209155138918411,-1.894466348150003,1.1716367571326316,1,13,66.02112645095272,0,0.5058616427354181,-0.13679709305687854,0.19317083544047958,0.644456206928905,0.047650239834664154,-0.001505297446673758,0.026629309069521132,-0.026430867694547774,,,,70.14467122959547
289,2016,5,0.09209155138918411,-1.894466348150003,1.1716367571326316,1,14,70.14467122959547,0,0.5412876423191785,-0.26787535729364925,0.11432274996414002,0.5620826540089928,0.03781693655011454,0.0004004227869013992,0.08477555325468085,0.04217304390546445,0.026629309069521132,66.02112645095272,0.0,74.10048696041399
289,2017,5,0.09209155138918411,-1.894466348150003,1.1716367571326316,1,15,74.10048696041399,0,0.16165490145772926,-0.10379455670733165,0.2469341360482665,0.3378415445526097,0.05400786141266674,0.01286015358691445,0.009513396720109688,-0.03339947592642199,0.08477555325468085,70.14467122959547,0.0,84.2501693816341
289,2018,5,0.09209155138918411,-1.894466348150003,1.1716367571326316,1,16,84.2501693816341,0,0.0021124403372180245,-0.07699190443797066,0.20718756661540558,0.5486166548842262,0.01904957612324031,0.006377237403093941,0.016172268240848192,-0.009272502930341835,0.009513396720109688,74.10048696041399,0.0,87.4808884450995
289,2019,5,0.09209155138918411,-1.894466348150003,1.1716367571326316,1,17,87.4808884450995,0,0.45398930033791285,-0.08830808749877139,0.2007143886241006,0.5287855936389656,0.028237578963680746,0.01064212994788665,0.07806522173802587,0.019493400435100058,0.016172268240848192,84.2501693816341,0.0,93.64714204827123
289,2020,5,0.09209155138918411,-1.894466348150003,1.1716367571326316,1,18,93.64714204827123,0,0.16055615599403694,-0.1776011641756166,0.18470877929699195,0.5606049086367545,-0.025224067605349752,0.03582714946636746,0.044080087750892644,0.004919703437558744,0.07806522173802587,87.4808884450995,0.0,97.09905905840596
289,2021,5,0.09209155138918411,-1.894466348150003,1.1716367571326316,1,19,97.09905905840596,0,0.5815651812346805,-0.017981408612938815,0.19961685843519397,0.36621229924946597,0.00035734586204163796,0.005872936379931948,0.13416189232489462,0.0566174935381364,0.044080087750892644,93.64714204827123,0.0,100.0
289,2022,5,0.09209155138918411,-1.894466348150003,1.1716367571326316,1,20,100.0,0,1.1175163445682545,-0.07125585803549297,0.16992376507906576,0.5054730754810817,0.03449162332562142,0.03193848635887776,0.10221707538924164,-0.015450308539789254,0.13416189232489462,97.09905905840596,0.0,100.0
289,2023,5,0.09209155138918411,-1.894466348150003,1.1716367571326316,1,21,100.0,0,0.2502005939672527,-0.19741133953556728,0.22655745462476604,0.4632865838708516,0.023722004296541678,0.010024872413108593,0.06286669607570988,0.017789739618445807,0.10221707538924164,100.0,0.0,100.0
289,2024,5,0.09209155138918411,-1.894466348150003,1.1716367571326316,1,22,100.0,0,1.0662062654860507,-0.06769922491935912,0.17082828639405961,0.5638920050807588,-0.013208628815029294,0.034760237993002374,0.16158677448364106,0.048110560086296626,0.06286669607570988,100.0,0.0,
290,2015,6,-0.48848384634453196,-1.23020847588084,0.6752836188884023,0,16,55.996797614751394,0,0.8079463336577323,-0.030867245924361693,0.2309600993161231,0.5422069645198719,0.04040621864088487,0.03225110498888389,0.07398933275920465,-0.03480332308731433,,,,59.342887083880235
290,2016,6,-0.48848384634453196,-1.23020847588084,0.6752836188884023,0,17,59.342887083880235,0,0.4439035246074667,-0.21145792578868455,0.21030504868072836,0.6506312905229289,0.005259312774889214,0.040725892630063924,0.1049034663918797,0.0364738450049538,0.07398933275920465,55.996797614751394,0.0,63.586683419617806
290,2017,6,-0.48848384634453196,-1.23020847588084,0.6752836188884023,0,18,63.586683419617806,0,0.6857845533902022,0.027418186320918178,0.15650459058132252,0.4017674447776184,0.015277851200978812,0.015008489411353786,0.06098350752636899,-0.04105701941034525,0.1049034663918797,59.342887083880235,0.0,70.42616256827256
290,2018,6,-0.48848384634453196,-1.23020847588084,0.6752836188884023,0,19,70.42616256827256,0,1.3221922966379036,-0.0883114101326058,0.20489917044052547,0.5140228052786147,0.007733440331231757,0.028571950814228277,0.10336900517677408,-0.036795955421687405,0.06098350752636899,63.586683419617806,0.0,76.9113779632271
290,2019,6,-0.48848384634453196,-1.23020847588084,0.6752836188884023,0,20,76.9113779632271,0,1.0391417077752305,0.021075434451475278,0.19346506133700248,0.4426259199874076,-0.014193872314943914,0.022793545222567685,0.085333268024214,-0.04526157394596712,0.10336900517677408,70.42616256827256,0.0,75.42826004144118
290,2020,6,-0.48848384634453196,-1.23020847588084,0.6752836188884023,0,21,75.42826004144118,0,1.0929151355088573,-0.12563371916222424,0.17713694264146423,0.6108809817938037,0.007670603603705077,0.01929690401355691,0.16970078048157033,0.05038053863633387,0.085333268024214,76.9113779632271,0.0,72.7278961712244
290,2021,6,-0.48848384634453196,-1.23020847588084,0.6752836188884023,0,22,72.7278961712244,0,0.8331074838040432,0.11216363409578124,0.20180258136807647,0.3711033318967037,0.034635377036464826,0.02038800447912473,0.167317271617955,0.03896565280103782,0.16970078048157033,75.42826004144118,0.0,72.45490572010189
290,2022,6,-0.48848384634453196,-1.23020847588084,0.6752836188884023,0,23,72.45490572010189,0,1.524981417404407,-0.17400463284563808,0.1388774029130313,0.6921452209880475,-0.011819239101217849,-0.022491996011895176,0.1755839373044482,0.03719072132884388,0.167317271617955,72.7278961712244,0.0,78.95990895207187
290,2023,6,-0.48848384634453196,-1.23020847588084,0.6752836188884023,0,24,78.95990895207187,0,1.2819959960823386,-0.08734347858145998,0.2527336413989421,0.36594057220127585,0.003198081934112567,0.03419613533281087,0.18709766111401133,0.03502958252766001,0.1755839373044482,72.45490572010189,0.0,85.72590058742827
290,2024,6,-0.48848384634453196,-1.23020847588084,0.6752836188884023,0,25,85.72590058742827,0,1.2999931537278044,-0.09096233988713479,0.19207156783211457,0.5243276642641671,0.015076692579726771,0.017639423400211705,0.13045924564717828,-0.015218015733295944,0.18709766111401133,78.95990895207187,0.0,
291,2015,3,-0.9052544725272557,-0.49354611849963986,-0.14939191354474496,0,35,54.48379485830696,0,0.910220825980871,-0.011336817910116849,0.29966405637062415,0.30046875870109346,0.034854806852056046,0.05088270434767102,0.1041716817297501,-0.014566949075052418,,,,58.2636802235247
291,2016,3,-0.9052544725272557,-0.49354611849963986,-0.14939191354474496,0,36,58.2636802235247,0,1.1402287095468073,-0.02777892521467724,0.13524133137006591,0.3874290643069997,0.010096138502435919,0.06981712070120671,0.18148476523267537,0.05039789688017074,0.1041716817297501,54.48379485830696,0.0,54.72544083297543
291,2017,3,-0.9052544725272557,-0.49354611849963986,-0.14939191354474496,0,37,54.72544083297543,0,0.8380266351672673,-0.052157115523438144,0.1645585970049235,0.48588112396253347,0.027989651445613977,0.028660403109529133,0.11746042767651481,0.015862188703798116,0.18148476523267537,58.2636802235247,0.0,56.82802652370894
291,2018,3,-0.9052544725272557,-0.49354611849963986,-0.14939191354474496,0,38,56.82802652370894,0,1.0833153729118183,0.08046091515569927,0.26838721783378244,0.4752497761091556,0.0042018379063704075,0.018120103869515836,0.12341936899516645,-0.005455679271306332,0.11746042767651481,54.72544083297543,0.0,62.23362005204425
291,2019,3,-0.9052544725272557,-0.49354611849963986,-0.14939191354474496,0,39,62.23362005204425,0,1.3526141588309584,0.04759853438568215,0.42372095241446467,0.4631679769257071,0.034215961540235686,0.048173663994796306,0.10818985790442029,-0.050846461689234256,0.12341936899516645,56.82802652370894,0.0,70.56140761689532
291,2020,3,-0.9052544725272557,-0.49354611849963986,-0.14939191354474496,0,40,70.56140761689532,0,0.8936089182090835,-0.08391851772400312,0.23401943718524384,0.4921463154965712,0.0403933276095668,0.06102734701980408,0.10809440552239127,-0.0052099193997830456,0.10818985790442029,62.23362005204425,0.0,72.78590551409603
291,2021,3,-0.9052544725272557,-0.49354611849963986,-0.14939191354474496,0,41,72.78590551409603,0,1.82526992882069,0.09622904520004473,0.32347096595930697,0.4339824199144686,0.002462350372829044,0.0443736147860692,0.14922138293989703,-0.044154334324833365,0.10809440552239127,70.56140761689532,0.0,75.08957707097683
291,2022,3,-0.9052544725272557,-0.49354611849963986,-0.14939191354474496,0,42,75.08957707097683,0,1.2315371455137467,0.021626011833477288,0.3121162122775265,0.39124923995267713,0.033225650448506346,0.05192595419608302,0.17571148384418322,0.024944025779065564,0.14922138293989703,72.78590551409603,0.0,79.5598853102344
291,2023,3,-0.9052544725272557,-0.49354611849963986,-0.14939191354474496,0,43,79.5598853102344,0,1.4907918774603606,0.004320700671313585,0.21098157410125737,0.4959247173274074,0.02711214147662787,0.03598155380588534,0.16838930169017743,0.007935840212969081,0.17571148384418322,75.08957707097683,0.0,79.82671360789918
291,2024,3,-0.9052544725272557,-0.49354611849963986,-0.14939191354474496,0,44,79.82671360789918,0,1.60689310065276,-0.016348585056324867,0.5984999829538298,0.3734791592293038,-0.009575851584210739,0.024629351555758523,0.20465017346268843,0.02371994132889854,0.16838930169017743,79.5598853102344,0.0,
292,2015,8,0.21645450396019447,0.11138044189218178,1.1810186794940771,1,35,61.31209528041222,0,1.0314591689807746,0.052626273081573735,0.1911663451410758,0.42914694808053705,0.05148616919567746,0.04589244476351646,0.1514817047090316,0.009612709397618725,,,,57.7061263417222
292,2016,8,0.21645450396019447,0.11138044189218178,1.1810186794940771,1,36,57.7061263417222,0,0.9304274116851565,0.04466250724220963,0.4952636377506008,0.5827660764182786,0.014477656420844934,0.024740735807065147,0.15761800223032152,0.018303284831467863,0.1514817047090316,61.31209528041222,0.0,64.06814191573014
292,2017,8,0.21645450396019447,0.11138044189218178,1.1810186794940771,1,37,64.06814191573014,0,1.3924562377813907,0.07050048911586325,0.2958375169739507,0.47141016088586146,0.042051642856656274,0.04717080544912314,0.13711581110832616,-0.03787695144110713,0.15761800223032152,57.7061263417222,0.0,60.58370633736521
292,2018,8,0.21645450396019447,0.11138044189218178,1.1810186794940771,1,38,60.58370633736521,0,1.9996373599002153,0.08660311082078392,0.5180678299055804,0.4234914253074268,0.018103620237457808,0.0596644032836904,0.25681952194740393,0.026319835216084327,0.13711581110832616,64.06814191573014,0.0,61.431447241964904
292,2019,8,0.21645450396019447,0.11138044189218178,1.1810186794940771,1,39,61.431447241964904,0,1.334420120729118,0.07395346780705167,0.28468206278318703,0.4987779629496147,0.013375165805130495,0.049085622548179136,0.21906805546494593,0.0428494479182761,0.25681952194740393,60.58370633736521,0.0,64.13926312729473
292,2020,8,0.21645450396019447,0.11138044189218178,1.1810186794940771,1,40,64.13926312729473,0,1.5112544751893764,0.08849339525731018,0.28495710076027586,0.4519054620151762,0.019738428199025333,0.046344598503371505,0.20963330506432576,0.020044203657842236,0.21906805546494593,61.431447241964904,0.0,63.12886729703149
292,2021,8,0.21645450396019447,0.11138044189218178,1.1810186794940771,1,41,63.12886729703149,0,1.786952730264939,0.09006047002176956,0.11652015610101628,0.5374564057762488,0.046815018492048034,0.05038302112865572,0.18271343713897625,-0.02045548361915139,0.20963330506432576,64.13926312729473,0.0,68.09452789929516
292,2022,8,0.21645450396019447,0.11138044189218178,1.1810186794940771,1,42,68.09452789929516,0,2.235525632043645,-0.0036562310464777897,0.44646667053315175,0.3786408029792466,0.04662290905350067,0.08825273918507501,0.28947019891599224,0.038755278982413786,0.18271343713897625,63.12886729703149,0.0,68.6354203025865
292,2023,8,0.21645450396019447,0.11138044189218178,1.1810186794940771,1,43,68.6354203025865,0,1.4942578638379138,0.06983014176274738,0.1252462442325746,0.5057492415122622,0.0164619949269726,0.06512072853667328,0.229516268778364,0.03929315725954612,0.28947019891599224,68.09452789929516,0.0,67.72547806175407
292,2024,8,0.21645450396019447,0.11138044189218178,1.1810186794940771,1,44,67.72547806175407,0,1.1023735649970199,0.02373129937836585,0.17383521823837694,0.4897045647353299,0.03338572474988949,0.06389292783689748,0.11272773068728184,-0.04721470329026728,0.229516268778364,68.6354203025865,0.0,
293,2015,8,-0.32313345121103465,0.0776200634783358,0.7949227572407941,1,8,58.22443324707212,0,1.3503195485185042,0.07879465328871504,0.365698583473116,0.4691276864925166,0.03862284942288299,0.06618760190452923,0.22196513904809928,0.040253485305048346,,,,56.43510915486753
293,2016,8,-0.32313345121103465,0.0776200634783358,0.7949227572407941,1,9,56.43510915486753,0,1.4709704822730327,-0.03671259486349345,0.19483394548169627,0.49242466026446924,0.006839950264305667,0.04917145832802734,0.2332637146876892,0.05751408020674369,0.22196513904809928,58.22443324707212,0.0,58.417894704599505
293,2017,8,-0.32313345121103465,0.0776200634783358,0.7949227572407941,1,10,58.417894704599505,1,2.083359715099273,0.0668644856712562,0.28478752317766964,0.43762045317401266,0.0063717648992103575,0.03517024283969063,0.23311100306737637,0.004415819716432354,0.2332637146876892,56.43510915486753,0.0,52.71180211964352
293,2018,8,-0.32313345121103465,0.0776200634783358,0.7949227572407941,1,11,52.71180211964352,0,1.045711516270586,0.10386423324899362,0.19263486683057368,0.7892091982747421,0.01573107708529014,0.023136546126309367,0.184386837659674,0.03687908269315791,0.23311100306737637,58.417894704599505,1.0,56.42640800856865
293,2019,8,-0.32313345121103465,0.0776200634783358,0.7949227572407941,1,12,56.42640800856865,0,1.827234770283351,0.0004907344871858954,0.29917516107914904,0.4992845793042385,0.006172479049321309,0.03915080956438964,0.21027622192603787,0.0038893633441056926,0.184386837659674,52.71180211964352,0.0,55.52132875691354
293,2020,8,-0.32313345121103465,0.0776200634783358,0.7949227572407941,1,13,55.52132875691354,0,1.9985223170534905,0.12445747501550819,0.25538536033958026,0.5401167794990872,-0.007052717400242707,0.027671276269920747,0.20652609851581766,-0.018146607041851177,0.21027622192603787,56.42640800856865,0.0,61.409867896997696
293,2021,8,-0.32313345121103465,0.0776200634783358,0.7949227572407941,1,14,61.409867896997696,0,2.3007540519707668,0.03041271000158826,0.26212294526532764,0.5185375934432311,0.014534216220335962,0.0716581708658471,0.2501508017528444,-0.00023474013210166776,0.20652609851581766,55.52132875691354,0.0,63.05573080798802
293,2022,8,-0.32313345121103465,0.0776200634783358,0.7949227572407941,1,15,63.05573080798802,0,1.7063345124435871,-0.01922786527942428,0.09042521263599385,0.4419462597724451,0.0014605932562971047,0.06911506525612236,0.19568536446588622,-0.006678940193188084,0.2501508017528444,61.409867896997696,0.0,68.84243313795685
293,2023,8,-0.32313345121103465,0.0776200634783358,0.7949227572407941,1,16,68.84243313795685,0,2.2365012418182126,-0.004726203759458043,0.11235562437949474,0.6263801853511837,0.03545950183220005,0.07091495282144264,0.20393038399948038,-0.033588653915400515,0.19568536446588622,63.05573080798802,0.0,80.87805462052832
293,2024,8,-0.32313345121103465,0.0776200634783358,0.7949227572407941,1,17,80.87805462052832,0,1.9764704246766918,0.11176713849134062,0.3498694539821804,0.367522147089503,0.04041383335519999,0.052409780986708905,0.2783143334667141,0.04025563719643844,0.20393038399948038,68.84243313795685,0.0,
294,2015,7,-0.8756646393524291,-0.616615841796056,1.4548346264689647,1,32,65.14165214002166,0,0.4823375691314861,-0.07377969768076406,0.09892944923924947,0.3352980936117827,-0.0006765668714496572,0.04400361714207855,0.019641707648232684,-0.07289825408320785,,,,66.37114945646304
294,2016,7,-0.8756646393524291,-0.616615841796056,1.4548346264689647,1,33,66.37114945646304,0,0.6851935405213685,-0.016239757250965506,0.23925609171373466,0.6142391607026443,-0.0011740624713366455,0.05743774285158665,0.10406042116720254,-0.0074627560536111425,0.019641707648232684,65.14165214002166,0.0,59.5993309591996
294,2017,7,-0.8756646393524291,-0.616615841796056,1.4548346264689647,1,34,59.5993309591996,0,0.6969662037443407,-0.13743076368062565,0.1541809372801575,0.6647124216395783,0.002474303192164534,0.058316384063670734,0.04313675053487795,-0.06039178097922257,0.10406042116720254,66.37114945646304,0.0,60.02795294779909
294,2018,7,-0.8756646393524291,-0.616615841796056,1.4548346264689647,1,35,60.02795294779909,0,0.7225143822520059,-0.08042530424525775,0.18718258623692258,0.5702856455229798,0.005563030491501519,0.05842159960178928,0.09355967442979278,-0.017779249822718335,0.04313675053487795,59.5993309591996,0.0,55.12344386655311
294,2019,7,-0.8756646393524291,-0.616615841796056,1.4548346264689647,1,36,55.12344386655311,0,1.0769927384463316,-0.10482035281253037,0.24207084431342374,0.37761386294322213,0.005846099934526579,0.057373642141866486,0.13175887429313754,-0.01047685949008389,0.09355967442979278,60.02795294779909,0.0,58.16346864917002
294,2020,7,-0.8756646393524291,-0.616615841796056,1.4548346264689647,1,37,58.16346864917002,0,1.319304385779032,-0.008127627862513,0.24566086393189562,0.5559184013608721,0.011896953364448981,0.050297103221201574,0.15132059128351105,-0.012754449222843682,0.13175887429313754,55.12344386655311,0.0,65.64777611357576
294,2021,7,-0.8756646393524291,-0.616615841796056,1.4548346264689647,1,38,65.64777611357576,0,1.3396340456931026,-0.05882825164965004,0.1205443247822485,0.5240408909142915,0.012104730831344435,0.02074768959978257,0.18977678074116763,0.036998199545325766,0.15132059128351105,58.16346864917002,0.0,71.30904125198613
294,2022,7,-0.8756646393524291,-0.616615841796056,1.4548346264689647,1,39,71.30904125198613,0,1.1235818287096757,-0.11902665095396145,0.1566390874534659,0.43783871623729115,-0.022328648046166757,0.052271978609444644,0.06957218442021419,-0.07597937057988331,0.18977678074116763,65.64777611357576,0.0,71.1560886424552
294,2023,7,-0.8756646393524291,-0.616615841796056,1.4548346264689647,1,40,71.1560886424552,0,1.0165775820714527,-0.06620717457080424,0.19155603838745752,0.420810546505418,-0.034288810764900673,0.019273205807082104,0.16216619900427978,0.02941175881803442,0.06957218442021419,71.30904125198613,0.0,72.5849939208466
294,2024,7,-0.8756646393524291,-0.616615841796056,1.4548346264689647,1,41,72.5849939208466,0,1.0625087135666305,-0.1381996836723154,0.14285205403195994,0.5306336491910676,-0.0003574156050134721,0.014277926467848437,0.13633954905392803,0.006358946883999116,0.16216619900427978,71.1560886424552,0.0,
295,2015,4,0.012712018380786729,-0.6760526183803599,-0.8682982878390428,1,22,58.87054721342,0,1.1553431372823009,0.020855259014335804,0.1405319281702392,0.4369042972741524,0.049754677626981804,0.04050258285350351,0.08095720883859504,-0.04507346375155723,,,,56.70828966376546
295,2016,4,0.012712018380786729,-0.6760526183803599,-0.8682982878390428,1,23,56.70828966376546,0,1.1628696186303007,0.0887352603623477,0.3228701997223131,0.4498091795351942,0.04801035548668864,0.041042508829950995,0.14676147744764084,0.0092057141544701,0.08095720883859504,58.87054721342,0.0,54.26199215838527
295,2017,4,0.012712018380786729,-0.6760526183803599,-0.8682982878390428,1,24,54.26199215838527,0,1.0317693523970564,-0.035819368436007956,0.5522916841702596,0.37613152247704157,0.03633519627996403,0.057218368087793466,0.12428078900381777,-0.011135905306494434,0.14676147744764084,56.70828966376546,0.0,59.59455863414011
295,2018,4,0.012712018380786729,-0.6760526183803599,-0.8682982878390428,1,25,59.59455863414011,0,1.234014126905145,0.09041927101647776,0.2654582481955761,0.3442107643985278,0.025851176840463536,0.015671457338439443,0.12899152957862914,-0.011242986724599746,0.12428078900381777,54.26199215838527,0.0,70.90829014482988
295,2019,4,0.012712018380786729,-0.6760526183803599,-0.8682982878390428,1,26,70.90829014482988,0,1.2317737495218983,-0.04902507515867036,0.31409833167309525,0.343048826236257,0.02661209957288621,0.033330558957464285,0.14852913265322343,0.011959981628829717,0.12899152957862914,59.59455863414011,0.0,81.46932309891031
295,2020,4,0.012712018380786729,-0.6760526183803599,-0.8682982878390428,1,27,81.46932309891031,0,1.178752402788318,0.0028214253086513473,0.21593742216565198,0.3015597824721073,0.06211706506855575,0.018573116005410166,0.14628701975614652,0.013940100284421771,0.14852913265322343,70.90829014482988,0.0,81.16552228630778
295,2021,4,0.012712018380786729,-0.6760526183803599,-0.8682982878390428,1,28,81.16552228630778,0,1.5604708757164047,0.09181673850947332,0.4737223800835722,0.4830015058683738,0.04956487840616438,0.028277278955077513,0.1356147302597226,-0.03903713684005005,0.14628701975614652,81.46932309891031,0.0,77.03223309477664
295,2022,4,0.012712018380786729,-0.6760526183803599,-0.8682982878390428,1,29,77.03223309477664,0,1.47364418467701,0.10683495845920643,0.22899872391969497,0.42700175921720074,0.030125217189449976,0.04046157071903257,0.17745264338184766,0.011880753711282409,0.1356147302597226,81.16552228630778,0.0,77.76525700744176
295,2023,4,0.012712018380786729,-0.6760526183803599,-0.8682982878390428,1,30,77.76525700744176,0,1.695324092437275,0.04278438886345653,0.19276455851216404,0.48067198603167827,0.0562046276956676,0.03896896631293047,0.20025840021658306,0.02408594164853376,0.17745264338184766,77.03223309477664,0.0,84.34718235571239
295,2024,4,0.012712018380786729,-0.6760526183803599,-0.8682982878390428,1,31,84.34718235571239,1,1.8297656418114832,0.004171613228514359,0.2650769796070563,0.43010233390569297,0.056867313630266765,0.05829411352079826,0.1863103163379421,-0.006061266337295355,0.20025840021658306,77.76525700744176,0.0,
296,2015,9,-0.6132546046401582,-1.8869761104899578,-1.6994183870019082,1,26,54.98119075925179,0,0.28559985720504394,-0.13104817076112668,0.2916496518479827,0.469346502281361,0.05858482279854648,0.03630071409327137,0.14525229693648545,0.06823524959949069,,,,54.59450095983442
296,2016,9,-0.6132546046401582,-1.8869761104899578,-1.6994183870019082,1,27,54.59450095983442,1,0.8693383316016264,0.018078435094279033,0.2282185019324692,0.2236940879044176,0.016901764392081787,0.014467580764015836,0.09184303142729759,-0.036284067495403596,0.14525229693648545,54.98119075925179,0.0,52.4163067028054
296,2017,9,-0.6132546046401582,-1.8869761104899578,-1.6994183870019082,1,28,52.4163067028054,0,0.718448751473108,-0.2102142216782743,0.28853950698464004,0.38106761357112,0.06718499381573348,-0.004642525186851945,0.06836648006731069,-0.0260902620417569,0.09184303142729759,54.59450095983442,1.0,50.408786346996
296,2018,9,-0.6132546046401582,-1.8869761104899578,-1.6994183870019082,1,29,50.408786346996,0,0.7853304043748113,-0.022314658919519406,0.26391753100125975,0.31693001490304273,0.03971249067430521,0.037688902069827716,0.17154294498444864,0.04810476337731137,0.06836648006731069,52.4163067028054,0.0,53.78211582624033
296,2019,9,-0.6132546046401582,-1.8869761104899578,-1.6994183870019082,1,30,53.78211582624033,0,0.4098177223107391,-0.178739481602438,0.36541573872927313,0.3261842302784135,0.06590634549505711,0.004536781234611072,0.13966601625005373,0.0538735342148966,0.17154294498444864,50.408786346996,0.0,54.780844261408376
296,2020,9,-0.6132546046401582,-1.8869761104899578,-1.6994183870019082,1,31,54.780844261408376,0,0.06617170721562671,-0.09146868990419547,0.26767254131911866,0.30185131357435147,0.06251061326301449,0.01196347862464874,0.1110936514562348,0.04420165261504479,0.13966601625005373,53.78211582624033,0.0,57.19455979118442
296,2021,9,-0.6132546046401582,-1.8869761104899578,-1.6994183870019082,1,32,57.19455979118442,0,0.7362512769355475,-0.37642214155800846,0.4604879062283031,0.2459269570696213,0.0833550843743695,0.0115958249906391,0.12209830652951442,0.022001663596665208,0.1110936514562348,54.780844261408376,0.0,56.74996532874179
296,2022,9,-0.6132546046401582,-1.8869761104899578,-1.6994183870019082,1,33,56.74996532874179,1,0.6396606128589606,-0.17082680691275828,0.2990041258990466,0.3699973747565103,0.035336855666450485,0.007058815258263563,0.07614653491491526,-0.025064862490197085,0.12209830652951442,57.19455979118442,0.0,63.31158516947234
296,2023,9,-0.6132546046401582,-1.8869761104899578,-1.6994183870019082,1,34,63.31158516947234,0,0.4952828827543061,-0.05355812212899412,0.3454388494087956,0.28844258396956235,0.04889057758103388,0.006350690554588385,0.10995987334353734,0.0077377448183184976,0.07614653491491526,56.74996532874179,1.0,68.27270796606709
296,2024,9,-0.6132546046401582,-1.8869761104899578,-1.6994183870019082,1,35,68.27270796606709,0,0.7868966092549591,-0.04956472445570845,0.33553790351165674,0.3307781465281551,0.0663801573242866,0.017208843184077498,0.11454993827350986,-0.011956924649580855,0.10995987334353734,63.31158516947234,0.0,
297,2015,4,0.012166906682752015,1.042004912445383,-1.101258660767587,0,12,61.724880642253964,0,1.2495429855682543,0.13395528807656465,0.2567468897408486,0.46733316449357504,0.06273195001696813,0.04336949212749802,0.16830476701638802,-0.0013400570289520465,,,,59.759745651261404
297,2016,4,0.012166906682752015,1.042004912445383,-1.101258660767587,0,13,59.759745651261404,0,1.5974154637647913,0.14316547765235008,0.3230925455067513,0.36681498988691597,0.05196468608219493,0.05475704016444982,0.2275401204598002,0.023412230733719768,0.16830476701638802,61.724880642253964,0.0,60.62942219709483
297,2017,4,0.012166906682752015,1.042004912445383,-1.101258660767587,0,14,60.62942219709483,0,1.626718015270062,0.23047758732188442,0.26245652600836145,0.5219325135927239,0.06561879322457548,0.06152355928918216,0.22537694520425416,0.012934307987529994,0.2275401204598002,59.759745651261404,0.0,65.9975298306464
297,2018,4,0.012166906682752015,1.042004912445383,-1.101258660767587,0,15,65.9975298306464,0,1.6061905581898988,0.0774737879639665,0.25970712453823663,0.367606795047065,0.0562571549551918,0.0808320072075478,0.24119530109468143,0.033618005055765086,0.22537694520425416,60.62942219709483,0.0,69.05221930280707
297,2019,4,0.012166906682752015,1.042004912445383,-1.101258660767587,0,16,69.05221930280707,0,1.8045092030513445,0.1828309738777154,0.35034452371031954,0.4156788194736957,0.054918831657475735,0.048467590632209775,0.2716961142060768,0.04591788490814729,0.24119530109468143,65.9975298306464,0.0,72.04629908462572
297,2020,4,0.012166906682752015,1.042004912445383,-1.101258660767587,0,17,72.04629908462572,0,2.2169325982413293,0.20530208432360636,0.6902540002283405,0.3118198209055951,0.04375596981675986,0.05389822450148987,0.28622870365983183,0.012812635513971712,0.2716961142060768,69.05221930280707,0.0,77.31772371664498
297,2021,4,0.012166906682752015,1.042004912445383,-1.101258660767587,0,18,77.31772371664498,1,1.8041743570337525,0.19124543266347682,0.2817832195613541,0.3697055664203607,0.04185084287199043,0.04788168107170829,0.16849626461344408,-0.05975889267279723,0.28622870365983183,72.04629908462572,0.0,82.57561535056725
297,2022,4,0.012166906682752015,1.042004912445383,-1.101258660767587,0,19,82.57561535056725,0,2.3612629351883236,0.19184218374266554,0.33160947246426953,0.15233058788312812,0.06695131655943298,0.07814391893468191,0.2904260810268798,0.01363361913174673,0.16849626461344408,77.31772371664498,1.0,85.6682668802613
297,2023,4,0.012166906682752015,1.042004912445383,-1.101258660767587,0,20,85.6682668802613,0,1.9934867798216496,0.06206187489840333,0.2746011312548607,0.1895478200216311,0.057506745213778625,0.09133293729710168,0.20797825227452307,-0.0389721712586276,0.2904260810268798,82.57561535056725,0.0,89.86823119879217
297,2024,4,0.012166906682752015,1.042004912445383,-1.101258660767587,0,21,89.86823119879217,1,2.469594047513329,0.21643108832440278,0.49079737415259467,0.39732761796562327,0.033907869380776084,0.0740423066068849,0.3003890055217975,0.010569069169932851,0.20797825227452307,85.6682668802613,0.0,
298,2015,6,-0.43471802813719657,0.6492658840872157,-1.0329083049970198,1,24,59.20527598428816,0,1.4235891757892956,0.08659096274340232,0.38497350088414,0.3680569807945125,0.03795692761676581,0.05419720550865785,0.17534315611175216,-0.0013333735692470608,,,,64.03253002146272
298,2016,6,-0.43471802813719657,0.6492658840872157,-1.0329083049970198,1,25,64.03253002146272,0,1.534727785828599,0.1652491014157742,0.29545768827098184,0.462042633960655,0.020544789098962596,0.0629237300986912,0.1650864419864716,-0.02538846671887468,0.17534315611175216,59.20527598428816,0.0,68.65680174540014
298,2017,6,-0.43471802813719657,0.6492658840872157,-1.0329083049970198,1,26,68.65680174540014,0,2.06680080856276,0.039842504576175705,0.16908354389314886,0.38721309974386486,0.07646195871786601,0.07413390558075188,0.18309705256954467,-0.035360664893390174,0.1650864419864716,64.03253002146272,0.0,72.24913664597892
298,2018,6,-0.43471802813719657,0.6492658840872157,-1.0329083049970198,1,27,72.24913664597892,0,1.6718844606114571,0.11375237769693863,0.36601416278974985,0.37340821347144826,0.043468024776758034,0.06438760518979758,0.20817368221548044,0.005287086730306921,0.18309705256954467,68.65680174540014,0.0,73.17347518337053
298,2019,6,-0.43471802813719657,0.6492658840872157,-1.0329083049970198,1,28,73.17347518337053,0,1.5172312018670178,0.18572059684416092,0.47654939274563746,0.27938222865810647,0.023219840822797523,0.08127934668375303,0.1845542397384649,-0.02422822742695319,0.20817368221548044,72.24913664597892,0.0,74.18870873076588
298,2020,6,-0.43471802813719657,0.6492658840872157,-1.0329083049970198,1,29,74.18870873076588,0,2.3502184602454483,0.0590092614167769,0.19872922836802326,0.4124552758203923,0.07526531275121542,0.03700886430055679,0.26738029662976476,0.031919983571878634,0.1845542397384649,73.17347518337053,0.0,76.0536402438178
298,2021,6,-0.43471802813719657,0.6492658840872157,-1.0329083049970198,1,30,76.0536402438178,0,1.649266617205879,0.0822737358353061,0.14701100246520496,0.3963389024730482,0.0853577247726651,0.05632899529046528,0.18170559032364214,-0.013255428235391822,0.26738029662976476,74.18870873076588,0.0,79.44573167088214
298,2022,6,-0.43471802813719657,0.6492658840872157,-1.0329083049970198,1,31,79.44573167088214,0,1.8745681753596466,0.0208559589604512,0.4601463587438987,0.33811999397870923,0.03917151951505431,0.06194478445361398,0.2005694772265357,-0.016857011747110188,0.18170559032364214,76.0536402438178,0.0,76.57663480135803
298,2023,6,-0.43471802813719657,0.6492658840872157,-1.0329083049970198,1,32,76.57663480135803,0,1.9257999630046654,0.1272784647662673,0.15098281797928614,0.4011556093558264,0.08387981625303653,0.045633009311455724,0.18868370442875212,-0.026263860370836594,0.2005694772265357,79.44573167088214,0.0,82.85346799340944
298,2024,6,-0.43471802813719657,0.6492658840872157,-1.0329083049970198,1,33,82.85346799340944,0,1.9761309489794685,0.056838940040856156,0.40295870662481625,0.3495516646943084,0.04611446288599246,-0.0011956494522564753,0.24560564893339637,0.03285644592705262,0.18868370442875212,76.57663480135803,0.0,
299,2015,3,0.5146566110867339,-0.40944874447619634,-0.7529773896807476,1,11,60.959080028983564,0,0.9979591252760637,0.09928162307846967,0.3487380005508734,0.4592163196877872,0.08611411269299085,0.06196517302625698,0.12348667702272781,-0.009304948981729403,,,,62.024616958549686
299,2016,3,0.5146566110867339,-0.40944874447619634,-0.7529773896807476,1,12,62.024616958549686,0,1.112311925754665,0.07759474025467715,0.3765898700658552,0.45717193216735685,0.07613335911180608,0.012265164867047727,0.11771847086403958,-0.012153981189704711,0.12348667702272781,60.959080028983564,0.0,66.22535485216373
299,2017,3,0.5146566110867339,-0.40944874447619634,-0.7529773896807476,1,13,66.22535485216373,0,1.581177534591057,0.11404610415514473,0.36369538661702727,0.45899747370061245,0.05425529032778432,0.012931998129346253,0.173179495903634,0.00728528117234014,0.11771847086403958,62.024616958549686,0.0,71.12214890667315
299,2018,3,0.5146566110867339,-0.40944874447619634,-0.7529773896807476,1,14,71.12214890667315,0,1.0721749570447565,-0.02231586970718029,0.3347145159646793,0.5512059713434025,0.07155057282180145,0.052732724091248656,0.17334447779696943,0.0438863721163701,0.173179495903634,66.22535485216373,0.0,72.17225647488017
299,2019,3,0.5146566110867339,-0.40944874447619634,-0.7529773896807476,1,15,72.17225647488017,0,0.9998748750355052,0.0399652676148343,0.2839258833790775,0.3846930409693223,0.06632796885994552,0.07315179952690416,0.16782375395123067,0.03183377638942295,0.17334447779696943,71.12214890667315,0.0,71.30502000551844
299,2020,3,0.5146566110867339,-0.40944874447619634,-0.7529773896807476,1,16,71.30502000551844,1,1.7633460597971002,-0.05995133926529744,0.23927454324906455,0.31851939045555916,0.10504169327215288,0.02415287035368143,0.19403959350104144,0.022935028761676707,0.16782375395123067,72.17225647488017,0.0,78.87199749085256
299,2021,3,0.5146566110867339,-0.40944874447619634,-0.7529773896807476,1,17,78.87199749085256,0,1.3606467469781085,0.08769243307925503,0.272925677898142,0.35209225203931904,0.03240687796212728,0.04384757856822594,0.17080073527192732,0.009791024026251972,0.19403959350104144,71.30502000551844,1.0,79.92733278802896
299,2022,3,0.5146566110867339,-0.40944874447619634,-0.7529773896807476,1,18,79.92733278802896,0,1.8132035274562808,0.03617562127982427,0.28522604871891666,0.463480083273105,0.06622621958945754,0.09090181771050951,0.22921720347250507,0.030957631497089775,0.17080073527192732,78.87199749085256,0.0,82.77651502561413
299,2023,3,0.5146566110867339,-0.40944874447619634,-0.7529773896807476,1,19,82.77651502561413,1,1.7350038453427103,0.003880391775995074,0.26181217704278725,0.42605873198918887,0.06690579085021903,0.03178226190085261,0.1480483264045504,-0.03161630297537287,0.22921720347250507,79.92733278802896,0.0,90.19647712314818
299,2024,3,0.5146566110867339,-0.40944874447619634,-0.7529773896807476,1,20,90.19647712314818,0,1.8953095299387988,0.07034018208138537,0.2642220957506764,0.24245533708711733,0.035995155378753904,0.036021741949594885,0.15356453225772498,-0.0448293572936745,0.1480483264045504,82.77651502561413,1.0,
